condition,training_seed,global_step,policy_mode,seed,return,length,flag_get,progress,terminated,truncated,decision_cap_reached
baseline,0,100000,sampled,2000000,21.21499999999994,91,False,0.19839679358717435,True,False,False
baseline,0,100000,sampled,2000001,-2.5724999999999945,36,False,0.0683366733466934,True,False,False
baseline,0,100000,sampled,2000002,65.32875,210,False,0.4405010020040085,True,False,False
baseline,0,100000,sampled,2000003,90.15499999999967,258,False,0.575738142952572,True,False,False
baseline,0,100000,sampled,2000004,65.75874999999992,166,False,0.44044756179024724,True,False,False
baseline,0,100000,sampled,2000005,26.776249999999926,92,False,0.22816967267869037,True,False,False
baseline,0,100000,sampled,2000006,-1.5587499999999928,29,False,0.0733800935203741,True,False,False
baseline,0,100000,sampled,2000007,62.96374999999991,155,False,0.4249231796927187,True,False,False
baseline,0,100000,sampled,2000008,-2.302499999999995,34,False,0.06967267869071476,True,False,False
baseline,0,100000,sampled,2000009,56.60500000000001,152,False,0.3907815631262525,True,False,False
baseline,0,100000,sampled,2000010,25.57062499999997,112,False,0.22279559118236456,True,False,False
baseline,0,100000,sampled,2000011,56.264999999999965,186,False,0.3907815631262525,True,False,False
baseline,0,100000,sampled,2000012,-1.4787499999999945,28,False,0.07375417501670008,True,False,False
baseline,0,100000,sampled,2000013,78.99499999999975,213,False,0.5136940547762191,True,False,False
baseline,0,100000,sampled,2000014,63.37874999999993,190,False,0.4290113560454243,True,False,False
baseline,0,100000,sampled,2000015,61.22249999999986,222,False,0.41919839679358717,True,False,False
baseline,0,100000,sampled,2000016,26.144999999999968,100,False,0.2252237808951236,True,False,False
baseline,0,100000,sampled,2000017,64.43124999999988,162,False,0.43313961255845024,True,False,False
baseline,0,100000,sampled,2000018,21.20499999999997,92,False,0.19839679358717435,True,False,False
baseline,0,100000,sampled,2000019,24.06249999999993,119,False,0.2151102204408817,True,False,False
baseline,0,100000,greedy,4000000,-1.4424999999999955,28,False,0.07394789579158317,True,False,False
baseline,0,200000,sampled,2000000,65.81499999999998,173,False,0.44112224448897835,True,False,False
baseline,0,200000,sampled,2000001,78.72499999999975,240,False,0.5136940547762191,True,False,False
baseline,0,200000,sampled,2000002,63.321249999999985,208,False,0.4296659986639949,True,False,False
baseline,0,200000,sampled,2000003,14.22499999999994,90,False,0.16098864395457582,True,False,False
baseline,0,200000,sampled,2000004,27.551250000000017,85,False,0.23193720774883117,True,False,False
baseline,0,200000,sampled,2000005,56.234999999999964,162,False,0.38933867735470945,True,False,False
baseline,0,200000,sampled,2000006,64.4874999999999,198,False,0.4353640614562459,True,False,False
baseline,0,200000,sampled,2000007,20.94499999999993,118,False,0.19839679358717435,True,False,False
baseline,0,200000,sampled,2000008,29.25999999999999,99,False,0.24181696726786908,True,False,False
baseline,0,200000,sampled,2000009,21.264999999999958,86,False,0.19839679358717435,True,False,False
baseline,0,200000,sampled,2000010,22.312499999999908,136,False,0.2066666666666667,True,False,False
baseline,0,200000,sampled,2000011,-1.6037499999999856,30,False,0.07319305277221114,True,False,False
baseline,0,200000,sampled,2000012,61.30749999999984,248,False,0.42104208416833655,True,False,False
baseline,0,200000,sampled,2000013,232.74812500000021,450,True,1.0,True,False,False
baseline,0,200000,sampled,2000014,131.87499999999991,325,False,0.8022712090848363,True,False,False
baseline,0,200000,sampled,2000015,24.996249999999968,97,False,0.21892451569806287,True,False,False
baseline,0,200000,sampled,2000016,9.879999999999972,65,False,0.13643286573146293,True,False,False
baseline,0,200000,sampled,2000017,56.44500000000003,168,False,0.3907815631262525,True,False,False
baseline,0,200000,sampled,2000018,21.464999999999982,66,False,0.19839679358717435,True,False,False
baseline,0,200000,sampled,2000019,-2.561874999999988,36,False,0.06839345357381434,True,False,False
baseline,0,200000,greedy,4000000,-1.572499999999998,29,False,0.07330661322645289,True,False,False
baseline,0,300000,sampled,2000000,24.201249999999945,106,False,0.21515698062792246,True,False,False
baseline,0,300000,sampled,2000001,-2.742499999999998,37,False,0.06748162992651968,True,False,False
baseline,0,300000,sampled,2000002,28.705,96,False,0.238690714762859,True,False,False
baseline,0,300000,sampled,2000003,10.283124999999975,69,False,0.13880093520374084,True,False,False
baseline,0,300000,sampled,2000004,27.67000000000001,84,False,0.2325183700734804,True,False,False
baseline,0,300000,sampled,2000005,27.689999999999998,81,False,0.23246492985971945,True,False,False
baseline,0,300000,sampled,2000006,-2.2649999999999917,34,False,0.06987307949231798,True,False,False
baseline,0,300000,sampled,2000007,21.024999999999928,110,False,0.19839679358717435,True,False,False
baseline,0,300000,sampled,2000008,64.09874999999978,201,False,0.4334468937875744,True,False,False
baseline,0,300000,sampled,2000009,29.68625000000001,80,False,0.2430794923179693,True,False,False
baseline,0,300000,sampled,2000010,65.91749999999996,163,False,0.4411356045424184,True,False,False
baseline,0,300000,sampled,2000011,21.29499999999998,83,False,0.19839679358717435,True,False,False
baseline,0,300000,sampled,2000012,-1.4137499999999932,28,False,0.07410153640614564,True,False,False
baseline,0,300000,sampled,2000013,25.22312499999999,101,False,0.2203507014028056,True,False,False
baseline,0,300000,sampled,2000014,-1.4637499999999974,29,False,0.07388777555110221,True,False,False
baseline,0,300000,sampled,2000015,107.51874999999947,261,False,0.668690714762859,True,False,False
baseline,0,300000,sampled,2000016,90.45999999999964,226,False,0.5756579826319305,True,False,False
baseline,0,300000,sampled,2000017,24.983749999999993,97,False,0.21885771543086183,True,False,False
baseline,0,300000,sampled,2000018,63.91875000000001,158,False,0.4301870407481634,True,False,False
baseline,0,300000,sampled,2000019,-1.5187499999999954,29,False,0.07359385437541752,True,False,False
baseline,0,300000,greedy,4000000,-1.4337499999999963,27,False,0.07394121576486305,True,False,False
baseline,0,400000,sampled,2000000,106.72374999999946,310,False,0.667060788243153,True,False,False
baseline,0,400000,sampled,2000001,26.78375000000002,99,False,0.22858383433533758,True,False,False
baseline,0,400000,sampled,2000002,66.04499999999999,146,False,0.440908483633935,True,False,False
baseline,0,400000,sampled,2000003,233.36500000000072,384,True,1.0,True,False,False
baseline,0,400000,sampled,2000004,21.31499999999997,81,False,0.19839679358717435,True,False,False
baseline,0,400000,sampled,2000005,132.21499999999992,291,False,0.8022712090848363,True,False,False
baseline,0,400000,sampled,2000006,28.836875000000028,94,False,0.23928857715430876,True,False,False
baseline,0,400000,sampled,2000007,233.26375000000064,396,True,1.0,True,False,False
baseline,0,400000,sampled,2000008,28.569999999999936,126,False,0.2395724782899131,True,False,False
baseline,0,400000,sampled,2000009,21.214999999999954,91,False,0.19839679358717435,True,False,False
baseline,0,400000,sampled,2000010,232.77000000000103,442,True,1.0,True,False,False
baseline,0,400000,sampled,2000011,21.30499999999998,82,False,0.19839679358717435,True,False,False
baseline,0,400000,sampled,2000012,48.565000000000126,156,False,0.34802939211756845,True,False,False
baseline,0,400000,sampled,2000013,233.09750000000045,405,True,1.0,True,False,False
baseline,0,400000,sampled,2000014,24.190624999999947,106,False,0.21510020040080155,True,False,False
baseline,0,400000,sampled,2000015,65.91375000000008,155,False,0.4406880427521717,True,False,False
baseline,0,400000,sampled,2000016,63.34374999999999,200,False,0.4293587174348696,True,False,False
baseline,0,400000,sampled,2000017,26.75625000000001,89,False,0.22790247160988644,True,False,False
baseline,0,400000,sampled,2000018,27.675624999999982,84,False,0.23254843019372076,True,False,False
baseline,0,400000,sampled,2000019,107.83499999999948,229,False,0.6686706746826987,True,False,False
baseline,0,400000,greedy,4000000,29.68312499999999,88,False,0.2434903139612558,True,False,False
baseline,0,500000,sampled,2000000,26.767500000000013,83,False,0.22764195056780226,True,False,False
baseline,0,500000,sampled,2000001,21.454999999999984,67,False,0.19839679358717435,True,False,False
baseline,0,500000,sampled,2000002,26.704999999999913,91,False,0.22773547094188337,True,False,False
baseline,0,500000,sampled,2000003,29.23499999999997,94,False,0.24141616566466256,True,False,False
baseline,0,500000,sampled,2000004,233.46500000000066,373,True,1.0,True,False,False
baseline,0,500000,sampled,2000005,89.72374999999961,253,False,0.5731663326653307,True,False,False
baseline,0,500000,sampled,2000006,233.22500000000062,393,True,1.0,True,False,False
baseline,0,500000,sampled,2000007,233.3662500000005,384,True,1.0,True,False,False
baseline,0,500000,sampled,2000008,233.00625000000082,420,True,1.0,True,False,False
baseline,0,500000,sampled,2000009,233.13750000000067,404,True,1.0,True,False,False
baseline,0,500000,sampled,2000010,88.29499999999963,255,False,0.5656379425517702,True,False,False
baseline,0,500000,sampled,2000011,43.79500000000007,142,False,0.32179024716098864,True,False,False
baseline,0,500000,sampled,2000012,21.394999999999982,73,False,0.19839679358717435,True,False,False
baseline,0,500000,sampled,2000013,63.85999999999991,152,False,0.42955243820975275,True,False,False
baseline,0,500000,sampled,2000014,233.48875000000066,366,True,1.0,True,False,False
baseline,0,500000,sampled,2000015,233.23750000000047,392,True,1.0,True,False,False
baseline,0,500000,sampled,2000016,132.02499999999978,310,False,0.8022712090848363,True,False,False
baseline,0,500000,sampled,2000017,232.56500000000113,462,True,1.0,True,False,False
baseline,0,500000,sampled,2000018,-2.351249999999995,35,False,0.06946559786239144,True,False,False
baseline,0,500000,sampled,2000019,233.55750000000023,364,True,1.0,True,False,False
baseline,0,500000,greedy,4000000,129.11500000000083,401,False,0.7114228456913828,False,True,False
baseline,0,600000,sampled,2000000,233.54500000000058,364,True,1.0,True,False,False
baseline,0,600000,sampled,2000001,233.5525000000007,370,True,1.0,True,False,False
baseline,0,600000,sampled,2000002,233.31250000000057,394,True,1.0,True,False,False
baseline,0,600000,sampled,2000003,27.144999999999975,80,False,0.2294989979959919,True,False,False
baseline,0,600000,sampled,2000004,233.62250000000031,357,True,1.0,True,False,False
baseline,0,600000,sampled,2000005,233.6150000000006,360,True,1.0,True,False,False
baseline,0,600000,sampled,2000006,26.681250000000013,84,False,0.22723446893787572,True,False,False
baseline,0,600000,sampled,2000007,233.7075000000006,347,True,1.0,True,False,False
baseline,0,600000,sampled,2000008,132.34499999999983,278,False,0.8022712090848363,True,False,False
baseline,0,600000,sampled,2000009,233.57250000000067,368,True,1.0,True,False,False
baseline,0,600000,sampled,2000010,233.76250000000059,349,True,1.0,True,False,False
baseline,0,600000,sampled,2000011,233.17500000000084,404,True,1.0,True,False,False
baseline,0,600000,sampled,2000012,138.1712500000001,287,False,0.8338877755511022,True,False,False
baseline,0,600000,sampled,2000013,27.787499999999994,75,False,0.2326653306613226,True,False,False
baseline,0,600000,sampled,2000014,232.9487500000007,427,True,1.0,True,False,False
baseline,0,600000,sampled,2000015,233.3962500000006,380,True,1.0,True,False,False
baseline,0,600000,sampled,2000016,233.45500000000058,376,True,1.0,True,False,False
baseline,0,600000,sampled,2000017,233.4212500000008,371,True,1.0,True,False,False
baseline,0,600000,sampled,2000018,233.83750000000038,332,True,1.0,True,False,False
baseline,0,600000,sampled,2000019,21.32499999999996,80,False,0.19839679358717435,True,False,False
baseline,0,600000,greedy,4000000,233.4375000000007,374,True,1.0,True,False,False
baseline,0,700000,sampled,2000000,233.8987500000004,330,True,1.0,True,False,False
baseline,0,700000,sampled,2000001,26.682500000000047,83,False,0.22718770875083516,True,False,False
baseline,0,700000,sampled,2000002,233.5375000000008,366,True,1.0,True,False,False
baseline,0,700000,sampled,2000003,233.50375000000054,370,True,1.0,True,False,False
baseline,0,700000,sampled,2000004,233.55625000000055,369,True,1.0,True,False,False
baseline,0,700000,sampled,2000005,27.5175,114,False,0.23330661322645274,True,False,False
baseline,0,700000,sampled,2000006,26.339375000000025,87,False,0.2255678022712091,True,False,False
baseline,0,700000,sampled,2000007,138.6975000000001,307,False,0.8377688710754843,True,False,False
baseline,0,700000,sampled,2000008,139.69624999999982,289,False,0.8421442885771545,True,False,False
baseline,0,700000,sampled,2000009,28.116249999999958,99,False,0.235704742818971,True,False,False
baseline,0,700000,sampled,2000010,28.142500000000027,110,False,0.236432865731463,True,False,False
baseline,0,700000,sampled,2000011,233.3862500000007,378,True,1.0,True,False,False
baseline,0,700000,sampled,2000012,138.90999999999994,289,False,0.8379425517702072,True,False,False
baseline,0,700000,sampled,2000013,65.92749999999994,156,False,0.4408149632598531,True,False,False
baseline,0,700000,sampled,2000014,139.58500000000006,296,False,0.841923847695391,True,False,False
baseline,0,700000,sampled,2000015,138.8625,280,False,0.8372077488309956,True,False,False
baseline,0,700000,sampled,2000016,107.87499999999953,225,False,0.6686706746826987,True,False,False
baseline,0,700000,sampled,2000017,233.41937500000054,377,True,1.0,True,False,False
baseline,0,700000,sampled,2000018,233.32500000000076,383,True,1.0,True,False,False
baseline,0,700000,sampled,2000019,233.35000000000082,381,True,1.0,True,False,False
baseline,0,700000,greedy,4000000,233.63500000000056,357,True,1.0,True,False,False
baseline,0,800000,sampled,2000000,233.52875000000057,375,True,1.0,True,False,False
baseline,0,800000,sampled,2000001,89.67374999999974,187,False,0.5693720774883102,True,False,False
baseline,0,800000,sampled,2000002,-1.261250000000004,27,False,0.07486305945223777,True,False,False
baseline,0,800000,sampled,2000003,26.319999999999972,84,False,0.2253039412157646,True,False,False
baseline,0,800000,sampled,2000004,233.49500000000066,368,True,1.0,True,False,False
baseline,0,800000,sampled,2000005,233.84250000000034,333,True,1.0,True,False,False
baseline,0,800000,sampled,2000006,66.0249999999999,151,False,0.441068804275217,True,False,False
baseline,0,800000,sampled,2000007,233.44000000000057,370,True,1.0,True,False,False
baseline,0,800000,sampled,2000008,232.98000000000062,423,True,1.0,True,False,False
baseline,0,800000,sampled,2000009,233.48250000000058,367,True,1.0,True,False,False
baseline,0,800000,sampled,2000010,56.87500000000001,125,False,0.3907815631262525,True,False,False
baseline,0,800000,sampled,2000011,233.4568750000001,369,True,1.0,True,False,False
baseline,0,800000,sampled,2000012,233.7281250000003,352,True,1.0,True,False,False
baseline,0,800000,sampled,2000013,27.21375000000001,97,False,0.23077488309953223,True,False,False
baseline,0,800000,sampled,2000014,233.41750000000044,371,True,1.0,True,False,False
baseline,0,800000,sampled,2000015,27.78374999999999,75,False,0.23264529058116226,True,False,False
baseline,0,800000,sampled,2000016,233.18000000000046,406,True,1.0,True,False,False
baseline,0,800000,sampled,2000017,107.8749999999995,225,False,0.6686706746826987,True,False,False
baseline,0,800000,sampled,2000018,233.2637500000009,396,True,1.0,True,False,False
baseline,0,800000,sampled,2000019,56.56625000000003,133,False,0.38955911823647316,True,False,False
baseline,0,800000,greedy,4000000,51.68500000000033,244,False,0.2892451569806279,False,True,False
baseline,0,900000,sampled,2000000,233.53000000000063,366,True,1.0,True,False,False
baseline,0,900000,sampled,2000001,137.91124999999994,270,False,0.8315898463593858,True,False,False
baseline,0,900000,sampled,2000002,233.75750000000056,339,True,1.0,True,False,False
baseline,0,900000,sampled,2000003,90.66749999999966,196,False,0.5751636606546426,True,False,False
baseline,0,900000,sampled,2000004,28.664375000000007,94,False,0.23836673346693385,True,False,False
baseline,0,900000,sampled,2000005,56.88125,120,False,0.39054776219104875,True,False,False
baseline,0,900000,sampled,2000006,66.17999999999995,142,False,0.4414161656646628,True,False,False
baseline,0,900000,sampled,2000007,233.83375000000026,341,True,1.0,True,False,False
baseline,0,900000,sampled,2000008,56.62500000000002,150,False,0.3907815631262525,True,False,False
baseline,0,900000,sampled,2000009,56.915,121,False,0.3907815631262525,True,False,False
baseline,0,900000,sampled,2000010,233.8025000000005,338,True,1.0,True,False,False
baseline,0,900000,sampled,2000011,56.70624999999996,133,False,0.39030728122912467,True,False,False
baseline,0,900000,sampled,2000012,65.95374999999991,153,False,0.44079492317969265,True,False,False
baseline,0,900000,sampled,2000013,233.94000000000037,328,True,1.0,True,False,False
baseline,0,900000,sampled,2000014,233.88875000000039,331,True,1.0,True,False,False
baseline,0,900000,sampled,2000015,66.12249999999996,149,False,0.4414829659318638,True,False,False
baseline,0,900000,sampled,2000016,233.55625000000066,362,True,1.0,True,False,False
baseline,0,900000,sampled,2000017,233.7275000000005,348,True,1.0,True,False,False
baseline,0,900000,sampled,2000018,233.80875000000034,337,True,1.0,True,False,False
baseline,0,900000,sampled,2000019,233.81000000000057,344,True,1.0,True,False,False
baseline,0,900000,greedy,4000000,233.7787500000004,340,True,1.0,True,False,False
baseline,0,1000000,sampled,2000000,64.27124999999994,132,False,0.43068136272545093,True,False,False
baseline,0,1000000,sampled,2000001,233.87875000000045,330,True,1.0,True,False,False
baseline,0,1000000,sampled,2000002,233.96375000000037,321,True,1.0,True,False,False
baseline,0,1000000,sampled,2000003,56.835000000000015,129,False,0.3907815631262525,True,False,False
baseline,0,1000000,sampled,2000004,233.74500000000043,341,True,1.0,True,False,False
baseline,0,1000000,sampled,2000005,233.9700000000004,321,True,1.0,True,False,False
baseline,0,1000000,sampled,2000006,234.0075000000004,317,True,1.0,True,False,False
baseline,0,1000000,sampled,2000007,29.005000000000003,87,False,0.23981295925183693,True,False,False
baseline,0,1000000,sampled,2000008,233.79000000000036,337,True,1.0,True,False,False
baseline,0,1000000,sampled,2000009,29.055,82,False,0.23981295925183693,True,False,False
baseline,0,1000000,sampled,2000010,233.9700000000004,329,True,1.0,True,False,False
baseline,0,1000000,sampled,2000011,66.13999999999992,136,False,0.4408817635270541,True,False,False
baseline,0,1000000,sampled,2000012,233.9687500000004,321,True,1.0,True,False,False
baseline,0,1000000,sampled,2000013,233.96750000000043,323,True,1.0,True,False,False
baseline,0,1000000,sampled,2000014,233.89375000000047,328,True,1.0,True,False,False
baseline,0,1000000,sampled,2000015,233.8587500000003,332,True,1.0,True,False,False
baseline,0,1000000,sampled,2000016,233.89500000000035,326,True,1.0,True,False,False
baseline,0,1000000,sampled,2000017,233.91000000000045,327,True,1.0,True,False,False
baseline,0,1000000,sampled,2000018,233.93750000000037,321,True,1.0,True,False,False
baseline,0,1000000,sampled,2000019,234.00750000000036,315,True,1.0,True,False,False
baseline,0,1000000,greedy,4000000,234.02875000000034,315,True,1.0,True,False,False
baseline,0,1100000,sampled,2000000,233.9125000000006,336,True,1.0,True,False,False
baseline,0,1100000,sampled,2000001,233.99750000000034,315,True,1.0,True,False,False
baseline,0,1100000,sampled,2000002,234.03875000000036,314,True,1.0,True,False,False
baseline,0,1100000,sampled,2000003,233.72000000000062,346,True,1.0,True,False,False
baseline,0,1100000,sampled,2000004,28.904999999999973,83,False,0.2390647962591848,True,False,False
baseline,0,1100000,sampled,2000005,233.95875000000046,331,True,1.0,True,False,False
baseline,0,1100000,sampled,2000006,234.0750000000004,320,True,1.0,True,False,False
baseline,0,1100000,sampled,2000007,234.01875000000038,325,True,1.0,True,False,False
baseline,0,1100000,sampled,2000008,234.08000000000038,314,True,1.0,True,False,False
baseline,0,1100000,sampled,2000009,233.96875000000034,329,True,1.0,True,False,False
baseline,0,1100000,sampled,2000010,234.04500000000033,323,True,1.0,True,False,False
baseline,0,1100000,sampled,2000011,233.94750000000047,322,True,1.0,True,False,False
baseline,0,1100000,sampled,2000012,233.9837500000003,327,True,1.0,True,False,False
baseline,0,1100000,sampled,2000013,233.9775000000004,326,True,1.0,True,False,False
baseline,0,1100000,sampled,2000014,233.92875000000035,324,True,1.0,True,False,False
baseline,0,1100000,sampled,2000015,233.85375000000042,340,True,1.0,True,False,False
baseline,0,1100000,sampled,2000016,90.95374999999966,184,False,0.5760521042084168,True,False,False
baseline,0,1100000,sampled,2000017,66.20874999999991,136,False,0.44124916499665995,True,False,False
baseline,0,1100000,sampled,2000018,28.8375,83,False,0.23870407481629918,True,False,False
baseline,0,1100000,sampled,2000019,234.04875000000035,313,True,1.0,True,False,False
baseline,0,1100000,greedy,4000000,234.1350000000004,314,True,1.0,True,False,False
baseline,0,1200000,sampled,2000000,233.9862500000004,321,True,1.0,True,False,False
baseline,0,1200000,sampled,2000001,132.57499999999985,255,False,0.8022712090848363,True,False,False
baseline,0,1200000,sampled,2000002,234.1037500000004,314,True,1.0,True,False,False
baseline,0,1200000,sampled,2000003,233.93250000000043,320,True,1.0,True,False,False
baseline,0,1200000,sampled,2000004,233.82750000000058,334,True,1.0,True,False,False
baseline,0,1200000,sampled,2000005,233.92875000000043,322,True,1.0,True,False,False
baseline,0,1200000,sampled,2000006,233.92875000000038,325,True,1.0,True,False,False
baseline,0,1200000,sampled,2000007,233.9825000000003,319,True,1.0,True,False,False
baseline,0,1200000,sampled,2000008,108.01499999999953,211,False,0.6686706746826987,True,False,False
baseline,0,1200000,sampled,2000009,234.0387500000004,309,True,1.0,True,False,False
baseline,0,1200000,sampled,2000010,233.9687500000003,321,True,1.0,True,False,False
baseline,0,1200000,sampled,2000011,234.0087500000003,315,True,1.0,True,False,False
baseline,0,1200000,sampled,2000012,234.0012500000004,316,True,1.0,True,False,False
baseline,0,1200000,sampled,2000013,234.06000000000043,314,True,1.0,True,False,False
baseline,0,1200000,sampled,2000014,234.05375000000038,309,True,1.0,True,False,False
baseline,0,1200000,sampled,2000015,234.0750000000003,309,True,1.0,True,False,False
baseline,0,1200000,sampled,2000016,234.1300000000004,314,True,1.0,True,False,False
baseline,0,1200000,sampled,2000017,234.1900000000004,309,True,1.0,True,False,False
baseline,0,1200000,sampled,2000018,233.97250000000045,319,True,1.0,True,False,False
baseline,0,1200000,sampled,2000019,132.57499999999985,255,False,0.8022712090848363,True,False,False
baseline,0,1200000,greedy,4000000,234.08000000000038,314,True,1.0,True,False,False
baseline,0,1300000,sampled,2000000,234.08000000000038,314,True,1.0,True,False,False
baseline,0,1300000,sampled,2000001,233.99000000000032,319,True,1.0,True,False,False
baseline,0,1300000,sampled,2000002,233.82750000000058,334,True,1.0,True,False,False
baseline,0,1300000,sampled,2000003,234.0275000000004,314,True,1.0,True,False,False
baseline,0,1300000,sampled,2000004,234.03375000000037,314,True,1.0,True,False,False
baseline,0,1300000,sampled,2000005,234.0275000000004,314,True,1.0,True,False,False
baseline,0,1300000,sampled,2000006,144.80375000000058,334,False,0.8718436873747496,True,False,False
baseline,0,1300000,sampled,2000007,233.99000000000032,319,True,1.0,True,False,False
baseline,0,1300000,sampled,2000008,233.98375000000033,319,True,1.0,True,False,False
baseline,0,1300000,sampled,2000009,234.07000000000036,315,True,1.0,True,False,False
baseline,0,1300000,sampled,2000010,234.04000000000036,314,True,1.0,True,False,False
baseline,0,1300000,sampled,2000011,234.02875000000034,315,True,1.0,True,False,False
baseline,0,1300000,sampled,2000012,234.03375000000037,314,True,1.0,True,False,False
baseline,0,1300000,sampled,2000013,233.94000000000037,324,True,1.0,True,False,False
baseline,0,1300000,sampled,2000014,234.04000000000036,314,True,1.0,True,False,False
baseline,0,1300000,sampled,2000015,234.01500000000038,314,True,1.0,True,False,False
baseline,0,1300000,sampled,2000016,234.03375000000037,314,True,1.0,True,False,False
baseline,0,1300000,sampled,2000017,234.02375000000035,315,True,1.0,True,False,False
baseline,0,1300000,sampled,2000018,234.04000000000036,314,True,1.0,True,False,False
baseline,0,1300000,sampled,2000019,234.01500000000038,314,True,1.0,True,False,False
baseline,0,1300000,greedy,4000000,234.04000000000036,314,True,1.0,True,False,False
baseline,0,1400000,sampled,2000000,234.03875000000036,314,True,1.0,True,False,False
baseline,0,1400000,sampled,2000001,234.03875000000036,314,True,1.0,True,False,False
baseline,0,1400000,sampled,2000002,234.03875000000036,314,True,1.0,True,False,False
baseline,0,1400000,sampled,2000003,234.03875000000036,314,True,1.0,True,False,False
baseline,0,1400000,sampled,2000004,234.03875000000036,314,True,1.0,True,False,False
baseline,0,1400000,sampled,2000005,234.03875000000036,314,True,1.0,True,False,False
baseline,0,1400000,sampled,2000006,66.26249999999992,136,False,0.4415364061456246,True,False,False
baseline,0,1400000,sampled,2000007,234.03875000000036,314,True,1.0,True,False,False
baseline,0,1400000,sampled,2000008,234.03875000000036,314,True,1.0,True,False,False
baseline,0,1400000,sampled,2000009,234.03875000000036,314,True,1.0,True,False,False
baseline,0,1400000,sampled,2000010,234.03875000000036,314,True,1.0,True,False,False
baseline,0,1400000,sampled,2000011,234.01500000000038,314,True,1.0,True,False,False
baseline,0,1400000,sampled,2000012,234.08000000000038,314,True,1.0,True,False,False
baseline,0,1400000,sampled,2000013,234.08000000000038,314,True,1.0,True,False,False
baseline,0,1400000,sampled,2000014,234.03375000000037,314,True,1.0,True,False,False
baseline,0,1400000,sampled,2000015,234.03875000000036,314,True,1.0,True,False,False
baseline,0,1400000,sampled,2000016,234.03875000000036,314,True,1.0,True,False,False
baseline,0,1400000,sampled,2000017,234.03875000000036,314,True,1.0,True,False,False
baseline,0,1400000,sampled,2000018,233.8987500000005,337,True,1.0,True,False,False
baseline,0,1400000,sampled,2000019,234.03875000000036,314,True,1.0,True,False,False
baseline,0,1400000,greedy,4000000,234.03875000000036,314,True,1.0,True,False,False
baseline,0,1500000,sampled,2000000,234.03875000000036,314,True,1.0,True,False,False
baseline,0,1500000,sampled,2000001,233.98875000000032,319,True,1.0,True,False,False
baseline,0,1500000,sampled,2000002,234.04000000000033,314,True,1.0,True,False,False
baseline,0,1500000,sampled,2000003,234.03875000000036,314,True,1.0,True,False,False
baseline,0,1500000,sampled,2000004,137.98124999999993,258,False,0.8313226452905814,True,False,False
baseline,0,1500000,sampled,2000005,234.03875000000036,314,True,1.0,True,False,False
baseline,0,1500000,sampled,2000006,234.08250000000032,314,True,1.0,True,False,False
baseline,0,1500000,sampled,2000007,234.03875000000036,314,True,1.0,True,False,False
baseline,0,1500000,sampled,2000008,234.03875000000036,314,True,1.0,True,False,False
baseline,0,1500000,sampled,2000009,234.02875000000034,315,True,1.0,True,False,False
baseline,0,1500000,sampled,2000010,234.08250000000032,314,True,1.0,True,False,False
baseline,0,1500000,sampled,2000011,234.03875000000036,314,True,1.0,True,False,False
baseline,0,1500000,sampled,2000012,138.0012499999999,258,False,0.8314295257181031,True,False,False
baseline,0,1500000,sampled,2000013,234.03875000000036,314,True,1.0,True,False,False
baseline,0,1500000,sampled,2000014,234.1900000000004,309,True,1.0,True,False,False
baseline,0,1500000,sampled,2000015,234.03875000000036,314,True,1.0,True,False,False
baseline,0,1500000,sampled,2000016,234.04500000000039,314,True,1.0,True,False,False
baseline,0,1500000,sampled,2000017,234.03875000000036,314,True,1.0,True,False,False
baseline,0,1500000,sampled,2000018,234.03875000000036,314,True,1.0,True,False,False
baseline,0,1500000,sampled,2000019,234.03875000000036,314,True,1.0,True,False,False
baseline,0,1500000,greedy,4000000,234.03875000000036,314,True,1.0,True,False,False
baseline,0,1600000,sampled,2000000,234.03875000000036,314,True,1.0,True,False,False
baseline,0,1600000,sampled,2000001,234.03875000000036,314,True,1.0,True,False,False
baseline,0,1600000,sampled,2000002,234.03875000000036,314,True,1.0,True,False,False
baseline,0,1600000,sampled,2000003,234.03875000000036,314,True,1.0,True,False,False
baseline,0,1600000,sampled,2000004,234.03875000000036,314,True,1.0,True,False,False
baseline,0,1600000,sampled,2000005,234.03875000000036,314,True,1.0,True,False,False
baseline,0,1600000,sampled,2000006,234.03875000000036,314,True,1.0,True,False,False
baseline,0,1600000,sampled,2000007,234.03875000000036,314,True,1.0,True,False,False
baseline,0,1600000,sampled,2000008,234.03875000000036,313,True,1.0,True,False,False
baseline,0,1600000,sampled,2000009,234.03875000000036,314,True,1.0,True,False,False
baseline,0,1600000,sampled,2000010,234.03875000000036,313,True,1.0,True,False,False
baseline,0,1600000,sampled,2000011,234.03875000000036,314,True,1.0,True,False,False
baseline,0,1600000,sampled,2000012,234.03875000000036,314,True,1.0,True,False,False
baseline,0,1600000,sampled,2000013,234.03875000000036,314,True,1.0,True,False,False
baseline,0,1600000,sampled,2000014,233.97875000000033,320,True,1.0,True,False,False
baseline,0,1600000,sampled,2000015,234.03875000000036,314,True,1.0,True,False,False
baseline,0,1600000,sampled,2000016,234.03875000000036,314,True,1.0,True,False,False
baseline,0,1600000,sampled,2000017,234.03875000000036,314,True,1.0,True,False,False
baseline,0,1600000,sampled,2000018,234.03875000000036,314,True,1.0,True,False,False
baseline,0,1600000,sampled,2000019,234.08000000000038,314,True,1.0,True,False,False
baseline,0,1600000,greedy,4000000,234.03875000000036,314,True,1.0,True,False,False
baseline,0,1700000,sampled,2000000,234.03875000000036,314,True,1.0,True,False,False
baseline,0,1700000,sampled,2000001,234.03875000000036,314,True,1.0,True,False,False
baseline,0,1700000,sampled,2000002,234.03875000000036,314,True,1.0,True,False,False
baseline,0,1700000,sampled,2000003,234.03875000000036,314,True,1.0,True,False,False
baseline,0,1700000,sampled,2000004,234.03875000000036,314,True,1.0,True,False,False
baseline,0,1700000,sampled,2000005,234.03875000000036,314,True,1.0,True,False,False
baseline,0,1700000,sampled,2000006,234.03875000000036,314,True,1.0,True,False,False
baseline,0,1700000,sampled,2000007,234.03875000000036,314,True,1.0,True,False,False
baseline,0,1700000,sampled,2000008,234.03875000000036,314,True,1.0,True,False,False
baseline,0,1700000,sampled,2000009,234.03875000000036,314,True,1.0,True,False,False
baseline,0,1700000,sampled,2000010,234.03875000000036,314,True,1.0,True,False,False
baseline,0,1700000,sampled,2000011,233.97875000000036,320,True,1.0,True,False,False
baseline,0,1700000,sampled,2000012,234.03875000000036,314,True,1.0,True,False,False
baseline,0,1700000,sampled,2000013,234.03875000000036,314,True,1.0,True,False,False
baseline,0,1700000,sampled,2000014,234.03875000000036,314,True,1.0,True,False,False
baseline,0,1700000,sampled,2000015,234.03875000000036,314,True,1.0,True,False,False
baseline,0,1700000,sampled,2000016,234.03875000000036,314,True,1.0,True,False,False
baseline,0,1700000,sampled,2000017,234.03875000000036,314,True,1.0,True,False,False
baseline,0,1700000,sampled,2000018,234.03875000000036,314,True,1.0,True,False,False
baseline,0,1700000,sampled,2000019,234.03875000000036,314,True,1.0,True,False,False
baseline,0,1700000,greedy,4000000,234.03875000000036,314,True,1.0,True,False,False
baseline,0,1800000,sampled,2000000,234.03375000000037,314,True,1.0,True,False,False
baseline,0,1800000,sampled,2000001,234.0075000000004,314,True,1.0,True,False,False
baseline,0,1800000,sampled,2000002,234.15375000000043,309,True,1.0,True,False,False
baseline,0,1800000,sampled,2000003,137.99499999999992,258,False,0.8313961255845026,True,False,False
baseline,0,1800000,sampled,2000004,138.02124999999992,259,False,0.8315898463593857,True,False,False
baseline,0,1800000,sampled,2000005,234.01875000000035,315,True,1.0,True,False,False
baseline,0,1800000,sampled,2000006,234.01750000000038,316,True,1.0,True,False,False
baseline,0,1800000,sampled,2000007,234.1362500000004,314,True,1.0,True,False,False
baseline,0,1800000,sampled,2000008,234.02875000000037,314,True,1.0,True,False,False
baseline,0,1800000,sampled,2000009,234.1125000000004,314,True,1.0,True,False,False
baseline,0,1800000,sampled,2000010,234.02875000000037,314,True,1.0,True,False,False
baseline,0,1800000,sampled,2000011,234.03875000000036,314,True,1.0,True,False,False
baseline,0,1800000,sampled,2000012,234.01875000000035,315,True,1.0,True,False,False
baseline,0,1800000,sampled,2000013,138.02624999999992,258,False,0.8315631262525053,True,False,False
baseline,0,1800000,sampled,2000014,234.02875000000037,314,True,1.0,True,False,False
baseline,0,1800000,sampled,2000015,234.03625000000042,309,True,1.0,True,False,False
baseline,0,1800000,sampled,2000016,233.97875000000042,320,True,1.0,True,False,False
baseline,0,1800000,sampled,2000017,233.9937500000004,314,True,1.0,True,False,False
baseline,0,1800000,sampled,2000018,132.57499999999985,255,False,0.8022712090848363,True,False,False
baseline,0,1800000,sampled,2000019,234.02875000000037,314,True,1.0,True,False,False
baseline,0,1800000,greedy,4000000,234.03875000000036,314,True,1.0,True,False,False
baseline,0,1900000,sampled,2000000,234.08000000000038,314,True,1.0,True,False,False
baseline,0,1900000,sampled,2000001,234.08000000000038,314,True,1.0,True,False,False
baseline,0,1900000,sampled,2000002,234.08000000000038,314,True,1.0,True,False,False
baseline,0,1900000,sampled,2000003,234.08000000000038,314,True,1.0,True,False,False
baseline,0,1900000,sampled,2000004,234.1350000000004,314,True,1.0,True,False,False
baseline,0,1900000,sampled,2000005,234.08000000000038,314,True,1.0,True,False,False
baseline,0,1900000,sampled,2000006,234.1350000000004,314,True,1.0,True,False,False
baseline,0,1900000,sampled,2000007,234.1350000000004,314,True,1.0,True,False,False
baseline,0,1900000,sampled,2000008,234.1350000000004,314,True,1.0,True,False,False
baseline,0,1900000,sampled,2000009,234.08000000000038,314,True,1.0,True,False,False
baseline,0,1900000,sampled,2000010,234.08000000000038,314,True,1.0,True,False,False
baseline,0,1900000,sampled,2000011,234.1350000000004,314,True,1.0,True,False,False
baseline,0,1900000,sampled,2000012,234.1350000000004,314,True,1.0,True,False,False
baseline,0,1900000,sampled,2000013,234.08000000000038,314,True,1.0,True,False,False
baseline,0,1900000,sampled,2000014,234.1350000000004,314,True,1.0,True,False,False
baseline,0,1900000,sampled,2000015,234.1350000000004,314,True,1.0,True,False,False
baseline,0,1900000,sampled,2000016,234.1350000000004,314,True,1.0,True,False,False
baseline,0,1900000,sampled,2000017,233.8787500000005,329,True,1.0,True,False,False
baseline,0,1900000,sampled,2000018,234.08000000000038,314,True,1.0,True,False,False
baseline,0,1900000,sampled,2000019,234.08000000000038,314,True,1.0,True,False,False
baseline,0,1900000,greedy,4000000,234.08000000000038,314,True,1.0,True,False,False
baseline,0,2000000,sampled,2000000,234.07250000000036,314,True,1.0,True,False,False
baseline,0,2000000,sampled,2000001,234.1350000000004,314,True,1.0,True,False,False
baseline,0,2000000,sampled,2000002,234.08000000000038,314,True,1.0,True,False,False
baseline,0,2000000,sampled,2000003,234.1350000000004,314,True,1.0,True,False,False
baseline,0,2000000,sampled,2000004,234.07250000000036,314,True,1.0,True,False,False
baseline,0,2000000,sampled,2000005,234.08000000000038,314,True,1.0,True,False,False
baseline,0,2000000,sampled,2000006,234.1350000000004,314,True,1.0,True,False,False
baseline,0,2000000,sampled,2000007,234.1350000000004,314,True,1.0,True,False,False
baseline,0,2000000,sampled,2000008,234.1350000000004,314,True,1.0,True,False,False
baseline,0,2000000,sampled,2000009,234.1350000000004,314,True,1.0,True,False,False
baseline,0,2000000,sampled,2000010,234.07250000000036,314,True,1.0,True,False,False
baseline,0,2000000,sampled,2000011,234.1350000000004,314,True,1.0,True,False,False
baseline,0,2000000,sampled,2000012,234.1350000000004,314,True,1.0,True,False,False
baseline,0,2000000,sampled,2000013,234.1350000000004,314,True,1.0,True,False,False
baseline,0,2000000,sampled,2000014,234.1350000000004,314,True,1.0,True,False,False
baseline,0,2000000,sampled,2000015,234.1350000000004,314,True,1.0,True,False,False
baseline,0,2000000,sampled,2000016,234.1350000000004,314,True,1.0,True,False,False
baseline,0,2000000,sampled,2000017,233.97875000000042,319,True,1.0,True,False,False
baseline,0,2000000,sampled,2000018,234.07500000000036,320,True,1.0,True,False,False
baseline,0,2000000,sampled,2000019,234.1350000000004,314,True,1.0,True,False,False
baseline,0,2000000,greedy,4000000,234.1350000000004,314,True,1.0,True,False,False
jev_interval16,0,100000,sampled,2000000,64.16749999999996,135,False,0.43028724114896466,True,False,False
jev_interval16,0,100000,sampled,2000001,21.26499999999995,86,False,0.19839679358717435,True,False,False
jev_interval16,0,100000,sampled,2000002,78.88499999999969,224,False,0.5136940547762191,True,False,False
jev_interval16,0,100000,sampled,2000003,-2.257499999999995,34,False,0.06991315965263861,True,False,False
jev_interval16,0,100000,sampled,2000004,28.099374999999938,91,False,0.23518704074816252,True,False,False
jev_interval16,0,100000,sampled,2000005,63.813124999999964,154,False,0.4294088176352707,True,False,False
jev_interval16,0,100000,sampled,2000006,233.19000000000054,407,True,1.0,True,False,False
jev_interval16,0,100000,sampled,2000007,56.183749999999996,175,False,0.38975951903807604,True,False,False
jev_interval16,0,100000,sampled,2000008,131.9850000000001,314,False,0.8022712090848363,True,False,False
jev_interval16,0,100000,sampled,2000009,65.09749999999993,229,False,0.44028056112224434,True,False,False
jev_interval16,0,100000,sampled,2000010,79.00499999999977,212,False,0.5136940547762191,True,False,False
jev_interval16,0,100000,sampled,2000011,27.84499999999997,76,False,0.2330260521042083,True,False,False
jev_interval16,0,100000,sampled,2000012,63.98250000000001,155,False,0.43036740146960634,True,False,False
jev_interval16,0,100000,sampled,2000013,21.284999999999968,84,False,0.19839679358717435,True,False,False
jev_interval16,0,100000,sampled,2000014,26.803749999999972,90,False,0.22820975283901127,True,False,False
jev_interval16,0,100000,sampled,2000015,137.891875,368,False,0.8367234468937867,True,False,False
jev_interval16,0,100000,sampled,2000016,-2.4949999999999886,35,False,0.06869739478957919,True,False,False
jev_interval16,0,100000,sampled,2000017,21.24499999999997,88,False,0.19839679358717435,True,False,False
jev_interval16,0,100000,sampled,2000018,-1.4006249999999927,28,False,0.07417167668670677,True,False,False
jev_interval16,0,100000,sampled,2000019,-1.4262499999999942,28,False,0.07403473613894457,True,False,False
jev_interval16,0,100000,greedy,4000000,-1.323749999999995,28,False,0.07458249832999332,True,False,False
jev_interval16,0,200000,sampled,2000000,65.23749999999994,188,False,0.4388376753507013,True,False,False
jev_interval16,0,200000,sampled,2000001,56.428124999999945,152,False,0.38983633934535694,True,False,False
jev_interval16,0,200000,sampled,2000002,29.82374999999999,80,False,0.24381429525718096,True,False,False
jev_interval16,0,200000,sampled,2000003,27.851249999999986,77,False,0.23311289245156974,True,False,False
jev_interval16,0,200000,sampled,2000004,-2.6574999999999935,37,False,0.06793587174348698,True,False,False
jev_interval16,0,200000,sampled,2000005,56.67500000000002,145,False,0.3907815631262525,True,False,False
jev_interval16,0,200000,sampled,2000006,56.49499999999998,163,False,0.3907815631262525,True,False,False
jev_interval16,0,200000,sampled,2000007,21.184999999999953,94,False,0.19839679358717435,True,False,False
jev_interval16,0,200000,sampled,2000008,-1.4587499999999949,28,False,0.07386105544422178,True,False,False
jev_interval16,0,200000,sampled,2000009,-1.4649999999999963,28,False,0.07382765531062124,True,False,False
jev_interval16,0,200000,sampled,2000010,10.238749999999984,73,False,0.13877755511022052,True,False,False
jev_interval16,0,200000,sampled,2000011,132.2449999999999,288,False,0.8022712090848363,True,False,False
jev_interval16,0,200000,sampled,2000012,21.244999999999955,88,False,0.19839679358717435,True,False,False
jev_interval16,0,200000,sampled,2000013,-1.422499999999994,27,False,0.07400133600534403,True,False,False
jev_interval16,0,200000,sampled,2000014,63.64374999999993,162,False,0.428931195724783,True,False,False
jev_interval16,0,200000,sampled,2000015,-1.4862499999999947,28,False,0.07371409485637943,True,False,False
jev_interval16,0,200000,sampled,2000016,21.144999999999953,98,False,0.19839679358717435,True,False,False
jev_interval16,0,200000,sampled,2000017,107.11499999999947,301,False,0.6686706746826987,True,False,False
jev_interval16,0,200000,sampled,2000018,27.68874999999995,105,False,0.23374081496325946,True,False,False
jev_interval16,0,200000,sampled,2000019,-1.323749999999995,28,False,0.07458249832999332,True,False,False
jev_interval16,0,200000,greedy,4000000,14.234999999999916,89,False,0.16098864395457582,True,False,False
jev_interval16,0,300000,sampled,2000000,26.432500000000047,93,False,0.2263861055444224,True,False,False
jev_interval16,0,300000,sampled,2000001,28.929999999999907,109,False,0.24058784235136904,True,False,False
jev_interval16,0,300000,sampled,2000002,21.184999999999967,94,False,0.19839679358717435,True,False,False
jev_interval16,0,300000,sampled,2000003,27.832499999999982,77,False,0.23301269205076813,True,False,False
jev_interval16,0,300000,sampled,2000004,28.231874999999988,99,False,0.23632264529058103,True,False,False
jev_interval16,0,300000,sampled,2000005,119.19124999999947,323,False,0.7343820975283909,True,False,False
jev_interval16,0,300000,sampled,2000006,-2.2193749999999888,33,False,0.07006346025384105,True,False,False
jev_interval16,0,300000,sampled,2000007,21.294999999999966,83,False,0.19839679358717435,True,False,False
jev_interval16,0,300000,sampled,2000008,21.214999999999954,91,False,0.19839679358717435,True,False,False
jev_interval16,0,300000,sampled,2000009,25.28249999999997,98,False,0.22050768203072818,True,False,False
jev_interval16,0,300000,sampled,2000010,21.344999999999963,78,False,0.19839679358717435,True,False,False
jev_interval16,0,300000,sampled,2000011,14.214999999999938,91,False,0.16098864395457582,True,False,False
jev_interval16,0,300000,sampled,2000012,29.439999999999927,103,False,0.24299265197060754,True,False,False
jev_interval16,0,300000,sampled,2000013,-1.8500000000000156,31,False,0.07193052772211078,True,False,False
jev_interval16,0,300000,sampled,2000014,106.74249999999952,284,False,0.6657715430861735,True,False,False
jev_interval16,0,300000,sampled,2000015,63.57749999999988,185,False,0.42980627922511655,True,False,False
jev_interval16,0,300000,sampled,2000016,106.5781249999992,294,False,0.6654275217100865,True,False,False
jev_interval16,0,300000,sampled,2000017,26.688749999999956,90,False,0.22759519038076131,True,False,False
jev_interval16,0,300000,sampled,2000018,137.01687500000054,337,False,0.8303907815631304,True,False,False
jev_interval16,0,300000,sampled,2000019,26.168750000000003,91,False,0.224869739478958,True,False,False
jev_interval16,0,300000,greedy,4000000,14.214999999999934,91,False,0.16098864395457582,True,False,False
jev_interval16,0,400000,sampled,2000000,63.157500000000134,197,False,0.428203072812292,True,False,False
jev_interval16,0,400000,sampled,2000001,233.09500000000074,413,True,1.0,True,False,False
jev_interval16,0,400000,sampled,2000002,26.64125,83,False,0.22696726786907157,True,False,False
jev_interval16,0,400000,sampled,2000003,232.8537500000009,429,True,1.0,True,False,False
jev_interval16,0,400000,sampled,2000004,43.155625000000086,142,False,0.3183734134936539,True,False,False
jev_interval16,0,400000,sampled,2000005,107.40499999999933,272,False,0.6686706746826987,True,False,False
jev_interval16,0,400000,sampled,2000006,63.309999999999924,172,False,0.42768203072812283,True,False,False
jev_interval16,0,400000,sampled,2000007,65.59937499999997,170,False,0.4398096192384771,True,False,False
jev_interval16,0,400000,sampled,2000008,64.90874999999994,161,False,0.43563794255177035,True,False,False
jev_interval16,0,400000,sampled,2000009,63.814999999999976,154,False,0.4294188376753509,True,False,False
jev_interval16,0,400000,sampled,2000010,63.43749999999999,183,False,0.4289512358049434,True,False,False
jev_interval16,0,400000,sampled,2000011,21.24999999999998,86,False,0.19833667334669342,True,False,False
jev_interval16,0,400000,sampled,2000012,29.72875000000002,85,False,0.24357381429525726,True,False,False
jev_interval16,0,400000,sampled,2000013,231.70625000000186,550,True,1.0,True,False,False
jev_interval16,0,400000,sampled,2000014,56.567499999999946,152,False,0.3907214428857716,True,False,False
jev_interval16,0,400000,sampled,2000015,232.86375000000064,431,True,1.0,True,False,False
jev_interval16,0,400000,sampled,2000016,63.662500000000044,159,False,0.4288710754843023,True,False,False
jev_interval16,0,400000,sampled,2000017,-2.70624999999999,37,False,0.06767535070140282,True,False,False
jev_interval16,0,400000,sampled,2000018,62.62437499999991,218,False,0.4264762859051433,True,False,False
jev_interval16,0,400000,sampled,2000019,26.48937500000001,93,False,0.2266900467601872,True,False,False
jev_interval16,0,400000,greedy,4000000,19.19499999999976,193,False,0.11289245156980628,False,True,False
jev_interval16,0,500000,sampled,2000000,26.767500000000034,88,False,0.22790915163660666,True,False,False
jev_interval16,0,500000,sampled,2000001,21.217499999999987,78,False,0.19827655310621245,True,False,False
jev_interval16,0,500000,sampled,2000002,88.29874999999976,246,False,0.565177020708083,True,False,False
jev_interval16,0,500000,sampled,2000003,63.20749999999996,171,False,0.4270808283233133,True,False,False
jev_interval16,0,500000,sampled,2000004,65.50499999999994,173,False,0.43946559786239175,True,False,False
jev_interval16,0,500000,sampled,2000005,89.21124999999961,217,False,0.5685036740146961,True,False,False
jev_interval16,0,500000,sampled,2000006,63.318750000000016,169,False,0.42756847027388145,True,False,False
jev_interval16,0,500000,sampled,2000007,28.16749999999996,114,False,0.23678022712090835,True,False,False
jev_interval16,0,500000,sampled,2000008,29.36750000000007,85,False,0.2416432865731466,True,False,False
jev_interval16,0,500000,sampled,2000009,232.99250000000075,415,True,1.0,True,False,False
jev_interval16,0,500000,sampled,2000010,233.24000000000035,395,True,1.0,True,False,False
jev_interval16,0,500000,sampled,2000011,65.7774999999999,151,False,0.43974615898463576,True,False,False
jev_interval16,0,500000,sampled,2000012,233.30375000000046,386,True,1.0,True,False,False
jev_interval16,0,500000,sampled,2000013,28.25750000000003,89,False,0.23592518370073481,True,False,False
jev_interval16,0,500000,sampled,2000014,131.67999999999984,331,False,0.8022712090848363,True,False,False
jev_interval16,0,500000,sampled,2000015,89.86124999999963,223,False,0.5722979291917167,True,False,False
jev_interval16,0,500000,sampled,2000016,29.53625000000001,80,False,0.24227788911155645,True,False,False
jev_interval16,0,500000,sampled,2000017,63.144999999999975,179,False,0.4271743486973951,True,False,False
jev_interval16,0,500000,sampled,2000018,139.66125,286,False,0.8417969271877097,True,False,False
jev_interval16,0,500000,sampled,2000019,139.4468749999999,317,False,0.8423079492317977,True,False,False
jev_interval16,0,500000,greedy,4000000,139.50749999999988,304,False,0.8419372077488312,True,False,False
jev_interval16,0,600000,sampled,2000000,65.66874999999986,181,False,0.44076820307281184,True,False,False
jev_interval16,0,600000,sampled,2000001,21.334999999999972,79,False,0.19839679358717435,True,False,False
jev_interval16,0,600000,sampled,2000002,233.17875000000066,407,True,1.0,True,False,False
jev_interval16,0,600000,sampled,2000003,65.78562499999992,157,False,0.4401102204408819,True,False,False
jev_interval16,0,600000,sampled,2000004,107.48499999999943,263,False,0.6686172344689377,True,False,False
jev_interval16,0,600000,sampled,2000005,21.334999999999972,79,False,0.19839679358717435,True,False,False
jev_interval16,0,600000,sampled,2000006,233.37250000000046,379,True,1.0,True,False,False
jev_interval16,0,600000,sampled,2000007,26.457500000000017,89,False,0.22630594522378086,True,False,False
jev_interval16,0,600000,sampled,2000008,232.43875000000088,479,True,1.0,True,False,False
jev_interval16,0,600000,sampled,2000009,232.90250000000066,435,True,1.0,True,False,False
jev_interval16,0,600000,sampled,2000010,21.354999999999976,77,False,0.19839679358717435,True,False,False
jev_interval16,0,600000,sampled,2000011,64.71187499999996,179,False,0.43554776219104946,True,False,False
jev_interval16,0,600000,sampled,2000012,90.45124999999962,231,False,0.5758784235136941,True,False,False
jev_interval16,0,600000,sampled,2000013,107.35499999999938,277,False,0.6686706746826987,True,False,False
jev_interval16,0,600000,sampled,2000014,60.86624999999993,167,False,0.4143553774215104,True,False,False
jev_interval16,0,600000,sampled,2000015,63.839999999999954,160,False,0.4298730794923181,True,False,False
jev_interval16,0,600000,sampled,2000016,64.49562499999999,209,False,0.43599532398129587,True,False,False
jev_interval16,0,600000,sampled,2000017,65.26249999999993,203,False,0.43977287909151624,True,False,False
jev_interval16,0,600000,sampled,2000018,56.12500000000008,200,False,0.3907815631262525,True,False,False
jev_interval16,0,600000,sampled,2000019,63.606249999999825,167,False,0.4289979959919833,True,False,False
jev_interval16,0,600000,greedy,4000000,59.38124999999976,193,False,0.40780895123580485,True,False,False
jev_interval16,0,700000,sampled,2000000,62.22499999999987,167,False,0.4216165664662658,True,False,False
jev_interval16,0,700000,sampled,2000001,63.66187499999989,184,False,0.4302037408149635,True,False,False
jev_interval16,0,700000,sampled,2000002,233.36250000000058,383,True,1.0,True,False,False
jev_interval16,0,700000,sampled,2000003,233.37500000000057,387,True,1.0,True,False,False
jev_interval16,0,700000,sampled,2000004,64.66749999999996,161,False,0.43434869739479015,True,False,False
jev_interval16,0,700000,sampled,2000005,48.54500000000012,158,False,0.34802939211756845,True,False,False
jev_interval16,0,700000,sampled,2000006,25.86687500000003,92,False,0.2233099532398131,True,False,False
jev_interval16,0,700000,sampled,2000007,64.6431249999999,174,False,0.43491315965263866,True,False,False
jev_interval16,0,700000,sampled,2000008,64.78437499999994,158,False,0.4348129592518374,True,False,False
jev_interval16,0,700000,sampled,2000009,-1.264999999999997,27,False,0.07484301937207748,True,False,False
jev_interval16,0,700000,sampled,2000010,232.99125000000052,420,True,1.0,True,False,False
jev_interval16,0,700000,sampled,2000011,48.14500000000009,198,False,0.34802939211756845,True,False,False
jev_interval16,0,700000,sampled,2000012,232.97250000000062,426,True,1.0,True,False,False
jev_interval16,0,700000,sampled,2000013,233.2987500000006,387,True,1.0,True,False,False
jev_interval16,0,700000,sampled,2000014,233.3087500000005,386,True,1.0,True,False,False
jev_interval16,0,700000,sampled,2000015,233.3537500000006,392,True,1.0,True,False,False
jev_interval16,0,700000,sampled,2000016,63.797499999999935,155,False,0.42937875751502996,True,False,False
jev_interval16,0,700000,sampled,2000017,233.42500000000055,375,True,1.0,True,False,False
jev_interval16,0,700000,sampled,2000018,232.79312500000054,436,True,1.0,True,False,False
jev_interval16,0,700000,sampled,2000019,233.1950000000007,401,True,1.0,True,False,False
jev_interval16,0,700000,greedy,4000000,141.46500000000097,466,False,0.7808951235804943,False,True,False
jev_interval16,0,800000,sampled,2000000,233.24875000000057,392,True,1.0,True,False,False
jev_interval16,0,800000,sampled,2000001,64.94937499999986,156,False,0.4355878423513694,True,False,False
jev_interval16,0,800000,sampled,2000002,233.20500000000055,401,True,1.0,True,False,False
jev_interval16,0,800000,sampled,2000003,56.74500000000001,138,False,0.3907815631262525,True,False,False
jev_interval16,0,800000,sampled,2000004,233.58500000000055,363,True,1.0,True,False,False
jev_interval16,0,800000,sampled,2000005,26.42062499999998,83,False,0.2257882431529724,True,False,False
jev_interval16,0,800000,sampled,2000006,64.94062499999988,165,False,0.43602204408817646,True,False,False
jev_interval16,0,800000,sampled,2000007,65.14187499999994,144,False,0.435975283901136,True,False,False
jev_interval16,0,800000,sampled,2000008,233.42125000000064,379,True,1.0,True,False,False
jev_interval16,0,800000,sampled,2000009,233.33125000000072,385,True,1.0,True,False,False
jev_interval16,0,800000,sampled,2000010,233.31750000000048,387,True,1.0,True,False,False
jev_interval16,0,800000,sampled,2000011,62.38874999999974,163,False,0.4222778891115557,True,False,False
jev_interval16,0,800000,sampled,2000012,62.85249999999997,159,False,0.42454241816967303,True,False,False
jev_interval16,0,800000,sampled,2000013,56.59500000000002,153,False,0.3907815631262525,True,False,False
jev_interval16,0,800000,sampled,2000014,62.319374999999816,152,False,0.4213193052772207,True,False,False
jev_interval16,0,800000,sampled,2000015,64.92000000000002,156,False,0.4354308617234475,True,False,False
jev_interval16,0,800000,sampled,2000016,63.040624999999984,164,False,0.4258149632598533,True,False,False
jev_interval16,0,800000,sampled,2000017,62.88249999999993,155,False,0.424488977955912,True,False,False
jev_interval16,0,800000,sampled,2000018,64.87500000000001,151,False,0.4349231796927195,True,False,False
jev_interval16,0,800000,sampled,2000019,64.84624999999994,161,False,0.43530394121576516,True,False,False
jev_interval16,0,800000,greedy,4000000,62.24312499999973,151,False,0.4208583834335331,True,False,False
jev_interval16,0,900000,sampled,2000000,233.53500000000065,374,True,1.0,True,False,False
jev_interval16,0,900000,sampled,2000001,233.4675000000006,370,True,1.0,True,False,False
jev_interval16,0,900000,sampled,2000002,25.735000000000042,89,False,0.22244488977955926,True,False,False
jev_interval16,0,900000,sampled,2000003,79.1949999999997,193,False,0.5136940547762191,True,False,False
jev_interval16,0,900000,sampled,2000004,66.0299999999999,142,False,0.44061456245824976,True,False,False
jev_interval16,0,900000,sampled,2000005,62.099999999999774,148,False,0.41993319973279847,True,False,False
jev_interval16,0,900000,sampled,2000006,61.90499999999982,162,False,0.419639278557114,True,False,False
jev_interval16,0,900000,sampled,2000007,63.74499999999987,158,False,0.4292585170340683,True,False,False
jev_interval16,0,900000,sampled,2000008,62.36249999999982,146,False,0.4212291249164994,True,False,False
jev_interval16,0,900000,sampled,2000009,233.56750000000034,362,True,1.0,True,False,False
jev_interval16,0,900000,sampled,2000010,233.3675000000006,382,True,1.0,True,False,False
jev_interval16,0,900000,sampled,2000011,61.58124999999982,153,False,0.4174281897127587,True,False,False
jev_interval16,0,900000,sampled,2000012,233.47125000000068,374,True,1.0,True,False,False
jev_interval16,0,900000,sampled,2000013,233.4987500000007,370,True,1.0,True,False,False
jev_interval16,0,900000,sampled,2000014,233.33750000000052,383,True,1.0,True,False,False
jev_interval16,0,900000,sampled,2000015,233.29750000000064,387,True,1.0,True,False,False
jev_interval16,0,900000,sampled,2000016,25.633750000000006,95,False,0.22222444889779552,True,False,False
jev_interval16,0,900000,sampled,2000017,233.5625000000006,369,True,1.0,True,False,False
jev_interval16,0,900000,sampled,2000018,90.58499999999967,221,False,0.576058784235137,True,False,False
jev_interval16,0,900000,sampled,2000019,62.36499999999989,146,False,0.42124248496994,True,False,False
jev_interval16,0,900000,greedy,4000000,233.40000000000032,382,True,1.0,True,False,False
jev_interval16,0,1000000,sampled,2000000,63.2268749999999,149,False,0.426008684034736,True,False,False
jev_interval16,0,1000000,sampled,2000001,233.58625000000043,358,True,1.0,True,False,False
jev_interval16,0,1000000,sampled,2000002,233.8075000000004,343,True,1.0,True,False,False
jev_interval16,0,1000000,sampled,2000003,63.304375,166,False,0.42733132932531764,True,False,False
jev_interval16,0,1000000,sampled,2000004,88.49437499999969,198,False,0.5636573146292586,True,False,False
jev_interval16,0,1000000,sampled,2000005,171.44500000000158,468,False,0.9412157648630595,False,True,False
jev_interval16,0,1000000,sampled,2000006,26.485000000000028,83,False,0.22613226452905819,True,False,False
jev_interval16,0,1000000,sampled,2000007,233.5075000000006,369,True,1.0,True,False,False
jev_interval16,0,1000000,sampled,2000008,233.64500000000052,353,True,1.0,True,False,False
jev_interval16,0,1000000,sampled,2000009,233.5050000000006,367,True,1.0,True,False,False
jev_interval16,0,1000000,sampled,2000010,233.77250000000055,348,True,1.0,True,False,False
jev_interval16,0,1000000,sampled,2000011,63.622499999999896,157,False,0.42855043420173655,True,False,False
jev_interval16,0,1000000,sampled,2000012,28.096875000000004,89,False,0.23506680026720095,True,False,False
jev_interval16,0,1000000,sampled,2000013,90.75999999999965,192,False,0.5754442217768871,True,False,False
jev_interval16,0,1000000,sampled,2000014,233.38375000000065,379,True,1.0,True,False,False
jev_interval16,0,1000000,sampled,2000015,56.88375000000001,123,False,0.3907214428857716,True,False,False
jev_interval16,0,1000000,sampled,2000016,63.7412499999999,142,False,0.4283834335337342,True,False,False
jev_interval16,0,1000000,sampled,2000017,233.54562500000057,370,True,1.0,True,False,False
jev_interval16,0,1000000,sampled,2000018,25.174999999999947,105,False,0.22030728122912482,True,False,False
jev_interval16,0,1000000,sampled,2000019,233.4700000000005,369,True,1.0,True,False,False
jev_interval16,0,1000000,greedy,4000000,233.66000000000062,356,True,1.0,True,False,False
jev_interval16,0,1100000,sampled,2000000,233.5125000000005,364,True,1.0,True,False,False
jev_interval16,0,1100000,sampled,2000001,65.49312499999989,142,False,0.4377454909819639,True,False,False
jev_interval16,0,1100000,sampled,2000002,63.29062499999991,155,False,0.4266700066800266,True,False,False
jev_interval16,0,1100000,sampled,2000003,233.6556250000005,362,True,1.0,True,False,False
jev_interval16,0,1100000,sampled,2000004,233.73125000000047,348,True,1.0,True,False,False
jev_interval16,0,1100000,sampled,2000005,233.5912500000006,356,True,1.0,True,False,False
jev_interval16,0,1100000,sampled,2000006,233.54750000000067,361,True,1.0,True,False,False
jev_interval16,0,1100000,sampled,2000007,56.59249999999998,126,False,0.38932531730126907,True,False,False
jev_interval16,0,1100000,sampled,2000008,233.29375000000076,394,True,1.0,True,False,False
jev_interval16,0,1100000,sampled,2000009,233.61875000000057,355,True,1.0,True,False,False
jev_interval16,0,1100000,sampled,2000010,233.75000000000063,351,True,1.0,True,False,False
jev_interval16,0,1100000,sampled,2000011,233.65062500000056,351,True,1.0,True,False,False
jev_interval16,0,1100000,sampled,2000012,233.8300000000005,345,True,1.0,True,False,False
jev_interval16,0,1100000,sampled,2000013,233.77500000000046,340,True,1.0,True,False,False
jev_interval16,0,1100000,sampled,2000014,63.03124999999992,151,False,0.42507014028056117,True,False,False
jev_interval16,0,1100000,sampled,2000015,233.94875000000033,332,True,1.0,True,False,False
jev_interval16,0,1100000,sampled,2000016,120.01249999999949,250,False,0.7348697394789578,True,False,False
jev_interval16,0,1100000,sampled,2000017,63.349999999999916,147,False,0.42655978623914487,True,False,False
jev_interval16,0,1100000,sampled,2000018,233.6487500000005,349,True,1.0,True,False,False
jev_interval16,0,1100000,sampled,2000019,233.60875000000058,356,True,1.0,True,False,False
jev_interval16,0,1100000,greedy,4000000,233.83500000000043,334,True,1.0,True,False,False
jev_interval16,0,1200000,sampled,2000000,233.70250000000058,350,True,1.0,True,False,False
jev_interval16,0,1200000,sampled,2000001,233.83875000000046,334,True,1.0,True,False,False
jev_interval16,0,1200000,sampled,2000002,233.84000000000054,343,True,1.0,True,False,False
jev_interval16,0,1200000,sampled,2000003,233.86500000000052,341,True,1.0,True,False,False
jev_interval16,0,1200000,sampled,2000004,233.59000000000052,356,True,1.0,True,False,False
jev_interval16,0,1200000,sampled,2000005,233.74875000000048,339,True,1.0,True,False,False
jev_interval16,0,1200000,sampled,2000006,120.13499999999955,236,False,0.7347762191048764,True,False,False
jev_interval16,0,1200000,sampled,2000007,233.82750000000044,334,True,1.0,True,False,False
jev_interval16,0,1200000,sampled,2000008,233.73875000000044,344,True,1.0,True,False,False
jev_interval16,0,1200000,sampled,2000009,233.69875000000056,347,True,1.0,True,False,False
jev_interval16,0,1200000,sampled,2000010,233.7562500000005,346,True,1.0,True,False,False
jev_interval16,0,1200000,sampled,2000011,233.73375000000044,344,True,1.0,True,False,False
jev_interval16,0,1200000,sampled,2000012,233.75750000000045,350,True,1.0,True,False,False
jev_interval16,0,1200000,sampled,2000013,233.88500000000053,339,True,1.0,True,False,False
jev_interval16,0,1200000,sampled,2000014,233.6562500000005,352,True,1.0,True,False,False
jev_interval16,0,1200000,sampled,2000015,-1.9156249999999932,31,False,0.07157982631930529,True,False,False
jev_interval16,0,1200000,sampled,2000016,233.88250000000045,337,True,1.0,True,False,False
jev_interval16,0,1200000,sampled,2000017,233.8762500000004,333,True,1.0,True,False,False
jev_interval16,0,1200000,sampled,2000018,233.6237500000006,357,True,1.0,True,False,False
jev_interval16,0,1200000,sampled,2000019,233.75500000000056,343,True,1.0,True,False,False
jev_interval16,0,1200000,greedy,4000000,233.82000000000053,340,True,1.0,True,False,False
jev_interval16,0,1300000,sampled,2000000,233.95875000000046,321,True,1.0,True,False,False
jev_interval16,0,1300000,sampled,2000001,233.93000000000035,320,True,1.0,True,False,False
jev_interval16,0,1300000,sampled,2000002,137.96249999999984,263,False,0.8314896459585839,True,False,False
jev_interval16,0,1300000,sampled,2000003,233.80000000000067,348,True,1.0,True,False,False
jev_interval16,0,1300000,sampled,2000004,233.90125000000037,324,True,1.0,True,False,False
jev_interval16,0,1300000,sampled,2000005,233.8987500000004,327,True,1.0,True,False,False
jev_interval16,0,1300000,sampled,2000006,233.98750000000035,319,True,1.0,True,False,False
jev_interval16,0,1300000,sampled,2000007,233.94000000000037,319,True,1.0,True,False,False
jev_interval16,0,1300000,sampled,2000008,233.94875000000047,332,True,1.0,True,False,False
jev_interval16,0,1300000,sampled,2000009,233.94000000000037,319,True,1.0,True,False,False
jev_interval16,0,1300000,sampled,2000010,137.95499999999984,262,False,0.8313961255845023,True,False,False
jev_interval16,0,1300000,sampled,2000011,233.8587500000005,341,True,1.0,True,False,False
jev_interval16,0,1300000,sampled,2000012,233.9187500000004,325,True,1.0,True,False,False
jev_interval16,0,1300000,sampled,2000013,233.87875000000048,339,True,1.0,True,False,False
jev_interval16,0,1300000,sampled,2000014,233.99750000000034,318,True,1.0,True,False,False
jev_interval16,0,1300000,sampled,2000015,233.93000000000038,320,True,1.0,True,False,False
jev_interval16,0,1300000,sampled,2000016,233.83875000000046,333,True,1.0,True,False,False
jev_interval16,0,1300000,sampled,2000017,233.83125000000052,335,True,1.0,True,False,False
jev_interval16,0,1300000,sampled,2000018,233.94000000000037,319,True,1.0,True,False,False
jev_interval16,0,1300000,sampled,2000019,233.98750000000035,319,True,1.0,True,False,False
jev_interval16,0,1300000,greedy,4000000,233.94000000000037,319,True,1.0,True,False,False
jev_interval16,0,1400000,sampled,2000000,233.99875000000034,313,True,1.0,True,False,False
jev_interval16,0,1400000,sampled,2000001,234.0437500000003,313,True,1.0,True,False,False
jev_interval16,0,1400000,sampled,2000002,233.9675000000004,318,True,1.0,True,False,False
jev_interval16,0,1400000,sampled,2000003,234.09125000000031,312,True,1.0,True,False,False
jev_interval16,0,1400000,sampled,2000004,29.039999999999985,89,False,0.24010688042752162,True,False,False
jev_interval16,0,1400000,sampled,2000005,233.91500000000036,324,True,1.0,True,False,False
jev_interval16,0,1400000,sampled,2000006,233.95250000000036,320,True,1.0,True,False,False
jev_interval16,0,1400000,sampled,2000007,234.14625000000038,313,True,1.0,True,False,False
jev_interval16,0,1400000,sampled,2000008,233.99625000000032,320,True,1.0,True,False,False
jev_interval16,0,1400000,sampled,2000009,234.0725000000004,319,True,1.0,True,False,False
jev_interval16,0,1400000,sampled,2000010,234.04000000000036,318,True,1.0,True,False,False
jev_interval16,0,1400000,sampled,2000011,233.9737500000003,318,True,1.0,True,False,False
jev_interval16,0,1400000,sampled,2000012,234.00875000000036,325,True,1.0,True,False,False
jev_interval16,0,1400000,sampled,2000013,234.09500000000037,318,True,1.0,True,False,False
jev_interval16,0,1400000,sampled,2000014,234.04000000000036,318,True,1.0,True,False,False
jev_interval16,0,1400000,sampled,2000015,233.92125000000044,334,True,1.0,True,False,False
jev_interval16,0,1400000,sampled,2000016,137.97249999999983,262,False,0.8314896459585837,True,False,False
jev_interval16,0,1400000,sampled,2000017,137.95499999999984,262,False,0.8313961255845023,True,False,False
jev_interval16,0,1400000,sampled,2000018,233.8962500000005,328,True,1.0,True,False,False
jev_interval16,0,1400000,sampled,2000019,234.04000000000036,318,True,1.0,True,False,False
jev_interval16,0,1400000,greedy,4000000,234.0537500000003,312,True,1.0,True,False,False
jev_interval16,0,1500000,sampled,2000000,234.11125000000047,313,True,1.0,True,False,False
jev_interval16,0,1500000,sampled,2000001,234.08375000000044,319,True,1.0,True,False,False
jev_interval16,0,1500000,sampled,2000002,233.89750000000043,325,True,1.0,True,False,False
jev_interval16,0,1500000,sampled,2000003,234.0725000000004,319,True,1.0,True,False,False
jev_interval16,0,1500000,sampled,2000004,132.47499999999988,265,False,0.8022712090848363,True,False,False
jev_interval16,0,1500000,sampled,2000005,234.0637500000004,319,True,1.0,True,False,False
jev_interval16,0,1500000,sampled,2000006,-1.936249999999987,31,False,0.07146960587842356,True,False,False
jev_interval16,0,1500000,sampled,2000007,234.03750000000045,321,True,1.0,True,False,False
jev_interval16,0,1500000,sampled,2000008,234.0600000000004,313,True,1.0,True,False,False
jev_interval16,0,1500000,sampled,2000009,234.06375000000037,313,True,1.0,True,False,False
jev_interval16,0,1500000,sampled,2000010,233.97000000000043,325,True,1.0,True,False,False
jev_interval16,0,1500000,sampled,2000011,233.84875000000036,333,True,1.0,True,False,False
jev_interval16,0,1500000,sampled,2000012,233.9637500000004,326,True,1.0,True,False,False
jev_interval16,0,1500000,sampled,2000013,233.85875000000053,334,True,1.0,True,False,False
jev_interval16,0,1500000,sampled,2000014,234.05875000000043,320,True,1.0,True,False,False
jev_interval16,0,1500000,sampled,2000015,234.0650000000004,312,True,1.0,True,False,False
jev_interval16,0,1500000,sampled,2000016,233.84125000000054,339,True,1.0,True,False,False
jev_interval16,0,1500000,sampled,2000017,234.02500000000043,325,True,1.0,True,False,False
jev_interval16,0,1500000,sampled,2000018,233.95625000000044,319,True,1.0,True,False,False
jev_interval16,0,1500000,sampled,2000019,234.00875000000045,312,True,1.0,True,False,False
jev_interval16,0,1500000,greedy,4000000,233.98000000000042,324,True,1.0,True,False,False
jev_interval16,0,1600000,sampled,2000000,233.96625000000043,324,True,1.0,True,False,False
jev_interval16,0,1600000,sampled,2000001,234.03375000000028,312,True,1.0,True,False,False
jev_interval16,0,1600000,sampled,2000002,234.08875000000032,313,True,1.0,True,False,False
jev_interval16,0,1600000,sampled,2000003,234.0375000000003,312,True,1.0,True,False,False
jev_interval16,0,1600000,sampled,2000004,234.0625000000003,318,True,1.0,True,False,False
jev_interval16,0,1600000,sampled,2000005,234.0537500000003,312,True,1.0,True,False,False
jev_interval16,0,1600000,sampled,2000006,234.0537500000003,312,True,1.0,True,False,False
jev_interval16,0,1600000,sampled,2000007,234.08625000000032,312,True,1.0,True,False,False
jev_interval16,0,1600000,sampled,2000008,234.08625000000032,312,True,1.0,True,False,False
jev_interval16,0,1600000,sampled,2000009,233.96375000000026,321,True,1.0,True,False,False
jev_interval16,0,1600000,sampled,2000010,234.0537500000003,312,True,1.0,True,False,False
jev_interval16,0,1600000,sampled,2000011,234.0325000000003,312,True,1.0,True,False,False
jev_interval16,0,1600000,sampled,2000012,234.0537500000003,312,True,1.0,True,False,False
jev_interval16,0,1600000,sampled,2000013,234.0537500000003,312,True,1.0,True,False,False
jev_interval16,0,1600000,sampled,2000014,234.0537500000003,312,True,1.0,True,False,False
jev_interval16,0,1600000,sampled,2000015,233.98625000000033,314,True,1.0,True,False,False
jev_interval16,0,1600000,sampled,2000016,233.98875000000038,320,True,1.0,True,False,False
jev_interval16,0,1600000,sampled,2000017,234.14500000000032,312,True,1.0,True,False,False
jev_interval16,0,1600000,sampled,2000018,234.00375000000028,317,True,1.0,True,False,False
jev_interval16,0,1600000,sampled,2000019,234.1275000000003,313,True,1.0,True,False,False
jev_interval16,0,1600000,greedy,4000000,234.0537500000003,312,True,1.0,True,False,False
jev_interval16,0,1700000,sampled,2000000,233.99875000000037,316,True,1.0,True,False,False
jev_interval16,0,1700000,sampled,2000001,234.14875000000032,312,True,1.0,True,False,False
jev_interval16,0,1700000,sampled,2000002,234.1050000000003,312,True,1.0,True,False,False
jev_interval16,0,1700000,sampled,2000003,233.94000000000037,320,True,1.0,True,False,False
jev_interval16,0,1700000,sampled,2000004,234.03375000000028,312,True,1.0,True,False,False
jev_interval16,0,1700000,sampled,2000005,234.03000000000037,319,True,1.0,True,False,False
jev_interval16,0,1700000,sampled,2000006,234.0312500000004,312,True,1.0,True,False,False
jev_interval16,0,1700000,sampled,2000007,65.58374999999987,139,False,0.43806947227788895,True,False,False
jev_interval16,0,1700000,sampled,2000008,234.00000000000028,313,True,1.0,True,False,False
jev_interval16,0,1700000,sampled,2000009,65.72999999999986,140,False,0.4389044756179023,True,False,False
jev_interval16,0,1700000,sampled,2000010,234.0437500000003,313,True,1.0,True,False,False
jev_interval16,0,1700000,sampled,2000011,65.66999999999986,146,False,0.4389044756179023,True,False,False
jev_interval16,0,1700000,sampled,2000012,107.95374999999952,213,False,0.6684502338009352,True,False,False
jev_interval16,0,1700000,sampled,2000013,-1.9037499999999898,32,False,0.07169672678690718,True,False,False
jev_interval16,0,1700000,sampled,2000014,234.03375000000037,319,True,1.0,True,False,False
jev_interval16,0,1700000,sampled,2000015,234.14125000000033,313,True,1.0,True,False,False
jev_interval16,0,1700000,sampled,2000016,132.53499999999983,259,False,0.8022712090848363,True,False,False
jev_interval16,0,1700000,sampled,2000017,234.0237500000003,313,True,1.0,True,False,False
jev_interval16,0,1700000,sampled,2000018,233.9731250000004,330,True,1.0,True,False,False
jev_interval16,0,1700000,sampled,2000019,234.0525000000003,313,True,1.0,True,False,False
jev_interval16,0,1700000,greedy,4000000,234.0237500000003,313,True,1.0,True,False,False
jev_interval16,0,1800000,sampled,2000000,234.0175000000003,312,True,1.0,True,False,False
jev_interval16,0,1800000,sampled,2000001,234.1550000000003,312,True,1.0,True,False,False
jev_interval16,0,1800000,sampled,2000002,234.1550000000003,312,True,1.0,True,False,False
jev_interval16,0,1800000,sampled,2000003,234.15250000000032,312,True,1.0,True,False,False
jev_interval16,0,1800000,sampled,2000004,234.08125000000038,318,True,1.0,True,False,False
jev_interval16,0,1800000,sampled,2000005,234.11375000000032,312,True,1.0,True,False,False
jev_interval16,0,1800000,sampled,2000006,234.0175000000003,312,True,1.0,True,False,False
jev_interval16,0,1800000,sampled,2000007,234.1550000000003,312,True,1.0,True,False,False
jev_interval16,0,1800000,sampled,2000008,234.13375000000033,312,True,1.0,True,False,False
jev_interval16,0,1800000,sampled,2000009,234.1550000000003,312,True,1.0,True,False,False
jev_interval16,0,1800000,sampled,2000010,234.1550000000003,312,True,1.0,True,False,False
jev_interval16,0,1800000,sampled,2000011,234.03875000000042,312,True,1.0,True,False,False
jev_interval16,0,1800000,sampled,2000012,234.1550000000003,312,True,1.0,True,False,False
jev_interval16,0,1800000,sampled,2000013,234.1550000000003,312,True,1.0,True,False,False
jev_interval16,0,1800000,sampled,2000014,234.0687500000004,312,True,1.0,True,False,False
jev_interval16,0,1800000,sampled,2000015,234.1550000000003,312,True,1.0,True,False,False
jev_interval16,0,1800000,sampled,2000016,234.12875000000034,312,True,1.0,True,False,False
jev_interval16,0,1800000,sampled,2000017,234.08250000000032,312,True,1.0,True,False,False
jev_interval16,0,1800000,sampled,2000018,234.01500000000038,312,True,1.0,True,False,False
jev_interval16,0,1800000,sampled,2000019,234.1550000000003,312,True,1.0,True,False,False
jev_interval16,0,1800000,greedy,4000000,234.1550000000003,312,True,1.0,True,False,False
jev_interval16,0,1900000,sampled,2000000,233.97000000000048,320,True,1.0,True,False,False
jev_interval16,0,1900000,sampled,2000001,234.07625000000039,312,True,1.0,True,False,False
jev_interval16,0,1900000,sampled,2000002,233.96000000000035,318,True,1.0,True,False,False
jev_interval16,0,1900000,sampled,2000003,234.0512500000004,322,True,1.0,True,False,False
jev_interval16,0,1900000,sampled,2000004,234.0475000000004,312,True,1.0,True,False,False
jev_interval16,0,1900000,sampled,2000005,234.14250000000047,312,True,1.0,True,False,False
jev_interval16,0,1900000,sampled,2000006,234.09125000000037,312,True,1.0,True,False,False
jev_interval16,0,1900000,sampled,2000007,234.0937500000005,312,True,1.0,True,False,False
jev_interval16,0,1900000,sampled,2000008,234.03000000000043,312,True,1.0,True,False,False
jev_interval16,0,1900000,sampled,2000009,234.0750000000005,312,True,1.0,True,False,False
jev_interval16,0,1900000,sampled,2000010,234.01250000000044,312,True,1.0,True,False,False
jev_interval16,0,1900000,sampled,2000011,233.93000000000046,328,True,1.0,True,False,False
jev_interval16,0,1900000,sampled,2000012,234.08875000000037,312,True,1.0,True,False,False
jev_interval16,0,1900000,sampled,2000013,233.96000000000043,326,True,1.0,True,False,False
jev_interval16,0,1900000,sampled,2000014,234.11250000000035,312,True,1.0,True,False,False
jev_interval16,0,1900000,sampled,2000015,234.1062500000005,312,True,1.0,True,False,False
jev_interval16,0,1900000,sampled,2000016,234.08875000000043,318,True,1.0,True,False,False
jev_interval16,0,1900000,sampled,2000017,234.09500000000037,318,True,1.0,True,False,False
jev_interval16,0,1900000,sampled,2000018,234.0462500000004,312,True,1.0,True,False,False
jev_interval16,0,1900000,sampled,2000019,234.09125000000037,312,True,1.0,True,False,False
jev_interval16,0,1900000,greedy,4000000,234.14625000000046,312,True,1.0,True,False,False
jev_interval16,0,2000000,sampled,2000000,234.0175000000003,312,True,1.0,True,False,False
jev_interval16,0,2000000,sampled,2000001,234.1550000000003,312,True,1.0,True,False,False
jev_interval16,0,2000000,sampled,2000002,234.0175000000003,312,True,1.0,True,False,False
jev_interval16,0,2000000,sampled,2000003,234.0175000000003,312,True,1.0,True,False,False
jev_interval16,0,2000000,sampled,2000004,233.95875000000044,326,True,1.0,True,False,False
jev_interval16,0,2000000,sampled,2000005,234.0175000000003,312,True,1.0,True,False,False
jev_interval16,0,2000000,sampled,2000006,234.13250000000033,312,True,1.0,True,False,False
jev_interval16,0,2000000,sampled,2000007,234.1550000000003,312,True,1.0,True,False,False
jev_interval16,0,2000000,sampled,2000008,234.0175000000003,312,True,1.0,True,False,False
jev_interval16,0,2000000,sampled,2000009,234.0175000000003,312,True,1.0,True,False,False
jev_interval16,0,2000000,sampled,2000010,234.0175000000003,312,True,1.0,True,False,False
jev_interval16,0,2000000,sampled,2000011,234.13250000000033,312,True,1.0,True,False,False
jev_interval16,0,2000000,sampled,2000012,234.0175000000003,312,True,1.0,True,False,False
jev_interval16,0,2000000,sampled,2000013,234.13250000000033,312,True,1.0,True,False,False
jev_interval16,0,2000000,sampled,2000014,234.0175000000003,312,True,1.0,True,False,False
jev_interval16,0,2000000,sampled,2000015,234.1550000000003,312,True,1.0,True,False,False
jev_interval16,0,2000000,sampled,2000016,234.0175000000003,312,True,1.0,True,False,False
jev_interval16,0,2000000,sampled,2000017,234.0175000000003,312,True,1.0,True,False,False
jev_interval16,0,2000000,sampled,2000018,234.1550000000003,312,True,1.0,True,False,False
jev_interval16,0,2000000,sampled,2000019,234.13250000000033,312,True,1.0,True,False,False
jev_interval16,0,2000000,greedy,4000000,234.0175000000003,312,True,1.0,True,False,False
jev_interval1,0,100000,sampled,2000000,29.380624999999988,106,False,0.24283567134268544,True,False,False
jev_interval1,0,100000,sampled,2000001,-1.3974999999999955,28,False,0.07418837675350702,True,False,False
jev_interval1,0,100000,sampled,2000002,64.63249999999994,169,False,0.4345891783567136,True,False,False
jev_interval1,0,100000,sampled,2000003,-1.3949999999999871,28,False,0.07420173680694728,True,False,False
jev_interval1,0,100000,sampled,2000004,131.72500000000005,340,False,0.8022712090848363,True,False,False
jev_interval1,0,100000,sampled,2000005,-2.6499999999999932,36,False,0.06792251169004676,True,False,False
jev_interval1,0,100000,sampled,2000006,233.12250000000046,408,True,1.0,True,False,False
jev_interval1,0,100000,sampled,2000007,56.465000000000025,166,False,0.3907815631262525,True,False,False
jev_interval1,0,100000,sampled,2000008,63.87124999999988,165,False,0.43030728122912476,True,False,False
jev_interval1,0,100000,sampled,2000009,29.586250000000014,100,False,0.24361389445557793,True,False,False
jev_interval1,0,100000,sampled,2000010,29.61312500000001,96,False,0.2435437541750168,True,False,False
jev_interval1,0,100000,sampled,2000011,27.317499999999953,119,False,0.23250501002003973,True,False,False
jev_interval1,0,100000,sampled,2000012,29.500624999999992,99,False,0.24310287241148973,True,False,False
jev_interval1,0,100000,sampled,2000013,21.30499999999998,82,False,0.19839679358717435,True,False,False
jev_interval1,0,100000,sampled,2000014,-2.558749999999991,36,False,0.06841015364061458,True,False,False
jev_interval1,0,100000,sampled,2000015,-2.4449999999999914,35,False,0.06896459585838345,True,False,False
jev_interval1,0,100000,sampled,2000016,28.080625000000026,108,False,0.23599532398129597,True,False,False
jev_interval1,0,100000,sampled,2000017,27.647499999999987,83,False,0.23234468937875752,True,False,False
jev_interval1,0,100000,sampled,2000018,28.84312500000003,95,False,0.23937541750167013,True,False,False
jev_interval1,0,100000,sampled,2000019,29.482499999999966,101,False,0.24311289245156978,True,False,False
jev_interval1,0,100000,greedy,4000000,-1.323749999999995,28,False,0.07458249832999332,True,False,False
jev_interval1,0,200000,sampled,2000000,65.61624999999992,185,False,0.4407014028056112,True,False,False
jev_interval1,0,200000,sampled,2000001,21.294999999999973,83,False,0.19839679358717435,True,False,False
jev_interval1,0,200000,sampled,2000002,233.33625000000058,390,True,1.0,True,False,False
jev_interval1,0,200000,sampled,2000003,27.673749999999977,94,False,0.23307281229124915,True,False,False
jev_interval1,0,200000,sampled,2000004,21.22499999999996,90,False,0.19839679358717435,True,False,False
jev_interval1,0,200000,sampled,2000005,56.322499999999685,153,False,0.3893253173012675,True,False,False
jev_interval1,0,200000,sampled,2000006,9.612499999999985,65,False,0.13500334001336003,True,False,False
jev_interval1,0,200000,sampled,2000007,10.122499999999983,67,False,0.13783567134268543,True,False,False
jev_interval1,0,200000,sampled,2000008,-2.5974999999999877,36,False,0.06820307281229128,True,False,False
jev_interval1,0,200000,sampled,2000009,25.688124999999985,113,False,0.22347695390781558,True,False,False
jev_interval1,0,200000,sampled,2000010,21.38499999999997,74,False,0.19839679358717435,True,False,False
jev_interval1,0,200000,sampled,2000011,139.12749999999977,343,False,0.8419906479625917,True,False,False
jev_interval1,0,200000,sampled,2000012,233.5812500000007,366,True,1.0,True,False,False
jev_interval1,0,200000,sampled,2000013,27.716249999999974,84,False,0.2327655310621242,True,False,False
jev_interval1,0,200000,sampled,2000014,64.03125000000001,152,False,0.4304676018704079,True,False,False
jev_interval1,0,200000,sampled,2000015,21.144999999999953,98,False,0.19839679358717435,True,False,False
jev_interval1,0,200000,sampled,2000016,-1.440000000000012,28,False,0.07396125584502329,True,False,False
jev_interval1,0,200000,sampled,2000017,56.59499999999998,153,False,0.3907815631262525,True,False,False
jev_interval1,0,200000,sampled,2000018,89.28874999999948,220,False,0.5690781563126244,True,False,False
jev_interval1,0,200000,sampled,2000019,63.52624999999977,174,False,0.42894455577822205,True,False,False
jev_interval1,0,200000,greedy,4000000,-1.3587500000000112,27,False,0.07434201736806939,True,False,False
jev_interval1,0,300000,sampled,2000000,25.365625,99,False,0.22100534402137614,True,False,False
jev_interval1,0,300000,sampled,2000001,65.5268749999999,186,False,0.4402772211088844,True,False,False
jev_interval1,0,300000,sampled,2000002,56.51500000000001,161,False,0.3907815631262525,True,False,False
jev_interval1,0,300000,sampled,2000003,26.0625,97,False,0.22462257849031414,True,False,False
jev_interval1,0,300000,sampled,2000004,56.35500000000001,177,False,0.3907815631262525,True,False,False
jev_interval1,0,300000,sampled,2000005,26.53437499999999,93,False,0.22693052772211095,True,False,False
jev_interval1,0,300000,sampled,2000006,26.41374999999995,92,False,0.22623246492985963,True,False,False
jev_interval1,0,300000,sampled,2000007,66.07937499999998,154,False,0.4415197060788246,True,False,False
jev_interval1,0,300000,sampled,2000008,233.49875000000063,377,True,1.0,True,False,False
jev_interval1,0,300000,sampled,2000009,64.98937499999998,174,False,0.43676352705410854,True,False,False
jev_interval1,0,300000,sampled,2000010,131.89499999999992,323,False,0.8022712090848363,True,False,False
jev_interval1,0,300000,sampled,2000011,9.686249999999996,67,False,0.13550434201736822,True,False,False
jev_interval1,0,300000,sampled,2000012,-1.3299999999999912,27,False,0.07449565798263195,True,False,False
jev_interval1,0,300000,sampled,2000013,89.18249999999976,227,False,0.5688844355377428,True,False,False
jev_interval1,0,300000,sampled,2000014,56.12250000000025,165,False,0.38889779559118387,True,False,False
jev_interval1,0,300000,sampled,2000015,63.073124999999884,187,False,0.4272177688710752,True,False,False
jev_interval1,0,300000,sampled,2000016,107.66499999999955,246,False,0.6686706746826987,True,False,False
jev_interval1,0,300000,sampled,2000017,55.83875000000027,140,False,0.38604542418169807,True,False,False
jev_interval1,0,300000,sampled,2000018,90.49874999999969,219,False,0.5754909819639281,True,False,False
jev_interval1,0,300000,sampled,2000019,106.7143749999997,261,False,0.6643921175684713,True,False,False
jev_interval1,0,300000,greedy,4000000,95.60499999999895,352,False,0.5297261189044756,False,True,False
jev_interval1,0,400000,sampled,2000000,19.897500000000065,115,False,0.21442885771543085,True,False,False
jev_interval1,0,400000,sampled,2000001,56.29500000000002,183,False,0.3907815631262525,True,False,False
jev_interval1,0,400000,sampled,2000002,61.494999999999756,168,False,0.4177688710754839,True,False,False
jev_interval1,0,400000,sampled,2000003,-2.492499999999996,36,False,0.06876419505678022,True,False,False
jev_interval1,0,400000,sampled,2000004,138.21624999999986,341,False,0.8370140280561122,True,False,False
jev_interval1,0,400000,sampled,2000005,25.231875000000066,101,False,0.22039746158984652,True,False,False
jev_interval1,0,400000,sampled,2000006,232.94625000000065,426,True,1.0,True,False,False
jev_interval1,0,400000,sampled,2000007,65.82999999999996,157,False,0.4403473613894457,True,False,False
jev_interval1,0,400000,sampled,2000008,27.656249999999986,104,False,0.23351369405477607,True,False,False
jev_interval1,0,400000,sampled,2000009,63.691874999999946,159,False,0.42902805611222466,True,False,False
jev_interval1,0,400000,sampled,2000010,26.56374999999997,91,False,0.22698062792251164,True,False,False
jev_interval1,0,400000,sampled,2000011,24.735000000000028,96,False,0.21747494989979965,True,False,False
jev_interval1,0,400000,sampled,2000012,24.653750000000123,137,False,0.21923179692718806,True,False,False
jev_interval1,0,400000,sampled,2000013,-1.4349999999999934,28,False,0.07398797595190382,True,False,False
jev_interval1,0,400000,sampled,2000014,24.391874999999978,112,False,0.21649632598530397,True,False,False
jev_interval1,0,400000,sampled,2000015,61.001249999999764,181,False,0.415824983299933,True,False,False
jev_interval1,0,400000,sampled,2000016,-1.3949999999999871,28,False,0.07420173680694728,True,False,False
jev_interval1,0,400000,sampled,2000017,233.1712500000006,410,True,1.0,True,False,False
jev_interval1,0,400000,sampled,2000018,55.54875000000009,188,False,0.3870607882431531,True,False,False
jev_interval1,0,400000,sampled,2000019,21.304999999999957,82,False,0.19839679358717435,True,False,False
jev_interval1,0,400000,greedy,4000000,-1.9749999999999908,32,False,0.07131596526386108,True,False,False
jev_interval1,0,500000,sampled,2000000,232.57875000000087,459,True,1.0,True,False,False
jev_interval1,0,500000,sampled,2000001,138.7912499999998,317,False,0.8388042752171004,True,False,False
jev_interval1,0,500000,sampled,2000002,58.85249999999969,234,False,0.4187174348697397,True,False,False
jev_interval1,0,500000,sampled,2000003,24.09999999999993,108,False,0.21472277889111552,True,False,False
jev_interval1,0,500000,sampled,2000004,65.00124999999998,167,False,0.4364529058116239,True,False,False
jev_interval1,0,500000,sampled,2000005,-1.2499999999999982,26,False,0.0748697394789579,True,False,False
jev_interval1,0,500000,sampled,2000006,138.70249999999993,321,False,0.8385437541750169,True,False,False
jev_interval1,0,500000,sampled,2000007,233.32875000000058,390,True,1.0,True,False,False
jev_interval1,0,500000,sampled,2000008,89.43249999999958,206,False,0.5690981963927848,True,False,False
jev_interval1,0,500000,sampled,2000009,233.40375000000057,386,True,1.0,True,False,False
jev_interval1,0,500000,sampled,2000010,233.5212500000004,365,True,1.0,True,False,False
jev_interval1,0,500000,sampled,2000011,233.40375000000049,379,True,1.0,True,False,False
jev_interval1,0,500000,sampled,2000012,138.72249999999983,327,False,0.8389712758851035,True,False,False
jev_interval1,0,500000,sampled,2000013,24.753750000000025,130,False,0.21939211756847013,True,False,False
jev_interval1,0,500000,sampled,2000014,232.9762500000007,416,True,1.0,True,False,False
jev_interval1,0,500000,sampled,2000015,25.568749999999945,90,False,0.22160988643954566,True,False,False
jev_interval1,0,500000,sampled,2000016,65.74437499999993,170,False,0.4405845023380095,True,False,False
jev_interval1,0,500000,sampled,2000017,233.12125000000057,408,True,1.0,True,False,False
jev_interval1,0,500000,sampled,2000018,-2.609999999999987,36,False,0.06813627254509022,True,False,False
jev_interval1,0,500000,sampled,2000019,21.114999999999966,101,False,0.19839679358717435,True,False,False
jev_interval1,0,500000,greedy,4000000,233.2487500000007,397,True,1.0,True,False,False
jev_interval1,0,600000,sampled,2000000,233.17750000000052,407,True,1.0,True,False,False
jev_interval1,0,600000,sampled,2000001,-1.3599999999999959,27,False,0.07433533734134937,True,False,False
jev_interval1,0,600000,sampled,2000002,138.98624999999993,297,False,0.8387775551102205,True,False,False
jev_interval1,0,600000,sampled,2000003,28.493750000000013,103,False,0.23793587174348702,True,False,False
jev_interval1,0,600000,sampled,2000004,64.79687499999991,191,False,0.43664328657314644,True,False,False
jev_interval1,0,600000,sampled,2000005,-1.122499999999997,26,False,0.07555110220440882,True,False,False
jev_interval1,0,600000,sampled,2000006,232.91875000000084,435,True,1.0,True,False,False
jev_interval1,0,600000,sampled,2000007,65.6462499999999,173,False,0.4402204408817634,True,False,False
jev_interval1,0,600000,sampled,2000008,25.868750000000006,88,False,0.2231062124248496,True,False,False
jev_interval1,0,600000,sampled,2000009,-1.6149999999999913,29,False,0.0730794923179693,True,False,False
jev_interval1,0,600000,sampled,2000010,233.4212500000008,385,True,1.0,True,False,False
jev_interval1,0,600000,sampled,2000011,29.52499999999995,98,False,0.24317969271877074,True,False,False
jev_interval1,0,600000,sampled,2000012,65.14999999999988,174,False,0.43762191048764193,True,False,False
jev_interval1,0,600000,sampled,2000013,65.70750000000002,176,False,0.44070808283233154,True,False,False
jev_interval1,0,600000,sampled,2000014,131.9749999999997,315,False,0.8022712090848363,True,False,False
jev_interval1,0,600000,sampled,2000015,28.8275,93,False,0.23918503674014693,True,False,False
jev_interval1,0,600000,sampled,2000016,233.00000000000057,424,True,1.0,True,False,False
jev_interval1,0,600000,sampled,2000017,233.2350000000006,402,True,1.0,True,False,False
jev_interval1,0,600000,sampled,2000018,26.622499999999953,87,False,0.22708082832331322,True,False,False
jev_interval1,0,600000,sampled,2000019,233.2562500000006,391,True,1.0,True,False,False
jev_interval1,0,600000,greedy,4000000,129.19500000000087,393,False,0.7114228456913828,False,True,False
jev_interval1,0,700000,sampled,2000000,107.60499999999945,252,False,0.6686706746826987,True,False,False
jev_interval1,0,700000,sampled,2000001,27.71874999999997,81,False,0.23261857047428183,True,False,False
jev_interval1,0,700000,sampled,2000002,233.2912500000007,385,True,1.0,True,False,False
jev_interval1,0,700000,sampled,2000003,233.58187500000057,365,True,1.0,True,False,False
jev_interval1,0,700000,sampled,2000004,65.99249999999992,155,False,0.44110888443553786,True,False,False
jev_interval1,0,700000,sampled,2000005,139.73124999999993,287,False,0.842224448897796,True,False,False
jev_interval1,0,700000,sampled,2000006,25.94749999999997,96,False,0.22395457581830322,True,False,False
jev_interval1,0,700000,sampled,2000007,233.2937500000007,395,True,1.0,True,False,False
jev_interval1,0,700000,sampled,2000008,233.37375000000054,383,True,1.0,True,False,False
jev_interval1,0,700000,sampled,2000009,233.43500000000031,375,True,1.0,True,False,False
jev_interval1,0,700000,sampled,2000010,65.75624999999997,173,False,0.440808283233133,True,False,False
jev_interval1,0,700000,sampled,2000011,233.57125000000056,369,True,1.0,True,False,False
jev_interval1,0,700000,sampled,2000012,233.19500000000076,395,True,1.0,True,False,False
jev_interval1,0,700000,sampled,2000013,-1.3637499999999925,27,False,0.07431529726118906,True,False,False
jev_interval1,0,700000,sampled,2000014,65.93249999999988,156,False,0.44084168336673335,True,False,False
jev_interval1,0,700000,sampled,2000015,27.611874999999976,83,False,0.23215430861723432,True,False,False
jev_interval1,0,700000,sampled,2000016,65.92624999999994,156,False,0.44080828323313315,True,False,False
jev_interval1,0,700000,sampled,2000017,61.19624999999986,170,False,0.4162792251169007,True,False,False
jev_interval1,0,700000,sampled,2000018,65.8037499999999,165,False,0.44063460253840986,True,False,False
jev_interval1,0,700000,sampled,2000019,233.4200000000006,380,True,1.0,True,False,False
jev_interval1,0,700000,greedy,4000000,29.675000000000033,77,False,0.2428590514362059,True,False,False
jev_interval1,0,800000,sampled,2000000,63.53187499999989,149,False,0.42763861055444213,True,False,False
jev_interval1,0,800000,sampled,2000001,233.61875000000026,356,True,1.0,True,False,False
jev_interval1,0,800000,sampled,2000002,132.1249999999999,300,False,0.8022712090848363,True,False,False
jev_interval1,0,800000,sampled,2000003,233.7150000000004,352,True,1.0,True,False,False
jev_interval1,0,800000,sampled,2000004,233.76125000000033,344,True,1.0,True,False,False
jev_interval1,0,800000,sampled,2000005,233.4150000000005,373,True,1.0,True,False,False
jev_interval1,0,800000,sampled,2000006,56.71624999999998,139,False,0.39068136272545084,True,False,False
jev_interval1,0,800000,sampled,2000007,233.48125000000064,373,True,1.0,True,False,False
jev_interval1,0,800000,sampled,2000008,65.48999999999987,164,False,0.4389044756179023,True,False,False
jev_interval1,0,800000,sampled,2000009,-1.1974999999999962,26,False,0.07515030060120241,True,False,False
jev_interval1,0,800000,sampled,2000010,233.60625000000044,358,True,1.0,True,False,False
jev_interval1,0,800000,sampled,2000011,119.99374999999945,263,False,0.7354642618570476,True,False,False
jev_interval1,0,800000,sampled,2000012,233.40875000000054,386,True,1.0,True,False,False
jev_interval1,0,800000,sampled,2000013,132.27499999999978,285,False,0.8022712090848363,True,False,False
jev_interval1,0,800000,sampled,2000014,233.62875000000054,364,True,1.0,True,False,False
jev_interval1,0,800000,sampled,2000015,233.7587500000004,346,True,1.0,True,False,False
jev_interval1,0,800000,sampled,2000016,139.64874999999986,295,False,0.8422110888443557,True,False,False
jev_interval1,0,800000,sampled,2000017,233.4387500000006,377,True,1.0,True,False,False
jev_interval1,0,800000,sampled,2000018,65.25374999999994,179,False,0.4384435537742151,True,False,False
jev_interval1,0,800000,sampled,2000019,139.73999999999978,287,False,0.8422712090848364,True,False,False
jev_interval1,0,800000,greedy,4000000,233.85875000000024,332,True,1.0,True,False,False
jev_interval1,0,900000,sampled,2000000,233.8487500000004,333,True,1.0,True,False,False
jev_interval1,0,900000,sampled,2000001,233.68750000000048,344,True,1.0,True,False,False
jev_interval1,0,900000,sampled,2000002,233.8062500000006,347,True,1.0,True,False,False
jev_interval1,0,900000,sampled,2000003,-2.2874999999999943,34,False,0.06975283901135605,True,False,False
jev_interval1,0,900000,sampled,2000004,233.64625000000044,354,True,1.0,True,False,False
jev_interval1,0,900000,sampled,2000005,233.81875000000048,336,True,1.0,True,False,False
jev_interval1,0,900000,sampled,2000006,233.6462500000005,354,True,1.0,True,False,False
jev_interval1,0,900000,sampled,2000007,233.63750000000036,356,True,1.0,True,False,False
jev_interval1,0,900000,sampled,2000008,233.7787500000005,349,True,1.0,True,False,False
jev_interval1,0,900000,sampled,2000009,233.60750000000053,352,True,1.0,True,False,False
jev_interval1,0,900000,sampled,2000010,233.50875000000067,371,True,1.0,True,False,False
jev_interval1,0,900000,sampled,2000011,233.70250000000058,343,True,1.0,True,False,False
jev_interval1,0,900000,sampled,2000012,233.53625000000042,365,True,1.0,True,False,False
jev_interval1,0,900000,sampled,2000013,233.83750000000046,329,True,1.0,True,False,False
jev_interval1,0,900000,sampled,2000014,-1.2449999999999992,26,False,0.07489645958583832,True,False,False
jev_interval1,0,900000,sampled,2000015,233.77625000000054,341,True,1.0,True,False,False
jev_interval1,0,900000,sampled,2000016,-1.9112499999999955,31,False,0.07160320641282565,True,False,False
jev_interval1,0,900000,sampled,2000017,233.79875000000058,340,True,1.0,True,False,False
jev_interval1,0,900000,sampled,2000018,28.50249999999999,91,False,0.23734134936539736,True,False,False
jev_interval1,0,900000,sampled,2000019,233.6087500000005,361,True,1.0,True,False,False
jev_interval1,0,900000,greedy,4000000,232.76625000000135,442,True,1.0,True,False,False
jev_interval1,0,1000000,sampled,2000000,233.98000000000042,315,True,1.0,True,False,False
jev_interval1,0,1000000,sampled,2000001,66.12874999999998,142,False,0.44114228456913857,True,False,False
jev_interval1,0,1000000,sampled,2000002,-1.168750000000001,26,False,0.07530394121576484,True,False,False
jev_interval1,0,1000000,sampled,2000003,-1.2312499999999975,26,False,0.07496993987975951,True,False,False
jev_interval1,0,1000000,sampled,2000004,234.0250000000004,323,True,1.0,True,False,False
jev_interval1,0,1000000,sampled,2000005,233.98875000000032,319,True,1.0,True,False,False
jev_interval1,0,1000000,sampled,2000006,234.04000000000042,309,True,1.0,True,False,False
jev_interval1,0,1000000,sampled,2000007,234.06625000000042,309,True,1.0,True,False,False
jev_interval1,0,1000000,sampled,2000008,66.12874999999987,142,False,0.4411422845691381,True,False,False
jev_interval1,0,1000000,sampled,2000009,-1.168750000000001,26,False,0.07530394121576484,True,False,False
jev_interval1,0,1000000,sampled,2000010,233.85000000000036,328,True,1.0,True,False,False
jev_interval1,0,1000000,sampled,2000011,233.81875000000065,335,True,1.0,True,False,False
jev_interval1,0,1000000,sampled,2000012,233.9887500000005,319,True,1.0,True,False,False
jev_interval1,0,1000000,sampled,2000013,233.9587500000006,321,True,1.0,True,False,False
jev_interval1,0,1000000,sampled,2000014,-1.2074999999999942,26,False,0.07509686038744157,True,False,False
jev_interval1,0,1000000,sampled,2000015,-1.256249999999996,26,False,0.07483633934535738,True,False,False
jev_interval1,0,1000000,sampled,2000016,-1.2074999999999942,26,False,0.07509686038744157,True,False,False
jev_interval1,0,1000000,sampled,2000017,233.96875000000048,320,True,1.0,True,False,False
jev_interval1,0,1000000,sampled,2000018,-1.1737499999999965,26,False,0.07527722110888443,True,False,False
jev_interval1,0,1000000,sampled,2000019,234.10625000000047,315,True,1.0,True,False,False
jev_interval1,0,1000000,greedy,4000000,-1.2887499999999985,26,False,0.0746626586506346,True,False,False
jev_interval1,0,1100000,sampled,2000000,64.23249999999993,132,False,0.43047428189712755,True,False,False
jev_interval1,0,1100000,sampled,2000001,233.8975000000005,323,True,1.0,True,False,False
jev_interval1,0,1100000,sampled,2000002,-1.1974999999999962,26,False,0.07515030060120241,True,False,False
jev_interval1,0,1100000,sampled,2000003,233.90750000000054,322,True,1.0,True,False,False
jev_interval1,0,1100000,sampled,2000004,234.0975000000004,308,True,1.0,True,False,False
jev_interval1,0,1100000,sampled,2000005,234.10250000000042,303,True,1.0,True,False,False
jev_interval1,0,1100000,sampled,2000006,233.8975000000005,323,True,1.0,True,False,False
jev_interval1,0,1100000,sampled,2000007,233.99875000000048,317,True,1.0,True,False,False
jev_interval1,0,1100000,sampled,2000008,234.07125000000036,309,True,1.0,True,False,False
jev_interval1,0,1100000,sampled,2000009,233.8575000000005,332,True,1.0,True,False,False
jev_interval1,0,1100000,sampled,2000010,234.0687500000005,320,True,1.0,True,False,False
jev_interval1,0,1100000,sampled,2000011,234.1275000000004,311,True,1.0,True,False,False
jev_interval1,0,1100000,sampled,2000012,234.01750000000038,316,True,1.0,True,False,False
jev_interval1,0,1100000,sampled,2000013,132.48499999999993,264,False,0.8022712090848363,True,False,False
jev_interval1,0,1100000,sampled,2000014,234.17250000000044,309,True,1.0,True,False,False
jev_interval1,0,1100000,sampled,2000015,64.18375000000003,132,False,0.4302137608550439,True,False,False
jev_interval1,0,1100000,sampled,2000016,233.87750000000057,325,True,1.0,True,False,False
jev_interval1,0,1100000,sampled,2000017,234.01625000000038,314,True,1.0,True,False,False
jev_interval1,0,1100000,sampled,2000018,90.80249999999965,185,False,0.5752972611890447,True,False,False
jev_interval1,0,1100000,sampled,2000019,234.04000000000042,309,True,1.0,True,False,False
jev_interval1,0,1100000,greedy,4000000,234.0975000000004,308,True,1.0,True,False,False
jev_interval1,0,1200000,sampled,2000000,234.0975000000004,308,True,1.0,True,False,False
jev_interval1,0,1200000,sampled,2000001,234.08625000000043,310,True,1.0,True,False,False
jev_interval1,0,1200000,sampled,2000002,234.0925000000004,308,True,1.0,True,False,False
jev_interval1,0,1200000,sampled,2000003,234.1150000000004,303,True,1.0,True,False,False
jev_interval1,0,1200000,sampled,2000004,233.98500000000047,315,True,1.0,True,False,False
jev_interval1,0,1200000,sampled,2000005,137.98999999999998,252,False,0.8310487641950571,True,False,False
jev_interval1,0,1200000,sampled,2000006,234.14000000000038,303,True,1.0,True,False,False
jev_interval1,0,1200000,sampled,2000007,234.15750000000037,303,True,1.0,True,False,False
jev_interval1,0,1200000,sampled,2000008,138.66875000000002,265,False,0.8353707414829659,True,False,False
jev_interval1,0,1200000,sampled,2000009,234.12875000000042,308,True,1.0,True,False,False
jev_interval1,0,1200000,sampled,2000010,233.85375000000062,331,True,1.0,True,False,False
jev_interval1,0,1200000,sampled,2000011,234.09125000000049,315,True,1.0,True,False,False
jev_interval1,0,1200000,sampled,2000012,234.25125000000037,303,True,1.0,True,False,False
jev_interval1,0,1200000,sampled,2000013,234.1300000000004,303,True,1.0,True,False,False
jev_interval1,0,1200000,sampled,2000014,234.16875000000044,310,True,1.0,True,False,False
jev_interval1,0,1200000,sampled,2000015,233.85375000000056,331,True,1.0,True,False,False
jev_interval1,0,1200000,sampled,2000016,234.0987500000004,308,True,1.0,True,False,False
jev_interval1,0,1200000,sampled,2000017,233.95750000000044,317,True,1.0,True,False,False
jev_interval1,0,1200000,sampled,2000018,234.1150000000004,303,True,1.0,True,False,False
jev_interval1,0,1200000,sampled,2000019,234.06125000000034,317,True,1.0,True,False,False
jev_interval1,0,1200000,greedy,4000000,234.14625000000038,303,True,1.0,True,False,False
jev_interval1,0,1300000,sampled,2000000,234.0875000000004,308,True,1.0,True,False,False
jev_interval1,0,1300000,sampled,2000001,234.15750000000037,303,True,1.0,True,False,False
jev_interval1,0,1300000,sampled,2000002,234.15750000000037,303,True,1.0,True,False,False
jev_interval1,0,1300000,sampled,2000003,234.15750000000037,303,True,1.0,True,False,False
jev_interval1,0,1300000,sampled,2000004,234.0975000000004,308,True,1.0,True,False,False
jev_interval1,0,1300000,sampled,2000005,234.14750000000038,303,True,1.0,True,False,False
jev_interval1,0,1300000,sampled,2000006,234.15750000000037,303,True,1.0,True,False,False
jev_interval1,0,1300000,sampled,2000007,234.14625000000038,303,True,1.0,True,False,False
jev_interval1,0,1300000,sampled,2000008,234.13625000000036,303,True,1.0,True,False,False
jev_interval1,0,1300000,sampled,2000009,234.15750000000037,303,True,1.0,True,False,False
jev_interval1,0,1300000,sampled,2000010,234.14625000000038,303,True,1.0,True,False,False
jev_interval1,0,1300000,sampled,2000011,234.14000000000036,303,True,1.0,True,False,False
jev_interval1,0,1300000,sampled,2000012,234.15750000000037,303,True,1.0,True,False,False
jev_interval1,0,1300000,sampled,2000013,234.14625000000038,303,True,1.0,True,False,False
jev_interval1,0,1300000,sampled,2000014,234.15750000000037,303,True,1.0,True,False,False
jev_interval1,0,1300000,sampled,2000015,234.0975000000004,308,True,1.0,True,False,False
jev_interval1,0,1300000,sampled,2000016,234.13625000000036,303,True,1.0,True,False,False
jev_interval1,0,1300000,sampled,2000017,234.15750000000037,303,True,1.0,True,False,False
jev_interval1,0,1300000,sampled,2000018,234.0975000000004,308,True,1.0,True,False,False
jev_interval1,0,1300000,sampled,2000019,233.99875000000048,317,True,1.0,True,False,False
jev_interval1,0,1300000,greedy,4000000,234.15750000000037,303,True,1.0,True,False,False
jev_interval1,0,1400000,sampled,2000000,234.13125000000048,315,True,1.0,True,False,False
jev_interval1,0,1400000,sampled,2000001,26.789999999999978,81,False,0.2276553106212424,True,False,False
jev_interval1,0,1400000,sampled,2000002,233.76750000000058,336,True,1.0,True,False,False
jev_interval1,0,1400000,sampled,2000003,234.0050000000005,320,True,1.0,True,False,False
jev_interval1,0,1400000,sampled,2000004,234.13125000000048,315,True,1.0,True,False,False
jev_interval1,0,1400000,sampled,2000005,234.0025000000006,324,True,1.0,True,False,False
jev_interval1,0,1400000,sampled,2000006,234.0987500000004,303,True,1.0,True,False,False
jev_interval1,0,1400000,sampled,2000007,234.14875000000043,303,True,1.0,True,False,False
jev_interval1,0,1400000,sampled,2000008,150.415000000001,371,False,0.9038076152304609,True,False,False
jev_interval1,0,1400000,sampled,2000009,233.25875000000127,401,True,1.0,True,False,False
jev_interval1,0,1400000,sampled,2000010,172.7550000000016,437,False,0.9465597862391449,False,True,False
jev_interval1,0,1400000,sampled,2000011,234.08625000000043,310,True,1.0,True,False,False
jev_interval1,0,1400000,sampled,2000012,234.18875000000043,308,True,1.0,True,False,False
jev_interval1,0,1400000,sampled,2000013,234.04125000000047,324,True,1.0,True,False,False
jev_interval1,0,1400000,sampled,2000014,234.23250000000044,303,True,1.0,True,False,False
jev_interval1,0,1400000,sampled,2000015,150.48500000000092,364,False,0.9038076152304609,True,False,False
jev_interval1,0,1400000,sampled,2000016,234.09125000000046,319,True,1.0,True,False,False
jev_interval1,0,1400000,sampled,2000017,234.09375000000045,315,True,1.0,True,False,False
jev_interval1,0,1400000,sampled,2000018,234.14750000000038,303,True,1.0,True,False,False
jev_interval1,0,1400000,sampled,2000019,172.7550000000016,437,False,0.9465597862391449,False,True,False
jev_interval1,0,1400000,greedy,4000000,234.15750000000037,303,True,1.0,True,False,False
jev_interval1,0,1500000,sampled,2000000,234.15750000000037,303,True,1.0,True,False,False
jev_interval1,0,1500000,sampled,2000001,234.15750000000037,303,True,1.0,True,False,False
jev_interval1,0,1500000,sampled,2000002,234.15750000000037,303,True,1.0,True,False,False
jev_interval1,0,1500000,sampled,2000003,234.15750000000037,303,True,1.0,True,False,False
jev_interval1,0,1500000,sampled,2000004,234.15750000000037,303,True,1.0,True,False,False
jev_interval1,0,1500000,sampled,2000005,234.15750000000037,303,True,1.0,True,False,False
jev_interval1,0,1500000,sampled,2000006,234.15750000000037,303,True,1.0,True,False,False
jev_interval1,0,1500000,sampled,2000007,234.12375000000043,308,True,1.0,True,False,False
jev_interval1,0,1500000,sampled,2000008,234.15750000000037,303,True,1.0,True,False,False
jev_interval1,0,1500000,sampled,2000009,234.15750000000037,303,True,1.0,True,False,False
jev_interval1,0,1500000,sampled,2000010,234.15750000000037,303,True,1.0,True,False,False
jev_interval1,0,1500000,sampled,2000011,234.0475000000004,308,True,1.0,True,False,False
jev_interval1,0,1500000,sampled,2000012,234.13375000000042,307,True,1.0,True,False,False
jev_interval1,0,1500000,sampled,2000013,233.9575000000005,317,True,1.0,True,False,False
jev_interval1,0,1500000,sampled,2000014,234.15750000000037,303,True,1.0,True,False,False
jev_interval1,0,1500000,sampled,2000015,234.0475000000004,308,True,1.0,True,False,False
jev_interval1,0,1500000,sampled,2000016,233.9137500000005,329,True,1.0,True,False,False
jev_interval1,0,1500000,sampled,2000017,234.15750000000037,303,True,1.0,True,False,False
jev_interval1,0,1500000,sampled,2000018,234.2012500000004,308,True,1.0,True,False,False
jev_interval1,0,1500000,sampled,2000019,234.15750000000037,303,True,1.0,True,False,False
jev_interval1,0,1500000,greedy,4000000,234.15750000000037,303,True,1.0,True,False,False
jev_interval1,0,1600000,sampled,2000000,234.15750000000037,303,True,1.0,True,False,False
jev_interval1,0,1600000,sampled,2000001,234.15750000000037,303,True,1.0,True,False,False
jev_interval1,0,1600000,sampled,2000002,234.15750000000037,303,True,1.0,True,False,False
jev_interval1,0,1600000,sampled,2000003,234.15750000000037,303,True,1.0,True,False,False
jev_interval1,0,1600000,sampled,2000004,234.15750000000037,303,True,1.0,True,False,False
jev_interval1,0,1600000,sampled,2000005,234.15750000000037,303,True,1.0,True,False,False
jev_interval1,0,1600000,sampled,2000006,234.15750000000037,303,True,1.0,True,False,False
jev_interval1,0,1600000,sampled,2000007,234.15750000000037,303,True,1.0,True,False,False
jev_interval1,0,1600000,sampled,2000008,234.15750000000037,303,True,1.0,True,False,False
jev_interval1,0,1600000,sampled,2000009,234.15750000000037,303,True,1.0,True,False,False
jev_interval1,0,1600000,sampled,2000010,234.15750000000037,303,True,1.0,True,False,False
jev_interval1,0,1600000,sampled,2000011,234.15750000000037,303,True,1.0,True,False,False
jev_interval1,0,1600000,sampled,2000012,234.15750000000037,303,True,1.0,True,False,False
jev_interval1,0,1600000,sampled,2000013,234.15750000000037,303,True,1.0,True,False,False
jev_interval1,0,1600000,sampled,2000014,234.15750000000037,303,True,1.0,True,False,False
jev_interval1,0,1600000,sampled,2000015,234.15750000000037,303,True,1.0,True,False,False
jev_interval1,0,1600000,sampled,2000016,234.15750000000037,303,True,1.0,True,False,False
jev_interval1,0,1600000,sampled,2000017,234.15750000000037,303,True,1.0,True,False,False
jev_interval1,0,1600000,sampled,2000018,234.15750000000037,303,True,1.0,True,False,False
jev_interval1,0,1600000,sampled,2000019,234.15750000000037,303,True,1.0,True,False,False
jev_interval1,0,1600000,greedy,4000000,234.15750000000037,303,True,1.0,True,False,False
jev_interval1,0,1700000,sampled,2000000,234.15250000000037,303,True,1.0,True,False,False
jev_interval1,0,1700000,sampled,2000001,234.15750000000037,303,True,1.0,True,False,False
jev_interval1,0,1700000,sampled,2000002,234.15750000000037,303,True,1.0,True,False,False
jev_interval1,0,1700000,sampled,2000003,234.15750000000037,303,True,1.0,True,False,False
jev_interval1,0,1700000,sampled,2000004,234.15750000000037,303,True,1.0,True,False,False
jev_interval1,0,1700000,sampled,2000005,234.15750000000037,303,True,1.0,True,False,False
jev_interval1,0,1700000,sampled,2000006,233.98750000000035,315,True,1.0,True,False,False
jev_interval1,0,1700000,sampled,2000007,234.15750000000037,303,True,1.0,True,False,False
jev_interval1,0,1700000,sampled,2000008,233.92750000000038,320,True,1.0,True,False,False
jev_interval1,0,1700000,sampled,2000009,234.15750000000037,303,True,1.0,True,False,False
jev_interval1,0,1700000,sampled,2000010,234.15750000000037,303,True,1.0,True,False,False
jev_interval1,0,1700000,sampled,2000011,234.15750000000037,303,True,1.0,True,False,False
jev_interval1,0,1700000,sampled,2000012,234.15750000000037,303,True,1.0,True,False,False
jev_interval1,0,1700000,sampled,2000013,234.08625000000043,310,True,1.0,True,False,False
jev_interval1,0,1700000,sampled,2000014,234.04125000000042,324,True,1.0,True,False,False
jev_interval1,0,1700000,sampled,2000015,234.08625000000043,310,True,1.0,True,False,False
jev_interval1,0,1700000,sampled,2000016,234.15750000000037,303,True,1.0,True,False,False
jev_interval1,0,1700000,sampled,2000017,234.15750000000037,303,True,1.0,True,False,False
jev_interval1,0,1700000,sampled,2000018,234.15750000000037,303,True,1.0,True,False,False
jev_interval1,0,1700000,sampled,2000019,234.15750000000037,303,True,1.0,True,False,False
jev_interval1,0,1700000,greedy,4000000,234.15750000000037,303,True,1.0,True,False,False
jev_interval1,0,1800000,sampled,2000000,234.15750000000037,303,True,1.0,True,False,False
jev_interval1,0,1800000,sampled,2000001,234.15750000000037,303,True,1.0,True,False,False
jev_interval1,0,1800000,sampled,2000002,234.15750000000037,303,True,1.0,True,False,False
jev_interval1,0,1800000,sampled,2000003,234.15750000000037,303,True,1.0,True,False,False
jev_interval1,0,1800000,sampled,2000004,234.15750000000037,303,True,1.0,True,False,False
jev_interval1,0,1800000,sampled,2000005,234.15750000000037,303,True,1.0,True,False,False
jev_interval1,0,1800000,sampled,2000006,234.15750000000037,303,True,1.0,True,False,False
jev_interval1,0,1800000,sampled,2000007,234.15750000000037,303,True,1.0,True,False,False
jev_interval1,0,1800000,sampled,2000008,234.15750000000037,303,True,1.0,True,False,False
jev_interval1,0,1800000,sampled,2000009,234.15750000000037,303,True,1.0,True,False,False
jev_interval1,0,1800000,sampled,2000010,234.15750000000037,303,True,1.0,True,False,False
jev_interval1,0,1800000,sampled,2000011,234.15750000000037,303,True,1.0,True,False,False
jev_interval1,0,1800000,sampled,2000012,234.15750000000037,303,True,1.0,True,False,False
jev_interval1,0,1800000,sampled,2000013,234.15750000000037,303,True,1.0,True,False,False
jev_interval1,0,1800000,sampled,2000014,234.15750000000037,303,True,1.0,True,False,False
jev_interval1,0,1800000,sampled,2000015,234.15750000000037,303,True,1.0,True,False,False
jev_interval1,0,1800000,sampled,2000016,234.15750000000037,303,True,1.0,True,False,False
jev_interval1,0,1800000,sampled,2000017,234.15750000000037,303,True,1.0,True,False,False
jev_interval1,0,1800000,sampled,2000018,234.15750000000037,303,True,1.0,True,False,False
jev_interval1,0,1800000,sampled,2000019,234.15750000000037,303,True,1.0,True,False,False
jev_interval1,0,1800000,greedy,4000000,234.15750000000037,303,True,1.0,True,False,False
jev_interval1,0,1900000,sampled,2000000,64.23249999999993,132,False,0.43047428189712755,True,False,False
jev_interval1,0,1900000,sampled,2000001,234.13625000000036,303,True,1.0,True,False,False
jev_interval1,0,1900000,sampled,2000002,234.15750000000037,303,True,1.0,True,False,False
jev_interval1,0,1900000,sampled,2000003,234.18500000000037,307,True,1.0,True,False,False
jev_interval1,0,1900000,sampled,2000004,234.15750000000037,303,True,1.0,True,False,False
jev_interval1,0,1900000,sampled,2000005,234.15750000000037,303,True,1.0,True,False,False
jev_interval1,0,1900000,sampled,2000006,234.15750000000037,303,True,1.0,True,False,False
jev_interval1,0,1900000,sampled,2000007,234.15750000000037,303,True,1.0,True,False,False
jev_interval1,0,1900000,sampled,2000008,234.15750000000037,303,True,1.0,True,False,False
jev_interval1,0,1900000,sampled,2000009,234.1362500000004,303,True,1.0,True,False,False
jev_interval1,0,1900000,sampled,2000010,234.15750000000037,303,True,1.0,True,False,False
jev_interval1,0,1900000,sampled,2000011,234.18500000000037,307,True,1.0,True,False,False
jev_interval1,0,1900000,sampled,2000012,234.15750000000037,303,True,1.0,True,False,False
jev_interval1,0,1900000,sampled,2000013,234.15750000000037,303,True,1.0,True,False,False
jev_interval1,0,1900000,sampled,2000014,234.15750000000037,303,True,1.0,True,False,False
jev_interval1,0,1900000,sampled,2000015,234.18500000000037,307,True,1.0,True,False,False
jev_interval1,0,1900000,sampled,2000016,234.15750000000037,303,True,1.0,True,False,False
jev_interval1,0,1900000,sampled,2000017,234.15750000000037,303,True,1.0,True,False,False
jev_interval1,0,1900000,sampled,2000018,234.15750000000037,303,True,1.0,True,False,False
jev_interval1,0,1900000,sampled,2000019,234.15750000000037,303,True,1.0,True,False,False
jev_interval1,0,1900000,greedy,4000000,234.15750000000037,303,True,1.0,True,False,False
jev_interval1,0,2000000,sampled,2000000,234.15750000000037,303,True,1.0,True,False,False
jev_interval1,0,2000000,sampled,2000001,234.15750000000037,303,True,1.0,True,False,False
jev_interval1,0,2000000,sampled,2000002,234.11500000000038,303,True,1.0,True,False,False
jev_interval1,0,2000000,sampled,2000003,234.0600000000005,320,True,1.0,True,False,False
jev_interval1,0,2000000,sampled,2000004,234.1362500000004,303,True,1.0,True,False,False
jev_interval1,0,2000000,sampled,2000005,234.1150000000004,303,True,1.0,True,False,False
jev_interval1,0,2000000,sampled,2000006,233.518750000001,375,True,1.0,True,False,False
jev_interval1,0,2000000,sampled,2000007,234.14625000000038,303,True,1.0,True,False,False
jev_interval1,0,2000000,sampled,2000008,234.09250000000037,311,True,1.0,True,False,False
jev_interval1,0,2000000,sampled,2000009,234.1087500000004,310,True,1.0,True,False,False
jev_interval1,0,2000000,sampled,2000010,234.04625000000044,314,True,1.0,True,False,False
jev_interval1,0,2000000,sampled,2000011,234.11750000000038,303,True,1.0,True,False,False
jev_interval1,0,2000000,sampled,2000012,234.15750000000037,303,True,1.0,True,False,False
jev_interval1,0,2000000,sampled,2000013,234.1362500000004,303,True,1.0,True,False,False
jev_interval1,0,2000000,sampled,2000014,234.1362500000004,303,True,1.0,True,False,False
jev_interval1,0,2000000,sampled,2000015,234.1787500000004,309,True,1.0,True,False,False
jev_interval1,0,2000000,sampled,2000016,234.13875000000036,303,True,1.0,True,False,False
jev_interval1,0,2000000,sampled,2000017,234.13625000000036,303,True,1.0,True,False,False
jev_interval1,0,2000000,sampled,2000018,234.0962500000004,303,True,1.0,True,False,False
jev_interval1,0,2000000,sampled,2000019,234.1362500000004,303,True,1.0,True,False,False
jev_interval1,0,2000000,greedy,4000000,234.15750000000037,303,True,1.0,True,False,False
