condition,training_seed,initial_checkpoint_sha256,initial_state,final_state,return,steps,illegal_pickup_dropoff,success,terminated,truncated
zeros,0,2fc3c65704aea7b1cdc040f85309d5c1bb79418e36815826dbb8851963ccafac,1,1,-2000.0,200,200,False,False,True
zeros,0,2fc3c65704aea7b1cdc040f85309d5c1bb79418e36815826dbb8851963ccafac,2,2,-2000.0,200,200,False,False,True
zeros,0,2fc3c65704aea7b1cdc040f85309d5c1bb79418e36815826dbb8851963ccafac,3,23,-200.0,200,0,False,False,True
zeros,0,2fc3c65704aea7b1cdc040f85309d5c1bb79418e36815826dbb8851963ccafac,4,4,-2000.0,200,200,False,False,True
zeros,0,2fc3c65704aea7b1cdc040f85309d5c1bb79418e36815826dbb8851963ccafac,6,6,-2000.0,200,200,False,False,True
zeros,0,2fc3c65704aea7b1cdc040f85309d5c1bb79418e36815826dbb8851963ccafac,7,7,-2000.0,200,200,False,False,True
zeros,0,2fc3c65704aea7b1cdc040f85309d5c1bb79418e36815826dbb8851963ccafac,8,8,-2000.0,200,200,False,False,True
zeros,0,2fc3c65704aea7b1cdc040f85309d5c1bb79418e36815826dbb8851963ccafac,9,9,-2000.0,200,200,False,False,True
zeros,0,2fc3c65704aea7b1cdc040f85309d5c1bb79418e36815826dbb8851963ccafac,11,11,-2000.0,200,200,False,False,True
zeros,0,2fc3c65704aea7b1cdc040f85309d5c1bb79418e36815826dbb8851963ccafac,12,12,-2000.0,200,200,False,False,True
zeros,0,2fc3c65704aea7b1cdc040f85309d5c1bb79418e36815826dbb8851963ccafac,13,13,-2000.0,200,200,False,False,True
zeros,0,2fc3c65704aea7b1cdc040f85309d5c1bb79418e36815826dbb8851963ccafac,14,14,-2000.0,200,200,False,False,True
zeros,0,2fc3c65704aea7b1cdc040f85309d5c1bb79418e36815826dbb8851963ccafac,21,21,-2000.0,200,200,False,False,True
zeros,0,2fc3c65704aea7b1cdc040f85309d5c1bb79418e36815826dbb8851963ccafac,22,22,-200.0,200,0,False,False,True
zeros,0,2fc3c65704aea7b1cdc040f85309d5c1bb79418e36815826dbb8851963ccafac,23,23,-200.0,200,0,False,False,True
zeros,0,2fc3c65704aea7b1cdc040f85309d5c1bb79418e36815826dbb8851963ccafac,24,24,-200.0,200,0,False,False,True
zeros,0,2fc3c65704aea7b1cdc040f85309d5c1bb79418e36815826dbb8851963ccafac,26,26,-2000.0,200,200,False,False,True
zeros,0,2fc3c65704aea7b1cdc040f85309d5c1bb79418e36815826dbb8851963ccafac,27,27,-200.0,200,0,False,False,True
zeros,0,2fc3c65704aea7b1cdc040f85309d5c1bb79418e36815826dbb8851963ccafac,28,28,-2000.0,200,200,False,False,True
zeros,0,2fc3c65704aea7b1cdc040f85309d5c1bb79418e36815826dbb8851963ccafac,29,29,-2000.0,200,200,False,False,True
zeros,0,2fc3c65704aea7b1cdc040f85309d5c1bb79418e36815826dbb8851963ccafac,31,31,-2000.0,200,200,False,False,True
zeros,0,2fc3c65704aea7b1cdc040f85309d5c1bb79418e36815826dbb8851963ccafac,32,32,-200.0,200,0,False,False,True
zeros,0,2fc3c65704aea7b1cdc040f85309d5c1bb79418e36815826dbb8851963ccafac,33,33,-2000.0,200,200,False,False,True
zeros,0,2fc3c65704aea7b1cdc040f85309d5c1bb79418e36815826dbb8851963ccafac,34,34,-200.0,200,0,False,False,True
zeros,0,2fc3c65704aea7b1cdc040f85309d5c1bb79418e36815826dbb8851963ccafac,41,41,-2000.0,200,200,False,False,True
zeros,0,2fc3c65704aea7b1cdc040f85309d5c1bb79418e36815826dbb8851963ccafac,42,42,-2000.0,200,200,False,False,True
zeros,0,2fc3c65704aea7b1cdc040f85309d5c1bb79418e36815826dbb8851963ccafac,43,83,-200.0,200,0,False,False,True
zeros,0,2fc3c65704aea7b1cdc040f85309d5c1bb79418e36815826dbb8851963ccafac,44,44,-2000.0,200,200,False,False,True
zeros,0,2fc3c65704aea7b1cdc040f85309d5c1bb79418e36815826dbb8851963ccafac,46,46,-2000.0,200,200,False,False,True
zeros,0,2fc3c65704aea7b1cdc040f85309d5c1bb79418e36815826dbb8851963ccafac,47,87,-1982.0,200,198,False,False,True
zeros,0,2fc3c65704aea7b1cdc040f85309d5c1bb79418e36815826dbb8851963ccafac,48,48,-2000.0,200,200,False,False,True
zeros,0,2fc3c65704aea7b1cdc040f85309d5c1bb79418e36815826dbb8851963ccafac,49,49,-2000.0,200,200,False,False,True
zeros,0,2fc3c65704aea7b1cdc040f85309d5c1bb79418e36815826dbb8851963ccafac,51,51,-2000.0,200,200,False,False,True
zeros,0,2fc3c65704aea7b1cdc040f85309d5c1bb79418e36815826dbb8851963ccafac,52,92,-1982.0,200,198,False,False,True
zeros,0,2fc3c65704aea7b1cdc040f85309d5c1bb79418e36815826dbb8851963ccafac,53,53,-2000.0,200,200,False,False,True
zeros,0,2fc3c65704aea7b1cdc040f85309d5c1bb79418e36815826dbb8851963ccafac,54,54,-200.0,200,0,False,False,True
zeros,0,2fc3c65704aea7b1cdc040f85309d5c1bb79418e36815826dbb8851963ccafac,61,61,-2000.0,200,200,False,False,True
zeros,0,2fc3c65704aea7b1cdc040f85309d5c1bb79418e36815826dbb8851963ccafac,62,82,-1991.0,200,199,False,False,True
zeros,0,2fc3c65704aea7b1cdc040f85309d5c1bb79418e36815826dbb8851963ccafac,63,83,-200.0,200,0,False,False,True
zeros,0,2fc3c65704aea7b1cdc040f85309d5c1bb79418e36815826dbb8851963ccafac,64,84,-1991.0,200,199,False,False,True
zeros,0,2fc3c65704aea7b1cdc040f85309d5c1bb79418e36815826dbb8851963ccafac,66,66,-2000.0,200,200,False,False,True
zeros,0,2fc3c65704aea7b1cdc040f85309d5c1bb79418e36815826dbb8851963ccafac,67,87,-1991.0,200,199,False,False,True
zeros,0,2fc3c65704aea7b1cdc040f85309d5c1bb79418e36815826dbb8851963ccafac,68,68,-2000.0,200,200,False,False,True
zeros,0,2fc3c65704aea7b1cdc040f85309d5c1bb79418e36815826dbb8851963ccafac,69,69,-2000.0,200,200,False,False,True
zeros,0,2fc3c65704aea7b1cdc040f85309d5c1bb79418e36815826dbb8851963ccafac,71,71,-2000.0,200,200,False,False,True
zeros,0,2fc3c65704aea7b1cdc040f85309d5c1bb79418e36815826dbb8851963ccafac,72,92,-1991.0,200,199,False,False,True
zeros,0,2fc3c65704aea7b1cdc040f85309d5c1bb79418e36815826dbb8851963ccafac,73,73,-2000.0,200,200,False,False,True
zeros,0,2fc3c65704aea7b1cdc040f85309d5c1bb79418e36815826dbb8851963ccafac,74,74,-200.0,200,0,False,False,True
zeros,0,2fc3c65704aea7b1cdc040f85309d5c1bb79418e36815826dbb8851963ccafac,81,81,-2000.0,200,200,False,False,True
zeros,0,2fc3c65704aea7b1cdc040f85309d5c1bb79418e36815826dbb8851963ccafac,82,82,-2000.0,200,200,False,False,True
zeros,0,2fc3c65704aea7b1cdc040f85309d5c1bb79418e36815826dbb8851963ccafac,83,83,-200.0,200,0,False,False,True
zeros,0,2fc3c65704aea7b1cdc040f85309d5c1bb79418e36815826dbb8851963ccafac,84,84,-2000.0,200,200,False,False,True
zeros,0,2fc3c65704aea7b1cdc040f85309d5c1bb79418e36815826dbb8851963ccafac,86,86,-2000.0,200,200,False,False,True
zeros,0,2fc3c65704aea7b1cdc040f85309d5c1bb79418e36815826dbb8851963ccafac,87,87,-2000.0,200,200,False,False,True
zeros,0,2fc3c65704aea7b1cdc040f85309d5c1bb79418e36815826dbb8851963ccafac,88,88,-2000.0,200,200,False,False,True
zeros,0,2fc3c65704aea7b1cdc040f85309d5c1bb79418e36815826dbb8851963ccafac,89,89,-2000.0,200,200,False,False,True
zeros,0,2fc3c65704aea7b1cdc040f85309d5c1bb79418e36815826dbb8851963ccafac,91,91,-2000.0,200,200,False,False,True
zeros,0,2fc3c65704aea7b1cdc040f85309d5c1bb79418e36815826dbb8851963ccafac,92,92,-2000.0,200,200,False,False,True
zeros,0,2fc3c65704aea7b1cdc040f85309d5c1bb79418e36815826dbb8851963ccafac,93,93,-2000.0,200,200,False,False,True
zeros,0,2fc3c65704aea7b1cdc040f85309d5c1bb79418e36815826dbb8851963ccafac,94,74,-200.0,200,0,False,False,True
zeros,0,2fc3c65704aea7b1cdc040f85309d5c1bb79418e36815826dbb8851963ccafac,101,101,-2000.0,200,200,False,False,True
zeros,0,2fc3c65704aea7b1cdc040f85309d5c1bb79418e36815826dbb8851963ccafac,102,102,-2000.0,200,200,False,False,True
zeros,0,2fc3c65704aea7b1cdc040f85309d5c1bb79418e36815826dbb8851963ccafac,103,123,-200.0,200,0,False,False,True
zeros,0,2fc3c65704aea7b1cdc040f85309d5c1bb79418e36815826dbb8851963ccafac,104,104,-2000.0,200,200,False,False,True
zeros,0,2fc3c65704aea7b1cdc040f85309d5c1bb79418e36815826dbb8851963ccafac,106,106,-2000.0,200,200,False,False,True
zeros,0,2fc3c65704aea7b1cdc040f85309d5c1bb79418e36815826dbb8851963ccafac,107,127,-200.0,200,0,False,False,True
zeros,0,2fc3c65704aea7b1cdc040f85309d5c1bb79418e36815826dbb8851963ccafac,108,108,-2000.0,200,200,False,False,True
zeros,0,2fc3c65704aea7b1cdc040f85309d5c1bb79418e36815826dbb8851963ccafac,109,109,-2000.0,200,200,False,False,True
zeros,0,2fc3c65704aea7b1cdc040f85309d5c1bb79418e36815826dbb8851963ccafac,111,111,-2000.0,200,200,False,False,True
zeros,0,2fc3c65704aea7b1cdc040f85309d5c1bb79418e36815826dbb8851963ccafac,112,112,-2000.0,200,200,False,False,True
zeros,0,2fc3c65704aea7b1cdc040f85309d5c1bb79418e36815826dbb8851963ccafac,113,113,-2000.0,200,200,False,False,True
zeros,0,2fc3c65704aea7b1cdc040f85309d5c1bb79418e36815826dbb8851963ccafac,114,114,-200.0,200,0,False,False,True
zeros,0,2fc3c65704aea7b1cdc040f85309d5c1bb79418e36815826dbb8851963ccafac,121,121,-2000.0,200,200,False,False,True
zeros,0,2fc3c65704aea7b1cdc040f85309d5c1bb79418e36815826dbb8851963ccafac,122,102,-1991.0,200,199,False,False,True
zeros,0,2fc3c65704aea7b1cdc040f85309d5c1bb79418e36815826dbb8851963ccafac,123,123,-200.0,200,0,False,False,True
zeros,0,2fc3c65704aea7b1cdc040f85309d5c1bb79418e36815826dbb8851963ccafac,124,124,-2000.0,200,200,False,False,True
zeros,0,2fc3c65704aea7b1cdc040f85309d5c1bb79418e36815826dbb8851963ccafac,126,126,-2000.0,200,200,False,False,True
zeros,0,2fc3c65704aea7b1cdc040f85309d5c1bb79418e36815826dbb8851963ccafac,127,127,-200.0,200,0,False,False,True
zeros,0,2fc3c65704aea7b1cdc040f85309d5c1bb79418e36815826dbb8851963ccafac,128,128,-2000.0,200,200,False,False,True
zeros,0,2fc3c65704aea7b1cdc040f85309d5c1bb79418e36815826dbb8851963ccafac,129,129,-2000.0,200,200,False,False,True
zeros,0,2fc3c65704aea7b1cdc040f85309d5c1bb79418e36815826dbb8851963ccafac,131,131,-2000.0,200,200,False,False,True
zeros,0,2fc3c65704aea7b1cdc040f85309d5c1bb79418e36815826dbb8851963ccafac,132,132,-2000.0,200,200,False,False,True
zeros,0,2fc3c65704aea7b1cdc040f85309d5c1bb79418e36815826dbb8851963ccafac,133,113,-1991.0,200,199,False,False,True
zeros,0,2fc3c65704aea7b1cdc040f85309d5c1bb79418e36815826dbb8851963ccafac,134,114,-200.0,200,0,False,False,True
zeros,0,2fc3c65704aea7b1cdc040f85309d5c1bb79418e36815826dbb8851963ccafac,141,141,-2000.0,200,200,False,False,True
zeros,0,2fc3c65704aea7b1cdc040f85309d5c1bb79418e36815826dbb8851963ccafac,142,142,-2000.0,200,200,False,False,True
zeros,0,2fc3c65704aea7b1cdc040f85309d5c1bb79418e36815826dbb8851963ccafac,143,183,-200.0,200,0,False,False,True
zeros,0,2fc3c65704aea7b1cdc040f85309d5c1bb79418e36815826dbb8851963ccafac,144,144,-2000.0,200,200,False,False,True
zeros,0,2fc3c65704aea7b1cdc040f85309d5c1bb79418e36815826dbb8851963ccafac,146,146,-2000.0,200,200,False,False,True
zeros,0,2fc3c65704aea7b1cdc040f85309d5c1bb79418e36815826dbb8851963ccafac,147,187,-1982.0,200,198,False,False,True
zeros,0,2fc3c65704aea7b1cdc040f85309d5c1bb79418e36815826dbb8851963ccafac,148,148,-2000.0,200,200,False,False,True
zeros,0,2fc3c65704aea7b1cdc040f85309d5c1bb79418e36815826dbb8851963ccafac,149,149,-2000.0,200,200,False,False,True
zeros,0,2fc3c65704aea7b1cdc040f85309d5c1bb79418e36815826dbb8851963ccafac,151,151,-2000.0,200,200,False,False,True
zeros,0,2fc3c65704aea7b1cdc040f85309d5c1bb79418e36815826dbb8851963ccafac,152,152,-2000.0,200,200,False,False,True
zeros,0,2fc3c65704aea7b1cdc040f85309d5c1bb79418e36815826dbb8851963ccafac,153,153,-2000.0,200,200,False,False,True
zeros,0,2fc3c65704aea7b1cdc040f85309d5c1bb79418e36815826dbb8851963ccafac,154,154,-2000.0,200,200,False,False,True
zeros,0,2fc3c65704aea7b1cdc040f85309d5c1bb79418e36815826dbb8851963ccafac,161,161,-2000.0,200,200,False,False,True
zeros,0,2fc3c65704aea7b1cdc040f85309d5c1bb79418e36815826dbb8851963ccafac,162,162,-2000.0,200,200,False,False,True
zeros,0,2fc3c65704aea7b1cdc040f85309d5c1bb79418e36815826dbb8851963ccafac,163,183,-200.0,200,0,False,False,True
zeros,0,2fc3c65704aea7b1cdc040f85309d5c1bb79418e36815826dbb8851963ccafac,164,164,-2000.0,200,200,False,False,True
zeros,0,2fc3c65704aea7b1cdc040f85309d5c1bb79418e36815826dbb8851963ccafac,166,166,-2000.0,200,200,False,False,True
zeros,0,2fc3c65704aea7b1cdc040f85309d5c1bb79418e36815826dbb8851963ccafac,167,187,-1991.0,200,199,False,False,True
zeros,0,2fc3c65704aea7b1cdc040f85309d5c1bb79418e36815826dbb8851963ccafac,168,168,-2000.0,200,200,False,False,True
zeros,0,2fc3c65704aea7b1cdc040f85309d5c1bb79418e36815826dbb8851963ccafac,169,169,-2000.0,200,200,False,False,True
zeros,0,2fc3c65704aea7b1cdc040f85309d5c1bb79418e36815826dbb8851963ccafac,171,171,-2000.0,200,200,False,False,True
zeros,0,2fc3c65704aea7b1cdc040f85309d5c1bb79418e36815826dbb8851963ccafac,172,172,-2000.0,200,200,False,False,True
zeros,0,2fc3c65704aea7b1cdc040f85309d5c1bb79418e36815826dbb8851963ccafac,173,173,-2000.0,200,200,False,False,True
zeros,0,2fc3c65704aea7b1cdc040f85309d5c1bb79418e36815826dbb8851963ccafac,174,154,-1991.0,200,199,False,False,True
zeros,0,2fc3c65704aea7b1cdc040f85309d5c1bb79418e36815826dbb8851963ccafac,181,181,-2000.0,200,200,False,False,True
zeros,0,2fc3c65704aea7b1cdc040f85309d5c1bb79418e36815826dbb8851963ccafac,182,182,-2000.0,200,200,False,False,True
zeros,0,2fc3c65704aea7b1cdc040f85309d5c1bb79418e36815826dbb8851963ccafac,183,183,-200.0,200,0,False,False,True
zeros,0,2fc3c65704aea7b1cdc040f85309d5c1bb79418e36815826dbb8851963ccafac,184,184,-2000.0,200,200,False,False,True
zeros,0,2fc3c65704aea7b1cdc040f85309d5c1bb79418e36815826dbb8851963ccafac,186,186,-2000.0,200,200,False,False,True
zeros,0,2fc3c65704aea7b1cdc040f85309d5c1bb79418e36815826dbb8851963ccafac,187,187,-2000.0,200,200,False,False,True
zeros,0,2fc3c65704aea7b1cdc040f85309d5c1bb79418e36815826dbb8851963ccafac,188,188,-2000.0,200,200,False,False,True
zeros,0,2fc3c65704aea7b1cdc040f85309d5c1bb79418e36815826dbb8851963ccafac,189,189,-2000.0,200,200,False,False,True
zeros,0,2fc3c65704aea7b1cdc040f85309d5c1bb79418e36815826dbb8851963ccafac,191,191,-2000.0,200,200,False,False,True
zeros,0,2fc3c65704aea7b1cdc040f85309d5c1bb79418e36815826dbb8851963ccafac,192,192,-2000.0,200,200,False,False,True
zeros,0,2fc3c65704aea7b1cdc040f85309d5c1bb79418e36815826dbb8851963ccafac,193,193,-2000.0,200,200,False,False,True
zeros,0,2fc3c65704aea7b1cdc040f85309d5c1bb79418e36815826dbb8851963ccafac,194,154,-1982.0,200,198,False,False,True
zeros,0,2fc3c65704aea7b1cdc040f85309d5c1bb79418e36815826dbb8851963ccafac,201,201,-2000.0,200,200,False,False,True
zeros,0,2fc3c65704aea7b1cdc040f85309d5c1bb79418e36815826dbb8851963ccafac,202,202,-2000.0,200,200,False,False,True
zeros,0,2fc3c65704aea7b1cdc040f85309d5c1bb79418e36815826dbb8851963ccafac,203,283,-200.0,200,0,False,False,True
zeros,0,2fc3c65704aea7b1cdc040f85309d5c1bb79418e36815826dbb8851963ccafac,204,204,-2000.0,200,200,False,False,True
zeros,0,2fc3c65704aea7b1cdc040f85309d5c1bb79418e36815826dbb8851963ccafac,206,206,-2000.0,200,200,False,False,True
zeros,0,2fc3c65704aea7b1cdc040f85309d5c1bb79418e36815826dbb8851963ccafac,207,287,-200.0,200,0,False,False,True
zeros,0,2fc3c65704aea7b1cdc040f85309d5c1bb79418e36815826dbb8851963ccafac,208,208,-2000.0,200,200,False,False,True
zeros,0,2fc3c65704aea7b1cdc040f85309d5c1bb79418e36815826dbb8851963ccafac,209,209,-2000.0,200,200,False,False,True
zeros,0,2fc3c65704aea7b1cdc040f85309d5c1bb79418e36815826dbb8851963ccafac,211,211,-2000.0,200,200,False,False,True
zeros,0,2fc3c65704aea7b1cdc040f85309d5c1bb79418e36815826dbb8851963ccafac,212,212,-200.0,200,0,False,False,True
zeros,0,2fc3c65704aea7b1cdc040f85309d5c1bb79418e36815826dbb8851963ccafac,213,213,-200.0,200,0,False,False,True
zeros,0,2fc3c65704aea7b1cdc040f85309d5c1bb79418e36815826dbb8851963ccafac,214,214,-200.0,200,0,False,False,True
zeros,0,2fc3c65704aea7b1cdc040f85309d5c1bb79418e36815826dbb8851963ccafac,221,221,-2000.0,200,200,False,False,True
zeros,0,2fc3c65704aea7b1cdc040f85309d5c1bb79418e36815826dbb8851963ccafac,222,282,-1973.0,200,197,False,False,True
zeros,0,2fc3c65704aea7b1cdc040f85309d5c1bb79418e36815826dbb8851963ccafac,223,283,-200.0,200,0,False,False,True
zeros,0,2fc3c65704aea7b1cdc040f85309d5c1bb79418e36815826dbb8851963ccafac,224,244,-1991.0,200,199,False,False,True
zeros,0,2fc3c65704aea7b1cdc040f85309d5c1bb79418e36815826dbb8851963ccafac,226,246,-1991.0,200,199,False,False,True
zeros,0,2fc3c65704aea7b1cdc040f85309d5c1bb79418e36815826dbb8851963ccafac,227,287,-200.0,200,0,False,False,True
zeros,0,2fc3c65704aea7b1cdc040f85309d5c1bb79418e36815826dbb8851963ccafac,228,228,-2000.0,200,200,False,False,True
zeros,0,2fc3c65704aea7b1cdc040f85309d5c1bb79418e36815826dbb8851963ccafac,229,229,-2000.0,200,200,False,False,True
zeros,0,2fc3c65704aea7b1cdc040f85309d5c1bb79418e36815826dbb8851963ccafac,231,251,-1991.0,200,199,False,False,True
zeros,0,2fc3c65704aea7b1cdc040f85309d5c1bb79418e36815826dbb8851963ccafac,232,272,-200.0,200,0,False,False,True
zeros,0,2fc3c65704aea7b1cdc040f85309d5c1bb79418e36815826dbb8851963ccafac,233,213,-200.0,200,0,False,False,True
zeros,0,2fc3c65704aea7b1cdc040f85309d5c1bb79418e36815826dbb8851963ccafac,234,214,-200.0,200,0,False,False,True
zeros,0,2fc3c65704aea7b1cdc040f85309d5c1bb79418e36815826dbb8851963ccafac,241,241,-2000.0,200,200,False,False,True
zeros,0,2fc3c65704aea7b1cdc040f85309d5c1bb79418e36815826dbb8851963ccafac,242,282,-1982.0,200,198,False,False,True
zeros,0,2fc3c65704aea7b1cdc040f85309d5c1bb79418e36815826dbb8851963ccafac,243,283,-200.0,200,0,False,False,True
zeros,0,2fc3c65704aea7b1cdc040f85309d5c1bb79418e36815826dbb8851963ccafac,244,244,-2000.0,200,200,False,False,True
zeros,0,2fc3c65704aea7b1cdc040f85309d5c1bb79418e36815826dbb8851963ccafac,246,246,-2000.0,200,200,False,False,True
zeros,0,2fc3c65704aea7b1cdc040f85309d5c1bb79418e36815826dbb8851963ccafac,247,287,-200.0,200,0,False,False,True
zeros,0,2fc3c65704aea7b1cdc040f85309d5c1bb79418e36815826dbb8851963ccafac,248,248,-2000.0,200,200,False,False,True
zeros,0,2fc3c65704aea7b1cdc040f85309d5c1bb79418e36815826dbb8851963ccafac,249,249,-2000.0,200,200,False,False,True
zeros,0,2fc3c65704aea7b1cdc040f85309d5c1bb79418e36815826dbb8851963ccafac,251,251,-2000.0,200,200,False,False,True
zeros,0,2fc3c65704aea7b1cdc040f85309d5c1bb79418e36815826dbb8851963ccafac,252,292,-200.0,200,0,False,False,True
zeros,0,2fc3c65704aea7b1cdc040f85309d5c1bb79418e36815826dbb8851963ccafac,253,153,-1991.0,200,199,False,False,True
zeros,0,2fc3c65704aea7b1cdc040f85309d5c1bb79418e36815826dbb8851963ccafac,254,254,-200.0,200,0,False,False,True
zeros,0,2fc3c65704aea7b1cdc040f85309d5c1bb79418e36815826dbb8851963ccafac,261,261,-2000.0,200,200,False,False,True
zeros,0,2fc3c65704aea7b1cdc040f85309d5c1bb79418e36815826dbb8851963ccafac,262,282,-1991.0,200,199,False,False,True
zeros,0,2fc3c65704aea7b1cdc040f85309d5c1bb79418e36815826dbb8851963ccafac,263,283,-200.0,200,0,False,False,True
zeros,0,2fc3c65704aea7b1cdc040f85309d5c1bb79418e36815826dbb8851963ccafac,264,284,-1991.0,200,199,False,False,True
zeros,0,2fc3c65704aea7b1cdc040f85309d5c1bb79418e36815826dbb8851963ccafac,266,286,-1991.0,200,199,False,False,True
zeros,0,2fc3c65704aea7b1cdc040f85309d5c1bb79418e36815826dbb8851963ccafac,267,287,-200.0,200,0,False,False,True
zeros,0,2fc3c65704aea7b1cdc040f85309d5c1bb79418e36815826dbb8851963ccafac,268,268,-2000.0,200,200,False,False,True
zeros,0,2fc3c65704aea7b1cdc040f85309d5c1bb79418e36815826dbb8851963ccafac,269,269,-2000.0,200,200,False,False,True
zeros,0,2fc3c65704aea7b1cdc040f85309d5c1bb79418e36815826dbb8851963ccafac,271,291,-1991.0,200,199,False,False,True
zeros,0,2fc3c65704aea7b1cdc040f85309d5c1bb79418e36815826dbb8851963ccafac,272,272,-200.0,200,0,False,False,True
zeros,0,2fc3c65704aea7b1cdc040f85309d5c1bb79418e36815826dbb8851963ccafac,273,173,-1991.0,200,199,False,False,True
zeros,0,2fc3c65704aea7b1cdc040f85309d5c1bb79418e36815826dbb8851963ccafac,274,274,-200.0,200,0,False,False,True
zeros,0,2fc3c65704aea7b1cdc040f85309d5c1bb79418e36815826dbb8851963ccafac,281,281,-2000.0,200,200,False,False,True
zeros,0,2fc3c65704aea7b1cdc040f85309d5c1bb79418e36815826dbb8851963ccafac,282,282,-2000.0,200,200,False,False,True
zeros,0,2fc3c65704aea7b1cdc040f85309d5c1bb79418e36815826dbb8851963ccafac,283,283,-200.0,200,0,False,False,True
zeros,0,2fc3c65704aea7b1cdc040f85309d5c1bb79418e36815826dbb8851963ccafac,284,284,-2000.0,200,200,False,False,True
zeros,0,2fc3c65704aea7b1cdc040f85309d5c1bb79418e36815826dbb8851963ccafac,286,286,-2000.0,200,200,False,False,True
zeros,0,2fc3c65704aea7b1cdc040f85309d5c1bb79418e36815826dbb8851963ccafac,287,287,-200.0,200,0,False,False,True
zeros,0,2fc3c65704aea7b1cdc040f85309d5c1bb79418e36815826dbb8851963ccafac,288,288,-2000.0,200,200,False,False,True
zeros,0,2fc3c65704aea7b1cdc040f85309d5c1bb79418e36815826dbb8851963ccafac,289,289,-2000.0,200,200,False,False,True
zeros,0,2fc3c65704aea7b1cdc040f85309d5c1bb79418e36815826dbb8851963ccafac,291,291,-2000.0,200,200,False,False,True
zeros,0,2fc3c65704aea7b1cdc040f85309d5c1bb79418e36815826dbb8851963ccafac,292,292,-200.0,200,0,False,False,True
zeros,0,2fc3c65704aea7b1cdc040f85309d5c1bb79418e36815826dbb8851963ccafac,293,173,-1982.0,200,198,False,False,True
zeros,0,2fc3c65704aea7b1cdc040f85309d5c1bb79418e36815826dbb8851963ccafac,294,254,-200.0,200,0,False,False,True
zeros,0,2fc3c65704aea7b1cdc040f85309d5c1bb79418e36815826dbb8851963ccafac,301,301,-2000.0,200,200,False,False,True
zeros,0,2fc3c65704aea7b1cdc040f85309d5c1bb79418e36815826dbb8851963ccafac,302,302,-200.0,200,0,False,False,True
zeros,0,2fc3c65704aea7b1cdc040f85309d5c1bb79418e36815826dbb8851963ccafac,303,303,-200.0,200,0,False,False,True
zeros,0,2fc3c65704aea7b1cdc040f85309d5c1bb79418e36815826dbb8851963ccafac,304,304,-200.0,200,0,False,False,True
zeros,0,2fc3c65704aea7b1cdc040f85309d5c1bb79418e36815826dbb8851963ccafac,306,406,-200.0,200,0,False,False,True
zeros,0,2fc3c65704aea7b1cdc040f85309d5c1bb79418e36815826dbb8851963ccafac,307,307,-200.0,200,0,False,False,True
zeros,0,2fc3c65704aea7b1cdc040f85309d5c1bb79418e36815826dbb8851963ccafac,308,308,-2000.0,200,200,False,False,True
zeros,0,2fc3c65704aea7b1cdc040f85309d5c1bb79418e36815826dbb8851963ccafac,309,309,-2000.0,200,200,False,False,True
zeros,0,2fc3c65704aea7b1cdc040f85309d5c1bb79418e36815826dbb8851963ccafac,311,411,-1991.0,200,199,False,False,True
zeros,0,2fc3c65704aea7b1cdc040f85309d5c1bb79418e36815826dbb8851963ccafac,312,312,-200.0,200,0,False,False,True
zeros,0,2fc3c65704aea7b1cdc040f85309d5c1bb79418e36815826dbb8851963ccafac,313,213,-200.0,200,0,False,False,True
zeros,0,2fc3c65704aea7b1cdc040f85309d5c1bb79418e36815826dbb8851963ccafac,314,314,-200.0,200,0,False,False,True
zeros,0,2fc3c65704aea7b1cdc040f85309d5c1bb79418e36815826dbb8851963ccafac,321,341,-200.0,200,0,False,False,True
zeros,0,2fc3c65704aea7b1cdc040f85309d5c1bb79418e36815826dbb8851963ccafac,322,342,-200.0,200,0,False,False,True
zeros,0,2fc3c65704aea7b1cdc040f85309d5c1bb79418e36815826dbb8851963ccafac,323,343,-200.0,200,0,False,False,True
zeros,0,2fc3c65704aea7b1cdc040f85309d5c1bb79418e36815826dbb8851963ccafac,324,344,-200.0,200,0,False,False,True
zeros,0,2fc3c65704aea7b1cdc040f85309d5c1bb79418e36815826dbb8851963ccafac,326,346,-200.0,200,0,False,False,True
zeros,0,2fc3c65704aea7b1cdc040f85309d5c1bb79418e36815826dbb8851963ccafac,327,347,-200.0,200,0,False,False,True
zeros,0,2fc3c65704aea7b1cdc040f85309d5c1bb79418e36815826dbb8851963ccafac,328,328,-2000.0,200,200,False,False,True
zeros,0,2fc3c65704aea7b1cdc040f85309d5c1bb79418e36815826dbb8851963ccafac,329,329,-2000.0,200,200,False,False,True
zeros,0,2fc3c65704aea7b1cdc040f85309d5c1bb79418e36815826dbb8851963ccafac,331,351,-200.0,200,0,False,False,True
zeros,0,2fc3c65704aea7b1cdc040f85309d5c1bb79418e36815826dbb8851963ccafac,332,352,-200.0,200,0,False,False,True
zeros,0,2fc3c65704aea7b1cdc040f85309d5c1bb79418e36815826dbb8851963ccafac,333,353,-200.0,200,0,False,False,True
zeros,0,2fc3c65704aea7b1cdc040f85309d5c1bb79418e36815826dbb8851963ccafac,334,334,-200.0,200,0,False,False,True
zeros,0,2fc3c65704aea7b1cdc040f85309d5c1bb79418e36815826dbb8851963ccafac,341,341,-200.0,200,0,False,False,True
zeros,0,2fc3c65704aea7b1cdc040f85309d5c1bb79418e36815826dbb8851963ccafac,342,342,-200.0,200,0,False,False,True
zeros,0,2fc3c65704aea7b1cdc040f85309d5c1bb79418e36815826dbb8851963ccafac,343,343,-200.0,200,0,False,False,True
zeros,0,2fc3c65704aea7b1cdc040f85309d5c1bb79418e36815826dbb8851963ccafac,344,344,-200.0,200,0,False,False,True
zeros,0,2fc3c65704aea7b1cdc040f85309d5c1bb79418e36815826dbb8851963ccafac,346,346,-200.0,200,0,False,False,True
zeros,0,2fc3c65704aea7b1cdc040f85309d5c1bb79418e36815826dbb8851963ccafac,347,347,-200.0,200,0,False,False,True
zeros,0,2fc3c65704aea7b1cdc040f85309d5c1bb79418e36815826dbb8851963ccafac,348,348,-2000.0,200,200,False,False,True
zeros,0,2fc3c65704aea7b1cdc040f85309d5c1bb79418e36815826dbb8851963ccafac,349,349,-2000.0,200,200,False,False,True
zeros,0,2fc3c65704aea7b1cdc040f85309d5c1bb79418e36815826dbb8851963ccafac,351,351,-200.0,200,0,False,False,True
zeros,0,2fc3c65704aea7b1cdc040f85309d5c1bb79418e36815826dbb8851963ccafac,352,352,-200.0,200,0,False,False,True
zeros,0,2fc3c65704aea7b1cdc040f85309d5c1bb79418e36815826dbb8851963ccafac,353,353,-200.0,200,0,False,False,True
zeros,0,2fc3c65704aea7b1cdc040f85309d5c1bb79418e36815826dbb8851963ccafac,354,274,-200.0,200,0,False,False,True
zeros,0,2fc3c65704aea7b1cdc040f85309d5c1bb79418e36815826dbb8851963ccafac,361,381,-1991.0,200,199,False,False,True
zeros,0,2fc3c65704aea7b1cdc040f85309d5c1bb79418e36815826dbb8851963ccafac,362,382,-200.0,200,0,False,False,True
zeros,0,2fc3c65704aea7b1cdc040f85309d5c1bb79418e36815826dbb8851963ccafac,363,383,-200.0,200,0,False,False,True
zeros,0,2fc3c65704aea7b1cdc040f85309d5c1bb79418e36815826dbb8851963ccafac,364,384,-1991.0,200,199,False,False,True
zeros,0,2fc3c65704aea7b1cdc040f85309d5c1bb79418e36815826dbb8851963ccafac,366,386,-200.0,200,0,False,False,True
zeros,0,2fc3c65704aea7b1cdc040f85309d5c1bb79418e36815826dbb8851963ccafac,367,387,-200.0,200,0,False,False,True
zeros,0,2fc3c65704aea7b1cdc040f85309d5c1bb79418e36815826dbb8851963ccafac,368,368,-2000.0,200,200,False,False,True
zeros,0,2fc3c65704aea7b1cdc040f85309d5c1bb79418e36815826dbb8851963ccafac,369,369,-2000.0,200,200,False,False,True
zeros,0,2fc3c65704aea7b1cdc040f85309d5c1bb79418e36815826dbb8851963ccafac,371,491,-200.0,200,0,False,False,True
zeros,0,2fc3c65704aea7b1cdc040f85309d5c1bb79418e36815826dbb8851963ccafac,372,372,-200.0,200,0,False,False,True
zeros,0,2fc3c65704aea7b1cdc040f85309d5c1bb79418e36815826dbb8851963ccafac,373,373,-200.0,200,0,False,False,True
zeros,0,2fc3c65704aea7b1cdc040f85309d5c1bb79418e36815826dbb8851963ccafac,374,374,-200.0,200,0,False,False,True
zeros,0,2fc3c65704aea7b1cdc040f85309d5c1bb79418e36815826dbb8851963ccafac,381,381,-2000.0,200,200,False,False,True
zeros,0,2fc3c65704aea7b1cdc040f85309d5c1bb79418e36815826dbb8851963ccafac,382,382,-200.0,200,0,False,False,True
zeros,0,2fc3c65704aea7b1cdc040f85309d5c1bb79418e36815826dbb8851963ccafac,383,383,-200.0,200,0,False,False,True
zeros,0,2fc3c65704aea7b1cdc040f85309d5c1bb79418e36815826dbb8851963ccafac,384,384,-2000.0,200,200,False,False,True
zeros,0,2fc3c65704aea7b1cdc040f85309d5c1bb79418e36815826dbb8851963ccafac,386,386,-200.0,200,0,False,False,True
zeros,0,2fc3c65704aea7b1cdc040f85309d5c1bb79418e36815826dbb8851963ccafac,387,387,-200.0,200,0,False,False,True
zeros,0,2fc3c65704aea7b1cdc040f85309d5c1bb79418e36815826dbb8851963ccafac,388,388,-2000.0,200,200,False,False,True
zeros,0,2fc3c65704aea7b1cdc040f85309d5c1bb79418e36815826dbb8851963ccafac,389,389,-2000.0,200,200,False,False,True
zeros,0,2fc3c65704aea7b1cdc040f85309d5c1bb79418e36815826dbb8851963ccafac,391,471,-200.0,200,0,False,False,True
zeros,0,2fc3c65704aea7b1cdc040f85309d5c1bb79418e36815826dbb8851963ccafac,392,392,-200.0,200,0,False,False,True
zeros,0,2fc3c65704aea7b1cdc040f85309d5c1bb79418e36815826dbb8851963ccafac,393,393,-200.0,200,0,False,False,True
zeros,0,2fc3c65704aea7b1cdc040f85309d5c1bb79418e36815826dbb8851963ccafac,394,394,-200.0,200,0,False,False,True
zeros,0,2fc3c65704aea7b1cdc040f85309d5c1bb79418e36815826dbb8851963ccafac,401,401,-2000.0,200,200,False,False,True
zeros,0,2fc3c65704aea7b1cdc040f85309d5c1bb79418e36815826dbb8851963ccafac,402,402,-200.0,200,0,False,False,True
zeros,0,2fc3c65704aea7b1cdc040f85309d5c1bb79418e36815826dbb8851963ccafac,403,403,-200.0,200,0,False,False,True
zeros,0,2fc3c65704aea7b1cdc040f85309d5c1bb79418e36815826dbb8851963ccafac,404,404,-2000.0,200,200,False,False,True
zeros,0,2fc3c65704aea7b1cdc040f85309d5c1bb79418e36815826dbb8851963ccafac,406,406,-200.0,200,0,False,False,True
zeros,0,2fc3c65704aea7b1cdc040f85309d5c1bb79418e36815826dbb8851963ccafac,407,407,-200.0,200,0,False,False,True
zeros,0,2fc3c65704aea7b1cdc040f85309d5c1bb79418e36815826dbb8851963ccafac,408,408,-2000.0,200,200,False,False,True
zeros,0,2fc3c65704aea7b1cdc040f85309d5c1bb79418e36815826dbb8851963ccafac,409,409,-2000.0,200,200,False,False,True
zeros,0,2fc3c65704aea7b1cdc040f85309d5c1bb79418e36815826dbb8851963ccafac,411,411,-2000.0,200,200,False,False,True
zeros,0,2fc3c65704aea7b1cdc040f85309d5c1bb79418e36815826dbb8851963ccafac,412,412,-200.0,200,0,False,False,True
zeros,0,2fc3c65704aea7b1cdc040f85309d5c1bb79418e36815826dbb8851963ccafac,413,413,-200.0,200,0,False,False,True
zeros,0,2fc3c65704aea7b1cdc040f85309d5c1bb79418e36815826dbb8851963ccafac,414,414,-200.0,200,0,False,False,True
zeros,0,2fc3c65704aea7b1cdc040f85309d5c1bb79418e36815826dbb8851963ccafac,421,421,-200.0,200,0,False,False,True
zeros,0,2fc3c65704aea7b1cdc040f85309d5c1bb79418e36815826dbb8851963ccafac,422,422,-200.0,200,0,False,False,True
zeros,0,2fc3c65704aea7b1cdc040f85309d5c1bb79418e36815826dbb8851963ccafac,423,443,-200.0,200,0,False,False,True
zeros,0,2fc3c65704aea7b1cdc040f85309d5c1bb79418e36815826dbb8851963ccafac,424,444,-200.0,200,0,False,False,True
zeros,0,2fc3c65704aea7b1cdc040f85309d5c1bb79418e36815826dbb8851963ccafac,426,426,-200.0,200,0,False,False,True
zeros,0,2fc3c65704aea7b1cdc040f85309d5c1bb79418e36815826dbb8851963ccafac,427,447,-200.0,200,0,False,False,True
zeros,0,2fc3c65704aea7b1cdc040f85309d5c1bb79418e36815826dbb8851963ccafac,428,428,-2000.0,200,200,False,False,True
zeros,0,2fc3c65704aea7b1cdc040f85309d5c1bb79418e36815826dbb8851963ccafac,429,429,-2000.0,200,200,False,False,True
zeros,0,2fc3c65704aea7b1cdc040f85309d5c1bb79418e36815826dbb8851963ccafac,431,431,-200.0,200,0,False,False,True
zeros,0,2fc3c65704aea7b1cdc040f85309d5c1bb79418e36815826dbb8851963ccafac,432,432,-200.0,200,0,False,False,True
zeros,0,2fc3c65704aea7b1cdc040f85309d5c1bb79418e36815826dbb8851963ccafac,433,433,-200.0,200,0,False,False,True
zeros,0,2fc3c65704aea7b1cdc040f85309d5c1bb79418e36815826dbb8851963ccafac,434,434,-200.0,200,0,False,False,True
zeros,0,2fc3c65704aea7b1cdc040f85309d5c1bb79418e36815826dbb8851963ccafac,441,441,-200.0,200,0,False,False,True
zeros,0,2fc3c65704aea7b1cdc040f85309d5c1bb79418e36815826dbb8851963ccafac,442,442,-200.0,200,0,False,False,True
zeros,0,2fc3c65704aea7b1cdc040f85309d5c1bb79418e36815826dbb8851963ccafac,443,443,-200.0,200,0,False,False,True
zeros,0,2fc3c65704aea7b1cdc040f85309d5c1bb79418e36815826dbb8851963ccafac,444,444,-200.0,200,0,False,False,True
zeros,0,2fc3c65704aea7b1cdc040f85309d5c1bb79418e36815826dbb8851963ccafac,446,446,-200.0,200,0,False,False,True
zeros,0,2fc3c65704aea7b1cdc040f85309d5c1bb79418e36815826dbb8851963ccafac,447,447,-200.0,200,0,False,False,True
zeros,0,2fc3c65704aea7b1cdc040f85309d5c1bb79418e36815826dbb8851963ccafac,448,448,-2000.0,200,200,False,False,True
zeros,0,2fc3c65704aea7b1cdc040f85309d5c1bb79418e36815826dbb8851963ccafac,449,449,-2000.0,200,200,False,False,True
zeros,0,2fc3c65704aea7b1cdc040f85309d5c1bb79418e36815826dbb8851963ccafac,451,451,-2000.0,200,200,False,False,True
zeros,0,2fc3c65704aea7b1cdc040f85309d5c1bb79418e36815826dbb8851963ccafac,452,452,-200.0,200,0,False,False,True
zeros,0,2fc3c65704aea7b1cdc040f85309d5c1bb79418e36815826dbb8851963ccafac,453,453,-200.0,200,0,False,False,True
zeros,0,2fc3c65704aea7b1cdc040f85309d5c1bb79418e36815826dbb8851963ccafac,454,434,-200.0,200,0,False,False,True
zeros,0,2fc3c65704aea7b1cdc040f85309d5c1bb79418e36815826dbb8851963ccafac,461,461,-200.0,200,0,False,False,True
zeros,0,2fc3c65704aea7b1cdc040f85309d5c1bb79418e36815826dbb8851963ccafac,462,462,-200.0,200,0,False,False,True
zeros,0,2fc3c65704aea7b1cdc040f85309d5c1bb79418e36815826dbb8851963ccafac,463,463,-200.0,200,0,False,False,True
zeros,0,2fc3c65704aea7b1cdc040f85309d5c1bb79418e36815826dbb8851963ccafac,464,484,-1991.0,200,199,False,False,True
zeros,0,2fc3c65704aea7b1cdc040f85309d5c1bb79418e36815826dbb8851963ccafac,466,466,-200.0,200,0,False,False,True
zeros,0,2fc3c65704aea7b1cdc040f85309d5c1bb79418e36815826dbb8851963ccafac,467,467,-200.0,200,0,False,False,True
zeros,0,2fc3c65704aea7b1cdc040f85309d5c1bb79418e36815826dbb8851963ccafac,468,468,-2000.0,200,200,False,False,True
zeros,0,2fc3c65704aea7b1cdc040f85309d5c1bb79418e36815826dbb8851963ccafac,469,469,-2000.0,200,200,False,False,True
zeros,0,2fc3c65704aea7b1cdc040f85309d5c1bb79418e36815826dbb8851963ccafac,471,471,-200.0,200,0,False,False,True
zeros,0,2fc3c65704aea7b1cdc040f85309d5c1bb79418e36815826dbb8851963ccafac,472,472,-200.0,200,0,False,False,True
zeros,0,2fc3c65704aea7b1cdc040f85309d5c1bb79418e36815826dbb8851963ccafac,473,473,-200.0,200,0,False,False,True
zeros,0,2fc3c65704aea7b1cdc040f85309d5c1bb79418e36815826dbb8851963ccafac,474,474,-200.0,200,0,False,False,True
zeros,0,2fc3c65704aea7b1cdc040f85309d5c1bb79418e36815826dbb8851963ccafac,481,481,-200.0,200,0,False,False,True
zeros,0,2fc3c65704aea7b1cdc040f85309d5c1bb79418e36815826dbb8851963ccafac,482,482,-200.0,200,0,False,False,True
zeros,0,2fc3c65704aea7b1cdc040f85309d5c1bb79418e36815826dbb8851963ccafac,483,483,-200.0,200,0,False,False,True
zeros,0,2fc3c65704aea7b1cdc040f85309d5c1bb79418e36815826dbb8851963ccafac,484,484,-2000.0,200,200,False,False,True
zeros,0,2fc3c65704aea7b1cdc040f85309d5c1bb79418e36815826dbb8851963ccafac,486,486,-200.0,200,0,False,False,True
zeros,0,2fc3c65704aea7b1cdc040f85309d5c1bb79418e36815826dbb8851963ccafac,487,487,-200.0,200,0,False,False,True
zeros,0,2fc3c65704aea7b1cdc040f85309d5c1bb79418e36815826dbb8851963ccafac,488,488,-2000.0,200,200,False,False,True
zeros,0,2fc3c65704aea7b1cdc040f85309d5c1bb79418e36815826dbb8851963ccafac,489,489,-2000.0,200,200,False,False,True
zeros,0,2fc3c65704aea7b1cdc040f85309d5c1bb79418e36815826dbb8851963ccafac,491,491,-200.0,200,0,False,False,True
zeros,0,2fc3c65704aea7b1cdc040f85309d5c1bb79418e36815826dbb8851963ccafac,492,472,-200.0,200,0,False,False,True
zeros,0,2fc3c65704aea7b1cdc040f85309d5c1bb79418e36815826dbb8851963ccafac,493,473,-200.0,200,0,False,False,True
zeros,0,2fc3c65704aea7b1cdc040f85309d5c1bb79418e36815826dbb8851963ccafac,494,474,-200.0,200,0,False,False,True
zeros,1,120d6378a192ad00862433bb1f74bf281e794600075d0d3139e267ef568b7ccf,1,1,-200.0,200,0,False,False,True
zeros,1,120d6378a192ad00862433bb1f74bf281e794600075d0d3139e267ef568b7ccf,2,2,-200.0,200,0,False,False,True
zeros,1,120d6378a192ad00862433bb1f74bf281e794600075d0d3139e267ef568b7ccf,3,3,-200.0,200,0,False,False,True
zeros,1,120d6378a192ad00862433bb1f74bf281e794600075d0d3139e267ef568b7ccf,4,4,-2000.0,200,200,False,False,True
zeros,1,120d6378a192ad00862433bb1f74bf281e794600075d0d3139e267ef568b7ccf,6,6,-200.0,200,0,False,False,True
zeros,1,120d6378a192ad00862433bb1f74bf281e794600075d0d3139e267ef568b7ccf,7,7,-200.0,200,0,False,False,True
zeros,1,120d6378a192ad00862433bb1f74bf281e794600075d0d3139e267ef568b7ccf,8,8,-200.0,200,0,False,False,True
zeros,1,120d6378a192ad00862433bb1f74bf281e794600075d0d3139e267ef568b7ccf,9,9,-200.0,200,0,False,False,True
zeros,1,120d6378a192ad00862433bb1f74bf281e794600075d0d3139e267ef568b7ccf,11,11,-200.0,200,0,False,False,True
zeros,1,120d6378a192ad00862433bb1f74bf281e794600075d0d3139e267ef568b7ccf,12,12,-2000.0,200,200,False,False,True
zeros,1,120d6378a192ad00862433bb1f74bf281e794600075d0d3139e267ef568b7ccf,13,13,-200.0,200,0,False,False,True
zeros,1,120d6378a192ad00862433bb1f74bf281e794600075d0d3139e267ef568b7ccf,14,14,-200.0,200,0,False,False,True
zeros,1,120d6378a192ad00862433bb1f74bf281e794600075d0d3139e267ef568b7ccf,21,21,-200.0,200,0,False,False,True
zeros,1,120d6378a192ad00862433bb1f74bf281e794600075d0d3139e267ef568b7ccf,22,22,-200.0,200,0,False,False,True
zeros,1,120d6378a192ad00862433bb1f74bf281e794600075d0d3139e267ef568b7ccf,23,23,-200.0,200,0,False,False,True
zeros,1,120d6378a192ad00862433bb1f74bf281e794600075d0d3139e267ef568b7ccf,24,24,-2000.0,200,200,False,False,True
zeros,1,120d6378a192ad00862433bb1f74bf281e794600075d0d3139e267ef568b7ccf,26,26,-200.0,200,0,False,False,True
zeros,1,120d6378a192ad00862433bb1f74bf281e794600075d0d3139e267ef568b7ccf,27,27,-2000.0,200,200,False,False,True
zeros,1,120d6378a192ad00862433bb1f74bf281e794600075d0d3139e267ef568b7ccf,28,28,-2000.0,200,200,False,False,True
zeros,1,120d6378a192ad00862433bb1f74bf281e794600075d0d3139e267ef568b7ccf,29,29,-2000.0,200,200,False,False,True
zeros,1,120d6378a192ad00862433bb1f74bf281e794600075d0d3139e267ef568b7ccf,31,31,-2000.0,200,200,False,False,True
zeros,1,120d6378a192ad00862433bb1f74bf281e794600075d0d3139e267ef568b7ccf,32,32,-2000.0,200,200,False,False,True
zeros,1,120d6378a192ad00862433bb1f74bf281e794600075d0d3139e267ef568b7ccf,33,33,-200.0,200,0,False,False,True
zeros,1,120d6378a192ad00862433bb1f74bf281e794600075d0d3139e267ef568b7ccf,34,34,-200.0,200,0,False,False,True
zeros,1,120d6378a192ad00862433bb1f74bf281e794600075d0d3139e267ef568b7ccf,41,481,-200.0,200,0,False,False,True
zeros,1,120d6378a192ad00862433bb1f74bf281e794600075d0d3139e267ef568b7ccf,42,482,-200.0,200,0,False,False,True
zeros,1,120d6378a192ad00862433bb1f74bf281e794600075d0d3139e267ef568b7ccf,43,283,-1964.0,200,196,False,False,True
zeros,1,120d6378a192ad00862433bb1f74bf281e794600075d0d3139e267ef568b7ccf,44,44,-2000.0,200,200,False,False,True
zeros,1,120d6378a192ad00862433bb1f74bf281e794600075d0d3139e267ef568b7ccf,46,46,-2000.0,200,200,False,False,True
zeros,1,120d6378a192ad00862433bb1f74bf281e794600075d0d3139e267ef568b7ccf,47,47,-2000.0,200,200,False,False,True
zeros,1,120d6378a192ad00862433bb1f74bf281e794600075d0d3139e267ef568b7ccf,48,48,-2000.0,200,200,False,False,True
zeros,1,120d6378a192ad00862433bb1f74bf281e794600075d0d3139e267ef568b7ccf,49,489,-200.0,200,0,False,False,True
zeros,1,120d6378a192ad00862433bb1f74bf281e794600075d0d3139e267ef568b7ccf,51,71,-1991.0,200,199,False,False,True
zeros,1,120d6378a192ad00862433bb1f74bf281e794600075d0d3139e267ef568b7ccf,52,52,-2000.0,200,200,False,False,True
zeros,1,120d6378a192ad00862433bb1f74bf281e794600075d0d3139e267ef568b7ccf,53,53,-2000.0,200,200,False,False,True
zeros,1,120d6378a192ad00862433bb1f74bf281e794600075d0d3139e267ef568b7ccf,54,494,-200.0,200,0,False,False,True
zeros,1,120d6378a192ad00862433bb1f74bf281e794600075d0d3139e267ef568b7ccf,61,481,-200.0,200,0,False,False,True
zeros,1,120d6378a192ad00862433bb1f74bf281e794600075d0d3139e267ef568b7ccf,62,482,-200.0,200,0,False,False,True
zeros,1,120d6378a192ad00862433bb1f74bf281e794600075d0d3139e267ef568b7ccf,63,283,-1973.0,200,197,False,False,True
zeros,1,120d6378a192ad00862433bb1f74bf281e794600075d0d3139e267ef568b7ccf,64,64,-2000.0,200,200,False,False,True
zeros,1,120d6378a192ad00862433bb1f74bf281e794600075d0d3139e267ef568b7ccf,66,66,-2000.0,200,200,False,False,True
zeros,1,120d6378a192ad00862433bb1f74bf281e794600075d0d3139e267ef568b7ccf,67,67,-2000.0,200,200,False,False,True
zeros,1,120d6378a192ad00862433bb1f74bf281e794600075d0d3139e267ef568b7ccf,68,68,-2000.0,200,200,False,False,True
zeros,1,120d6378a192ad00862433bb1f74bf281e794600075d0d3139e267ef568b7ccf,69,469,-200.0,200,0,False,False,True
zeros,1,120d6378a192ad00862433bb1f74bf281e794600075d0d3139e267ef568b7ccf,71,71,-2000.0,200,200,False,False,True
zeros,1,120d6378a192ad00862433bb1f74bf281e794600075d0d3139e267ef568b7ccf,72,72,-2000.0,200,200,False,False,True
zeros,1,120d6378a192ad00862433bb1f74bf281e794600075d0d3139e267ef568b7ccf,73,73,-2000.0,200,200,False,False,True
zeros,1,120d6378a192ad00862433bb1f74bf281e794600075d0d3139e267ef568b7ccf,74,494,-200.0,200,0,False,False,True
zeros,1,120d6378a192ad00862433bb1f74bf281e794600075d0d3139e267ef568b7ccf,81,481,-200.0,200,0,False,False,True
zeros,1,120d6378a192ad00862433bb1f74bf281e794600075d0d3139e267ef568b7ccf,82,482,-200.0,200,0,False,False,True
zeros,1,120d6378a192ad00862433bb1f74bf281e794600075d0d3139e267ef568b7ccf,83,283,-1982.0,200,198,False,False,True
zeros,1,120d6378a192ad00862433bb1f74bf281e794600075d0d3139e267ef568b7ccf,84,296,-1973.0,200,197,False,False,True
zeros,1,120d6378a192ad00862433bb1f74bf281e794600075d0d3139e267ef568b7ccf,86,486,-200.0,200,0,False,False,True
zeros,1,120d6378a192ad00862433bb1f74bf281e794600075d0d3139e267ef568b7ccf,87,487,-200.0,200,0,False,False,True
zeros,1,120d6378a192ad00862433bb1f74bf281e794600075d0d3139e267ef568b7ccf,88,88,-2000.0,200,200,False,False,True
zeros,1,120d6378a192ad00862433bb1f74bf281e794600075d0d3139e267ef568b7ccf,89,489,-200.0,200,0,False,False,True
zeros,1,120d6378a192ad00862433bb1f74bf281e794600075d0d3139e267ef568b7ccf,91,91,-2000.0,200,200,False,False,True
zeros,1,120d6378a192ad00862433bb1f74bf281e794600075d0d3139e267ef568b7ccf,92,92,-2000.0,200,200,False,False,True
zeros,1,120d6378a192ad00862433bb1f74bf281e794600075d0d3139e267ef568b7ccf,93,293,-1982.0,200,198,False,False,True
zeros,1,120d6378a192ad00862433bb1f74bf281e794600075d0d3139e267ef568b7ccf,94,494,-200.0,200,0,False,False,True
zeros,1,120d6378a192ad00862433bb1f74bf281e794600075d0d3139e267ef568b7ccf,101,1,-200.0,200,0,False,False,True
zeros,1,120d6378a192ad00862433bb1f74bf281e794600075d0d3139e267ef568b7ccf,102,2,-200.0,200,0,False,False,True
zeros,1,120d6378a192ad00862433bb1f74bf281e794600075d0d3139e267ef568b7ccf,103,3,-200.0,200,0,False,False,True
zeros,1,120d6378a192ad00862433bb1f74bf281e794600075d0d3139e267ef568b7ccf,104,204,-1991.0,200,199,False,False,True
zeros,1,120d6378a192ad00862433bb1f74bf281e794600075d0d3139e267ef568b7ccf,106,306,-200.0,200,0,False,False,True
zeros,1,120d6378a192ad00862433bb1f74bf281e794600075d0d3139e267ef568b7ccf,107,7,-200.0,200,0,False,False,True
zeros,1,120d6378a192ad00862433bb1f74bf281e794600075d0d3139e267ef568b7ccf,108,108,-2000.0,200,200,False,False,True
zeros,1,120d6378a192ad00862433bb1f74bf281e794600075d0d3139e267ef568b7ccf,109,109,-200.0,200,0,False,False,True
zeros,1,120d6378a192ad00862433bb1f74bf281e794600075d0d3139e267ef568b7ccf,111,111,-2000.0,200,200,False,False,True
zeros,1,120d6378a192ad00862433bb1f74bf281e794600075d0d3139e267ef568b7ccf,112,212,-1991.0,200,199,False,False,True
zeros,1,120d6378a192ad00862433bb1f74bf281e794600075d0d3139e267ef568b7ccf,113,13,-200.0,200,0,False,False,True
zeros,1,120d6378a192ad00862433bb1f74bf281e794600075d0d3139e267ef568b7ccf,114,414,-200.0,200,0,False,False,True
zeros,1,120d6378a192ad00862433bb1f74bf281e794600075d0d3139e267ef568b7ccf,121,121,-200.0,200,0,False,False,True
zeros,1,120d6378a192ad00862433bb1f74bf281e794600075d0d3139e267ef568b7ccf,122,122,-200.0,200,0,False,False,True
zeros,1,120d6378a192ad00862433bb1f74bf281e794600075d0d3139e267ef568b7ccf,123,123,-200.0,200,0,False,False,True
zeros,1,120d6378a192ad00862433bb1f74bf281e794600075d0d3139e267ef568b7ccf,124,224,-1991.0,200,199,False,False,True
zeros,1,120d6378a192ad00862433bb1f74bf281e794600075d0d3139e267ef568b7ccf,126,226,-1991.0,200,199,False,False,True
zeros,1,120d6378a192ad00862433bb1f74bf281e794600075d0d3139e267ef568b7ccf,127,227,-1991.0,200,199,False,False,True
zeros,1,120d6378a192ad00862433bb1f74bf281e794600075d0d3139e267ef568b7ccf,128,128,-2000.0,200,200,False,False,True
zeros,1,120d6378a192ad00862433bb1f74bf281e794600075d0d3139e267ef568b7ccf,129,129,-2000.0,200,200,False,False,True
zeros,1,120d6378a192ad00862433bb1f74bf281e794600075d0d3139e267ef568b7ccf,131,131,-2000.0,200,200,False,False,True
zeros,1,120d6378a192ad00862433bb1f74bf281e794600075d0d3139e267ef568b7ccf,132,132,-2000.0,200,200,False,False,True
zeros,1,120d6378a192ad00862433bb1f74bf281e794600075d0d3139e267ef568b7ccf,133,133,-2000.0,200,200,False,False,True
zeros,1,120d6378a192ad00862433bb1f74bf281e794600075d0d3139e267ef568b7ccf,134,134,-2000.0,200,200,False,False,True
zeros,1,120d6378a192ad00862433bb1f74bf281e794600075d0d3139e267ef568b7ccf,141,481,-200.0,200,0,False,False,True
zeros,1,120d6378a192ad00862433bb1f74bf281e794600075d0d3139e267ef568b7ccf,142,482,-200.0,200,0,False,False,True
zeros,1,120d6378a192ad00862433bb1f74bf281e794600075d0d3139e267ef568b7ccf,143,283,-1973.0,200,197,False,False,True
zeros,1,120d6378a192ad00862433bb1f74bf281e794600075d0d3139e267ef568b7ccf,144,244,-1991.0,200,199,False,False,True
zeros,1,120d6378a192ad00862433bb1f74bf281e794600075d0d3139e267ef568b7ccf,146,246,-1991.0,200,199,False,False,True
zeros,1,120d6378a192ad00862433bb1f74bf281e794600075d0d3139e267ef568b7ccf,147,247,-1991.0,200,199,False,False,True
zeros,1,120d6378a192ad00862433bb1f74bf281e794600075d0d3139e267ef568b7ccf,148,148,-2000.0,200,200,False,False,True
zeros,1,120d6378a192ad00862433bb1f74bf281e794600075d0d3139e267ef568b7ccf,149,149,-2000.0,200,200,False,False,True
zeros,1,120d6378a192ad00862433bb1f74bf281e794600075d0d3139e267ef568b7ccf,151,151,-2000.0,200,200,False,False,True
zeros,1,120d6378a192ad00862433bb1f74bf281e794600075d0d3139e267ef568b7ccf,152,152,-2000.0,200,200,False,False,True
zeros,1,120d6378a192ad00862433bb1f74bf281e794600075d0d3139e267ef568b7ccf,153,273,-1982.0,200,198,False,False,True
zeros,1,120d6378a192ad00862433bb1f74bf281e794600075d0d3139e267ef568b7ccf,154,274,-1982.0,200,198,False,False,True
zeros,1,120d6378a192ad00862433bb1f74bf281e794600075d0d3139e267ef568b7ccf,161,481,-200.0,200,0,False,False,True
zeros,1,120d6378a192ad00862433bb1f74bf281e794600075d0d3139e267ef568b7ccf,162,482,-200.0,200,0,False,False,True
zeros,1,120d6378a192ad00862433bb1f74bf281e794600075d0d3139e267ef568b7ccf,163,283,-1982.0,200,198,False,False,True
zeros,1,120d6378a192ad00862433bb1f74bf281e794600075d0d3139e267ef568b7ccf,164,264,-1991.0,200,199,False,False,True
zeros,1,120d6378a192ad00862433bb1f74bf281e794600075d0d3139e267ef568b7ccf,166,466,-200.0,200,0,False,False,True
zeros,1,120d6378a192ad00862433bb1f74bf281e794600075d0d3139e267ef568b7ccf,167,267,-1991.0,200,199,False,False,True
zeros,1,120d6378a192ad00862433bb1f74bf281e794600075d0d3139e267ef568b7ccf,168,168,-2000.0,200,200,False,False,True
zeros,1,120d6378a192ad00862433bb1f74bf281e794600075d0d3139e267ef568b7ccf,169,169,-2000.0,200,200,False,False,True
zeros,1,120d6378a192ad00862433bb1f74bf281e794600075d0d3139e267ef568b7ccf,171,171,-2000.0,200,200,False,False,True
zeros,1,120d6378a192ad00862433bb1f74bf281e794600075d0d3139e267ef568b7ccf,172,272,-1991.0,200,199,False,False,True
zeros,1,120d6378a192ad00862433bb1f74bf281e794600075d0d3139e267ef568b7ccf,173,273,-1991.0,200,199,False,False,True
zeros,1,120d6378a192ad00862433bb1f74bf281e794600075d0d3139e267ef568b7ccf,174,274,-1991.0,200,199,False,False,True
zeros,1,120d6378a192ad00862433bb1f74bf281e794600075d0d3139e267ef568b7ccf,181,481,-200.0,200,0,False,False,True
zeros,1,120d6378a192ad00862433bb1f74bf281e794600075d0d3139e267ef568b7ccf,182,482,-200.0,200,0,False,False,True
zeros,1,120d6378a192ad00862433bb1f74bf281e794600075d0d3139e267ef568b7ccf,183,283,-1991.0,200,199,False,False,True
zeros,1,120d6378a192ad00862433bb1f74bf281e794600075d0d3139e267ef568b7ccf,184,284,-1991.0,200,199,False,False,True
zeros,1,120d6378a192ad00862433bb1f74bf281e794600075d0d3139e267ef568b7ccf,186,486,-200.0,200,0,False,False,True
zeros,1,120d6378a192ad00862433bb1f74bf281e794600075d0d3139e267ef568b7ccf,187,487,-200.0,200,0,False,False,True
zeros,1,120d6378a192ad00862433bb1f74bf281e794600075d0d3139e267ef568b7ccf,188,488,-200.0,200,0,False,False,True
zeros,1,120d6378a192ad00862433bb1f74bf281e794600075d0d3139e267ef568b7ccf,189,469,-200.0,200,0,False,False,True
zeros,1,120d6378a192ad00862433bb1f74bf281e794600075d0d3139e267ef568b7ccf,191,191,-2000.0,200,200,False,False,True
zeros,1,120d6378a192ad00862433bb1f74bf281e794600075d0d3139e267ef568b7ccf,192,292,-1991.0,200,199,False,False,True
zeros,1,120d6378a192ad00862433bb1f74bf281e794600075d0d3139e267ef568b7ccf,193,293,-1991.0,200,199,False,False,True
zeros,1,120d6378a192ad00862433bb1f74bf281e794600075d0d3139e267ef568b7ccf,194,494,-200.0,200,0,False,False,True
zeros,1,120d6378a192ad00862433bb1f74bf281e794600075d0d3139e267ef568b7ccf,201,201,-200.0,200,0,False,False,True
zeros,1,120d6378a192ad00862433bb1f74bf281e794600075d0d3139e267ef568b7ccf,202,202,-200.0,200,0,False,False,True
zeros,1,120d6378a192ad00862433bb1f74bf281e794600075d0d3139e267ef568b7ccf,203,203,-2000.0,200,200,False,False,True
zeros,1,120d6378a192ad00862433bb1f74bf281e794600075d0d3139e267ef568b7ccf,204,204,-2000.0,200,200,False,False,True
zeros,1,120d6378a192ad00862433bb1f74bf281e794600075d0d3139e267ef568b7ccf,206,406,-200.0,200,0,False,False,True
zeros,1,120d6378a192ad00862433bb1f74bf281e794600075d0d3139e267ef568b7ccf,207,407,-200.0,200,0,False,False,True
zeros,1,120d6378a192ad00862433bb1f74bf281e794600075d0d3139e267ef568b7ccf,208,308,-1991.0,200,199,False,False,True
zeros,1,120d6378a192ad00862433bb1f74bf281e794600075d0d3139e267ef568b7ccf,209,209,-200.0,200,0,False,False,True
zeros,1,120d6378a192ad00862433bb1f74bf281e794600075d0d3139e267ef568b7ccf,211,211,-2000.0,200,200,False,False,True
zeros,1,120d6378a192ad00862433bb1f74bf281e794600075d0d3139e267ef568b7ccf,212,212,-2000.0,200,200,False,False,True
zeros,1,120d6378a192ad00862433bb1f74bf281e794600075d0d3139e267ef568b7ccf,213,213,-2000.0,200,200,False,False,True
zeros,1,120d6378a192ad00862433bb1f74bf281e794600075d0d3139e267ef568b7ccf,214,414,-200.0,200,0,False,False,True
zeros,1,120d6378a192ad00862433bb1f74bf281e794600075d0d3139e267ef568b7ccf,221,221,-2000.0,200,200,False,False,True
zeros,1,120d6378a192ad00862433bb1f74bf281e794600075d0d3139e267ef568b7ccf,222,222,-2000.0,200,200,False,False,True
zeros,1,120d6378a192ad00862433bb1f74bf281e794600075d0d3139e267ef568b7ccf,223,223,-2000.0,200,200,False,False,True
zeros,1,120d6378a192ad00862433bb1f74bf281e794600075d0d3139e267ef568b7ccf,224,224,-2000.0,200,200,False,False,True
zeros,1,120d6378a192ad00862433bb1f74bf281e794600075d0d3139e267ef568b7ccf,226,226,-2000.0,200,200,False,False,True
zeros,1,120d6378a192ad00862433bb1f74bf281e794600075d0d3139e267ef568b7ccf,227,227,-2000.0,200,200,False,False,True
zeros,1,120d6378a192ad00862433bb1f74bf281e794600075d0d3139e267ef568b7ccf,228,228,-2000.0,200,200,False,False,True
zeros,1,120d6378a192ad00862433bb1f74bf281e794600075d0d3139e267ef568b7ccf,229,229,-2000.0,200,200,False,False,True
zeros,1,120d6378a192ad00862433bb1f74bf281e794600075d0d3139e267ef568b7ccf,231,231,-2000.0,200,200,False,False,True
zeros,1,120d6378a192ad00862433bb1f74bf281e794600075d0d3139e267ef568b7ccf,232,232,-2000.0,200,200,False,False,True
zeros,1,120d6378a192ad00862433bb1f74bf281e794600075d0d3139e267ef568b7ccf,233,233,-2000.0,200,200,False,False,True
zeros,1,120d6378a192ad00862433bb1f74bf281e794600075d0d3139e267ef568b7ccf,234,234,-2000.0,200,200,False,False,True
zeros,1,120d6378a192ad00862433bb1f74bf281e794600075d0d3139e267ef568b7ccf,241,241,-2000.0,200,200,False,False,True
zeros,1,120d6378a192ad00862433bb1f74bf281e794600075d0d3139e267ef568b7ccf,242,242,-2000.0,200,200,False,False,True
zeros,1,120d6378a192ad00862433bb1f74bf281e794600075d0d3139e267ef568b7ccf,243,243,-2000.0,200,200,False,False,True
zeros,1,120d6378a192ad00862433bb1f74bf281e794600075d0d3139e267ef568b7ccf,244,244,-2000.0,200,200,False,False,True
zeros,1,120d6378a192ad00862433bb1f74bf281e794600075d0d3139e267ef568b7ccf,246,246,-2000.0,200,200,False,False,True
zeros,1,120d6378a192ad00862433bb1f74bf281e794600075d0d3139e267ef568b7ccf,247,247,-2000.0,200,200,False,False,True
zeros,1,120d6378a192ad00862433bb1f74bf281e794600075d0d3139e267ef568b7ccf,248,248,-2000.0,200,200,False,False,True
zeros,1,120d6378a192ad00862433bb1f74bf281e794600075d0d3139e267ef568b7ccf,249,249,-2000.0,200,200,False,False,True
zeros,1,120d6378a192ad00862433bb1f74bf281e794600075d0d3139e267ef568b7ccf,251,251,-2000.0,200,200,False,False,True
zeros,1,120d6378a192ad00862433bb1f74bf281e794600075d0d3139e267ef568b7ccf,252,252,-2000.0,200,200,False,False,True
zeros,1,120d6378a192ad00862433bb1f74bf281e794600075d0d3139e267ef568b7ccf,253,253,-2000.0,200,200,False,False,True
zeros,1,120d6378a192ad00862433bb1f74bf281e794600075d0d3139e267ef568b7ccf,254,254,-2000.0,200,200,False,False,True
zeros,1,120d6378a192ad00862433bb1f74bf281e794600075d0d3139e267ef568b7ccf,261,261,-2000.0,200,200,False,False,True
zeros,1,120d6378a192ad00862433bb1f74bf281e794600075d0d3139e267ef568b7ccf,262,262,-2000.0,200,200,False,False,True
zeros,1,120d6378a192ad00862433bb1f74bf281e794600075d0d3139e267ef568b7ccf,263,263,-2000.0,200,200,False,False,True
zeros,1,120d6378a192ad00862433bb1f74bf281e794600075d0d3139e267ef568b7ccf,264,264,-2000.0,200,200,False,False,True
zeros,1,120d6378a192ad00862433bb1f74bf281e794600075d0d3139e267ef568b7ccf,266,466,-200.0,200,0,False,False,True
zeros,1,120d6378a192ad00862433bb1f74bf281e794600075d0d3139e267ef568b7ccf,267,267,-2000.0,200,200,False,False,True
zeros,1,120d6378a192ad00862433bb1f74bf281e794600075d0d3139e267ef568b7ccf,268,268,-2000.0,200,200,False,False,True
zeros,1,120d6378a192ad00862433bb1f74bf281e794600075d0d3139e267ef568b7ccf,269,269,-2000.0,200,200,False,False,True
zeros,1,120d6378a192ad00862433bb1f74bf281e794600075d0d3139e267ef568b7ccf,271,271,-2000.0,200,200,False,False,True
zeros,1,120d6378a192ad00862433bb1f74bf281e794600075d0d3139e267ef568b7ccf,272,272,-2000.0,200,200,False,False,True
zeros,1,120d6378a192ad00862433bb1f74bf281e794600075d0d3139e267ef568b7ccf,273,273,-2000.0,200,200,False,False,True
zeros,1,120d6378a192ad00862433bb1f74bf281e794600075d0d3139e267ef568b7ccf,274,274,-2000.0,200,200,False,False,True
zeros,1,120d6378a192ad00862433bb1f74bf281e794600075d0d3139e267ef568b7ccf,281,481,-200.0,200,0,False,False,True
zeros,1,120d6378a192ad00862433bb1f74bf281e794600075d0d3139e267ef568b7ccf,282,482,-200.0,200,0,False,False,True
zeros,1,120d6378a192ad00862433bb1f74bf281e794600075d0d3139e267ef568b7ccf,283,283,-2000.0,200,200,False,False,True
zeros,1,120d6378a192ad00862433bb1f74bf281e794600075d0d3139e267ef568b7ccf,284,284,-2000.0,200,200,False,False,True
zeros,1,120d6378a192ad00862433bb1f74bf281e794600075d0d3139e267ef568b7ccf,286,486,-200.0,200,0,False,False,True
zeros,1,120d6378a192ad00862433bb1f74bf281e794600075d0d3139e267ef568b7ccf,287,487,-200.0,200,0,False,False,True
zeros,1,120d6378a192ad00862433bb1f74bf281e794600075d0d3139e267ef568b7ccf,288,488,-200.0,200,0,False,False,True
zeros,1,120d6378a192ad00862433bb1f74bf281e794600075d0d3139e267ef568b7ccf,289,489,-200.0,200,0,False,False,True
zeros,1,120d6378a192ad00862433bb1f74bf281e794600075d0d3139e267ef568b7ccf,291,391,-1991.0,200,199,False,False,True
zeros,1,120d6378a192ad00862433bb1f74bf281e794600075d0d3139e267ef568b7ccf,292,292,-2000.0,200,200,False,False,True
zeros,1,120d6378a192ad00862433bb1f74bf281e794600075d0d3139e267ef568b7ccf,293,293,-2000.0,200,200,False,False,True
zeros,1,120d6378a192ad00862433bb1f74bf281e794600075d0d3139e267ef568b7ccf,294,494,-200.0,200,0,False,False,True
zeros,1,120d6378a192ad00862433bb1f74bf281e794600075d0d3139e267ef568b7ccf,301,301,-200.0,200,0,False,False,True
zeros,1,120d6378a192ad00862433bb1f74bf281e794600075d0d3139e267ef568b7ccf,302,302,-200.0,200,0,False,False,True
zeros,1,120d6378a192ad00862433bb1f74bf281e794600075d0d3139e267ef568b7ccf,303,303,-200.0,200,0,False,False,True
zeros,1,120d6378a192ad00862433bb1f74bf281e794600075d0d3139e267ef568b7ccf,304,404,-1991.0,200,199,False,False,True
zeros,1,120d6378a192ad00862433bb1f74bf281e794600075d0d3139e267ef568b7ccf,306,306,-200.0,200,0,False,False,True
zeros,1,120d6378a192ad00862433bb1f74bf281e794600075d0d3139e267ef568b7ccf,307,307,-200.0,200,0,False,False,True
zeros,1,120d6378a192ad00862433bb1f74bf281e794600075d0d3139e267ef568b7ccf,308,308,-2000.0,200,200,False,False,True
zeros,1,120d6378a192ad00862433bb1f74bf281e794600075d0d3139e267ef568b7ccf,309,309,-200.0,200,0,False,False,True
zeros,1,120d6378a192ad00862433bb1f74bf281e794600075d0d3139e267ef568b7ccf,311,311,-2000.0,200,200,False,False,True
zeros,1,120d6378a192ad00862433bb1f74bf281e794600075d0d3139e267ef568b7ccf,312,312,-2000.0,200,200,False,False,True
zeros,1,120d6378a192ad00862433bb1f74bf281e794600075d0d3139e267ef568b7ccf,313,413,-200.0,200,0,False,False,True
zeros,1,120d6378a192ad00862433bb1f74bf281e794600075d0d3139e267ef568b7ccf,314,414,-200.0,200,0,False,False,True
zeros,1,120d6378a192ad00862433bb1f74bf281e794600075d0d3139e267ef568b7ccf,321,341,-1991.0,200,199,False,False,True
zeros,1,120d6378a192ad00862433bb1f74bf281e794600075d0d3139e267ef568b7ccf,322,342,-200.0,200,0,False,False,True
zeros,1,120d6378a192ad00862433bb1f74bf281e794600075d0d3139e267ef568b7ccf,323,343,-200.0,200,0,False,False,True
zeros,1,120d6378a192ad00862433bb1f74bf281e794600075d0d3139e267ef568b7ccf,324,324,-2000.0,200,200,False,False,True
zeros,1,120d6378a192ad00862433bb1f74bf281e794600075d0d3139e267ef568b7ccf,326,326,-2000.0,200,200,False,False,True
zeros,1,120d6378a192ad00862433bb1f74bf281e794600075d0d3139e267ef568b7ccf,327,327,-2000.0,200,200,False,False,True
zeros,1,120d6378a192ad00862433bb1f74bf281e794600075d0d3139e267ef568b7ccf,328,328,-2000.0,200,200,False,False,True
zeros,1,120d6378a192ad00862433bb1f74bf281e794600075d0d3139e267ef568b7ccf,329,329,-2000.0,200,200,False,False,True
zeros,1,120d6378a192ad00862433bb1f74bf281e794600075d0d3139e267ef568b7ccf,331,331,-2000.0,200,200,False,False,True
zeros,1,120d6378a192ad00862433bb1f74bf281e794600075d0d3139e267ef568b7ccf,332,332,-2000.0,200,200,False,False,True
zeros,1,120d6378a192ad00862433bb1f74bf281e794600075d0d3139e267ef568b7ccf,333,333,-2000.0,200,200,False,False,True
zeros,1,120d6378a192ad00862433bb1f74bf281e794600075d0d3139e267ef568b7ccf,334,334,-2000.0,200,200,False,False,True
zeros,1,120d6378a192ad00862433bb1f74bf281e794600075d0d3139e267ef568b7ccf,341,341,-2000.0,200,200,False,False,True
zeros,1,120d6378a192ad00862433bb1f74bf281e794600075d0d3139e267ef568b7ccf,342,342,-200.0,200,0,False,False,True
zeros,1,120d6378a192ad00862433bb1f74bf281e794600075d0d3139e267ef568b7ccf,343,343,-200.0,200,0,False,False,True
zeros,1,120d6378a192ad00862433bb1f74bf281e794600075d0d3139e267ef568b7ccf,344,344,-2000.0,200,200,False,False,True
zeros,1,120d6378a192ad00862433bb1f74bf281e794600075d0d3139e267ef568b7ccf,346,346,-2000.0,200,200,False,False,True
zeros,1,120d6378a192ad00862433bb1f74bf281e794600075d0d3139e267ef568b7ccf,347,347,-2000.0,200,200,False,False,True
zeros,1,120d6378a192ad00862433bb1f74bf281e794600075d0d3139e267ef568b7ccf,348,348,-2000.0,200,200,False,False,True
zeros,1,120d6378a192ad00862433bb1f74bf281e794600075d0d3139e267ef568b7ccf,349,329,-1991.0,200,199,False,False,True
zeros,1,120d6378a192ad00862433bb1f74bf281e794600075d0d3139e267ef568b7ccf,351,351,-2000.0,200,200,False,False,True
zeros,1,120d6378a192ad00862433bb1f74bf281e794600075d0d3139e267ef568b7ccf,352,352,-2000.0,200,200,False,False,True
zeros,1,120d6378a192ad00862433bb1f74bf281e794600075d0d3139e267ef568b7ccf,353,353,-2000.0,200,200,False,False,True
zeros,1,120d6378a192ad00862433bb1f74bf281e794600075d0d3139e267ef568b7ccf,354,354,-2000.0,200,200,False,False,True
zeros,1,120d6378a192ad00862433bb1f74bf281e794600075d0d3139e267ef568b7ccf,361,481,-200.0,200,0,False,False,True
zeros,1,120d6378a192ad00862433bb1f74bf281e794600075d0d3139e267ef568b7ccf,362,482,-200.0,200,0,False,False,True
zeros,1,120d6378a192ad00862433bb1f74bf281e794600075d0d3139e267ef568b7ccf,363,483,-200.0,200,0,False,False,True
zeros,1,120d6378a192ad00862433bb1f74bf281e794600075d0d3139e267ef568b7ccf,364,364,-2000.0,200,200,False,False,True
zeros,1,120d6378a192ad00862433bb1f74bf281e794600075d0d3139e267ef568b7ccf,366,466,-200.0,200,0,False,False,True
zeros,1,120d6378a192ad00862433bb1f74bf281e794600075d0d3139e267ef568b7ccf,367,467,-200.0,200,0,False,False,True
zeros,1,120d6378a192ad00862433bb1f74bf281e794600075d0d3139e267ef568b7ccf,368,368,-2000.0,200,200,False,False,True
zeros,1,120d6378a192ad00862433bb1f74bf281e794600075d0d3139e267ef568b7ccf,369,369,-2000.0,200,200,False,False,True
zeros,1,120d6378a192ad00862433bb1f74bf281e794600075d0d3139e267ef568b7ccf,371,371,-2000.0,200,200,False,False,True
zeros,1,120d6378a192ad00862433bb1f74bf281e794600075d0d3139e267ef568b7ccf,372,372,-2000.0,200,200,False,False,True
zeros,1,120d6378a192ad00862433bb1f74bf281e794600075d0d3139e267ef568b7ccf,373,373,-2000.0,200,200,False,False,True
zeros,1,120d6378a192ad00862433bb1f74bf281e794600075d0d3139e267ef568b7ccf,374,374,-2000.0,200,200,False,False,True
zeros,1,120d6378a192ad00862433bb1f74bf281e794600075d0d3139e267ef568b7ccf,381,481,-200.0,200,0,False,False,True
zeros,1,120d6378a192ad00862433bb1f74bf281e794600075d0d3139e267ef568b7ccf,382,482,-200.0,200,0,False,False,True
zeros,1,120d6378a192ad00862433bb1f74bf281e794600075d0d3139e267ef568b7ccf,383,483,-200.0,200,0,False,False,True
zeros,1,120d6378a192ad00862433bb1f74bf281e794600075d0d3139e267ef568b7ccf,384,484,-1991.0,200,199,False,False,True
zeros,1,120d6378a192ad00862433bb1f74bf281e794600075d0d3139e267ef568b7ccf,386,486,-200.0,200,0,False,False,True
zeros,1,120d6378a192ad00862433bb1f74bf281e794600075d0d3139e267ef568b7ccf,387,487,-200.0,200,0,False,False,True
zeros,1,120d6378a192ad00862433bb1f74bf281e794600075d0d3139e267ef568b7ccf,388,488,-200.0,200,0,False,False,True
zeros,1,120d6378a192ad00862433bb1f74bf281e794600075d0d3139e267ef568b7ccf,389,469,-200.0,200,0,False,False,True
zeros,1,120d6378a192ad00862433bb1f74bf281e794600075d0d3139e267ef568b7ccf,391,391,-2000.0,200,200,False,False,True
zeros,1,120d6378a192ad00862433bb1f74bf281e794600075d0d3139e267ef568b7ccf,392,392,-2000.0,200,200,False,False,True
zeros,1,120d6378a192ad00862433bb1f74bf281e794600075d0d3139e267ef568b7ccf,393,493,-200.0,200,0,False,False,True
zeros,1,120d6378a192ad00862433bb1f74bf281e794600075d0d3139e267ef568b7ccf,394,494,-200.0,200,0,False,False,True
zeros,1,120d6378a192ad00862433bb1f74bf281e794600075d0d3139e267ef568b7ccf,401,401,-200.0,200,0,False,False,True
zeros,1,120d6378a192ad00862433bb1f74bf281e794600075d0d3139e267ef568b7ccf,402,402,-200.0,200,0,False,False,True
zeros,1,120d6378a192ad00862433bb1f74bf281e794600075d0d3139e267ef568b7ccf,403,303,-200.0,200,0,False,False,True
zeros,1,120d6378a192ad00862433bb1f74bf281e794600075d0d3139e267ef568b7ccf,404,404,-2000.0,200,200,False,False,True
zeros,1,120d6378a192ad00862433bb1f74bf281e794600075d0d3139e267ef568b7ccf,406,406,-200.0,200,0,False,False,True
zeros,1,120d6378a192ad00862433bb1f74bf281e794600075d0d3139e267ef568b7ccf,407,407,-200.0,200,0,False,False,True
zeros,1,120d6378a192ad00862433bb1f74bf281e794600075d0d3139e267ef568b7ccf,408,408,-200.0,200,0,False,False,True
zeros,1,120d6378a192ad00862433bb1f74bf281e794600075d0d3139e267ef568b7ccf,409,409,-200.0,200,0,False,False,True
zeros,1,120d6378a192ad00862433bb1f74bf281e794600075d0d3139e267ef568b7ccf,411,411,-200.0,200,0,False,False,True
zeros,1,120d6378a192ad00862433bb1f74bf281e794600075d0d3139e267ef568b7ccf,412,412,-2000.0,200,200,False,False,True
zeros,1,120d6378a192ad00862433bb1f74bf281e794600075d0d3139e267ef568b7ccf,413,413,-200.0,200,0,False,False,True
zeros,1,120d6378a192ad00862433bb1f74bf281e794600075d0d3139e267ef568b7ccf,414,414,-200.0,200,0,False,False,True
zeros,1,120d6378a192ad00862433bb1f74bf281e794600075d0d3139e267ef568b7ccf,421,441,-200.0,200,0,False,False,True
zeros,1,120d6378a192ad00862433bb1f74bf281e794600075d0d3139e267ef568b7ccf,422,442,-200.0,200,0,False,False,True
zeros,1,120d6378a192ad00862433bb1f74bf281e794600075d0d3139e267ef568b7ccf,423,443,-200.0,200,0,False,False,True
zeros,1,120d6378a192ad00862433bb1f74bf281e794600075d0d3139e267ef568b7ccf,424,424,-2000.0,200,200,False,False,True
zeros,1,120d6378a192ad00862433bb1f74bf281e794600075d0d3139e267ef568b7ccf,426,446,-1991.0,200,199,False,False,True
zeros,1,120d6378a192ad00862433bb1f74bf281e794600075d0d3139e267ef568b7ccf,427,427,-2000.0,200,200,False,False,True
zeros,1,120d6378a192ad00862433bb1f74bf281e794600075d0d3139e267ef568b7ccf,428,428,-2000.0,200,200,False,False,True
zeros,1,120d6378a192ad00862433bb1f74bf281e794600075d0d3139e267ef568b7ccf,429,429,-2000.0,200,200,False,False,True
zeros,1,120d6378a192ad00862433bb1f74bf281e794600075d0d3139e267ef568b7ccf,431,431,-2000.0,200,200,False,False,True
zeros,1,120d6378a192ad00862433bb1f74bf281e794600075d0d3139e267ef568b7ccf,432,432,-2000.0,200,200,False,False,True
zeros,1,120d6378a192ad00862433bb1f74bf281e794600075d0d3139e267ef568b7ccf,433,433,-2000.0,200,200,False,False,True
zeros,1,120d6378a192ad00862433bb1f74bf281e794600075d0d3139e267ef568b7ccf,434,454,-1991.0,200,199,False,False,True
zeros,1,120d6378a192ad00862433bb1f74bf281e794600075d0d3139e267ef568b7ccf,441,441,-200.0,200,0,False,False,True
zeros,1,120d6378a192ad00862433bb1f74bf281e794600075d0d3139e267ef568b7ccf,442,442,-200.0,200,0,False,False,True
zeros,1,120d6378a192ad00862433bb1f74bf281e794600075d0d3139e267ef568b7ccf,443,443,-200.0,200,0,False,False,True
zeros,1,120d6378a192ad00862433bb1f74bf281e794600075d0d3139e267ef568b7ccf,444,444,-2000.0,200,200,False,False,True
zeros,1,120d6378a192ad00862433bb1f74bf281e794600075d0d3139e267ef568b7ccf,446,446,-2000.0,200,200,False,False,True
zeros,1,120d6378a192ad00862433bb1f74bf281e794600075d0d3139e267ef568b7ccf,447,447,-2000.0,200,200,False,False,True
zeros,1,120d6378a192ad00862433bb1f74bf281e794600075d0d3139e267ef568b7ccf,448,448,-2000.0,200,200,False,False,True
zeros,1,120d6378a192ad00862433bb1f74bf281e794600075d0d3139e267ef568b7ccf,449,429,-1991.0,200,199,False,False,True
zeros,1,120d6378a192ad00862433bb1f74bf281e794600075d0d3139e267ef568b7ccf,451,451,-200.0,200,0,False,False,True
zeros,1,120d6378a192ad00862433bb1f74bf281e794600075d0d3139e267ef568b7ccf,452,452,-2000.0,200,200,False,False,True
zeros,1,120d6378a192ad00862433bb1f74bf281e794600075d0d3139e267ef568b7ccf,453,453,-2000.0,200,200,False,False,True
zeros,1,120d6378a192ad00862433bb1f74bf281e794600075d0d3139e267ef568b7ccf,454,454,-2000.0,200,200,False,False,True
zeros,1,120d6378a192ad00862433bb1f74bf281e794600075d0d3139e267ef568b7ccf,461,481,-200.0,200,0,False,False,True
zeros,1,120d6378a192ad00862433bb1f74bf281e794600075d0d3139e267ef568b7ccf,462,482,-200.0,200,0,False,False,True
zeros,1,120d6378a192ad00862433bb1f74bf281e794600075d0d3139e267ef568b7ccf,463,483,-200.0,200,0,False,False,True
zeros,1,120d6378a192ad00862433bb1f74bf281e794600075d0d3139e267ef568b7ccf,464,464,-2000.0,200,200,False,False,True
zeros,1,120d6378a192ad00862433bb1f74bf281e794600075d0d3139e267ef568b7ccf,466,466,-200.0,200,0,False,False,True
zeros,1,120d6378a192ad00862433bb1f74bf281e794600075d0d3139e267ef568b7ccf,467,467,-200.0,200,0,False,False,True
zeros,1,120d6378a192ad00862433bb1f74bf281e794600075d0d3139e267ef568b7ccf,468,468,-2000.0,200,200,False,False,True
zeros,1,120d6378a192ad00862433bb1f74bf281e794600075d0d3139e267ef568b7ccf,469,469,-200.0,200,0,False,False,True
zeros,1,120d6378a192ad00862433bb1f74bf281e794600075d0d3139e267ef568b7ccf,471,471,-2000.0,200,200,False,False,True
zeros,1,120d6378a192ad00862433bb1f74bf281e794600075d0d3139e267ef568b7ccf,472,476,-1991.0,200,199,False,False,True
zeros,1,120d6378a192ad00862433bb1f74bf281e794600075d0d3139e267ef568b7ccf,473,477,-200.0,200,0,False,False,True
zeros,1,120d6378a192ad00862433bb1f74bf281e794600075d0d3139e267ef568b7ccf,474,494,-200.0,200,0,False,False,True
zeros,1,120d6378a192ad00862433bb1f74bf281e794600075d0d3139e267ef568b7ccf,481,481,-200.0,200,0,False,False,True
zeros,1,120d6378a192ad00862433bb1f74bf281e794600075d0d3139e267ef568b7ccf,482,482,-200.0,200,0,False,False,True
zeros,1,120d6378a192ad00862433bb1f74bf281e794600075d0d3139e267ef568b7ccf,483,483,-200.0,200,0,False,False,True
zeros,1,120d6378a192ad00862433bb1f74bf281e794600075d0d3139e267ef568b7ccf,484,484,-2000.0,200,200,False,False,True
zeros,1,120d6378a192ad00862433bb1f74bf281e794600075d0d3139e267ef568b7ccf,486,486,-200.0,200,0,False,False,True
zeros,1,120d6378a192ad00862433bb1f74bf281e794600075d0d3139e267ef568b7ccf,487,487,-200.0,200,0,False,False,True
zeros,1,120d6378a192ad00862433bb1f74bf281e794600075d0d3139e267ef568b7ccf,488,488,-200.0,200,0,False,False,True
zeros,1,120d6378a192ad00862433bb1f74bf281e794600075d0d3139e267ef568b7ccf,489,489,-200.0,200,0,False,False,True
zeros,1,120d6378a192ad00862433bb1f74bf281e794600075d0d3139e267ef568b7ccf,491,491,-200.0,200,0,False,False,True
zeros,1,120d6378a192ad00862433bb1f74bf281e794600075d0d3139e267ef568b7ccf,492,492,-2000.0,200,200,False,False,True
zeros,1,120d6378a192ad00862433bb1f74bf281e794600075d0d3139e267ef568b7ccf,493,493,-200.0,200,0,False,False,True
zeros,1,120d6378a192ad00862433bb1f74bf281e794600075d0d3139e267ef568b7ccf,494,494,-200.0,200,0,False,False,True
zeros,2,472e51a8c42c5be903ce9f2b615bf7e921b18b891a164114f90e096271912d6c,1,21,-200.0,200,0,False,False,True
zeros,2,472e51a8c42c5be903ce9f2b615bf7e921b18b891a164114f90e096271912d6c,2,22,-200.0,200,0,False,False,True
zeros,2,472e51a8c42c5be903ce9f2b615bf7e921b18b891a164114f90e096271912d6c,3,23,-200.0,200,0,False,False,True
zeros,2,472e51a8c42c5be903ce9f2b615bf7e921b18b891a164114f90e096271912d6c,4,4,-200.0,200,0,False,False,True
zeros,2,472e51a8c42c5be903ce9f2b615bf7e921b18b891a164114f90e096271912d6c,6,26,-200.0,200,0,False,False,True
zeros,2,472e51a8c42c5be903ce9f2b615bf7e921b18b891a164114f90e096271912d6c,7,27,-200.0,200,0,False,False,True
zeros,2,472e51a8c42c5be903ce9f2b615bf7e921b18b891a164114f90e096271912d6c,8,8,-200.0,200,0,False,False,True
zeros,2,472e51a8c42c5be903ce9f2b615bf7e921b18b891a164114f90e096271912d6c,9,29,-200.0,200,0,False,False,True
zeros,2,472e51a8c42c5be903ce9f2b615bf7e921b18b891a164114f90e096271912d6c,11,31,-200.0,200,0,False,False,True
zeros,2,472e51a8c42c5be903ce9f2b615bf7e921b18b891a164114f90e096271912d6c,12,12,-200.0,200,0,False,False,True
zeros,2,472e51a8c42c5be903ce9f2b615bf7e921b18b891a164114f90e096271912d6c,13,33,-200.0,200,0,False,False,True
zeros,2,472e51a8c42c5be903ce9f2b615bf7e921b18b891a164114f90e096271912d6c,14,34,-200.0,200,0,False,False,True
zeros,2,472e51a8c42c5be903ce9f2b615bf7e921b18b891a164114f90e096271912d6c,21,21,-200.0,200,0,False,False,True
zeros,2,472e51a8c42c5be903ce9f2b615bf7e921b18b891a164114f90e096271912d6c,22,22,-200.0,200,0,False,False,True
zeros,2,472e51a8c42c5be903ce9f2b615bf7e921b18b891a164114f90e096271912d6c,23,23,-200.0,200,0,False,False,True
zeros,2,472e51a8c42c5be903ce9f2b615bf7e921b18b891a164114f90e096271912d6c,24,24,-200.0,200,0,False,False,True
zeros,2,472e51a8c42c5be903ce9f2b615bf7e921b18b891a164114f90e096271912d6c,26,26,-200.0,200,0,False,False,True
zeros,2,472e51a8c42c5be903ce9f2b615bf7e921b18b891a164114f90e096271912d6c,27,27,-200.0,200,0,False,False,True
zeros,2,472e51a8c42c5be903ce9f2b615bf7e921b18b891a164114f90e096271912d6c,28,28,-200.0,200,0,False,False,True
zeros,2,472e51a8c42c5be903ce9f2b615bf7e921b18b891a164114f90e096271912d6c,29,29,-200.0,200,0,False,False,True
zeros,2,472e51a8c42c5be903ce9f2b615bf7e921b18b891a164114f90e096271912d6c,31,31,-200.0,200,0,False,False,True
zeros,2,472e51a8c42c5be903ce9f2b615bf7e921b18b891a164114f90e096271912d6c,32,32,-200.0,200,0,False,False,True
zeros,2,472e51a8c42c5be903ce9f2b615bf7e921b18b891a164114f90e096271912d6c,33,33,-200.0,200,0,False,False,True
zeros,2,472e51a8c42c5be903ce9f2b615bf7e921b18b891a164114f90e096271912d6c,34,34,-200.0,200,0,False,False,True
zeros,2,472e51a8c42c5be903ce9f2b615bf7e921b18b891a164114f90e096271912d6c,41,81,-200.0,200,0,False,False,True
zeros,2,472e51a8c42c5be903ce9f2b615bf7e921b18b891a164114f90e096271912d6c,42,82,-200.0,200,0,False,False,True
zeros,2,472e51a8c42c5be903ce9f2b615bf7e921b18b891a164114f90e096271912d6c,43,83,-200.0,200,0,False,False,True
zeros,2,472e51a8c42c5be903ce9f2b615bf7e921b18b891a164114f90e096271912d6c,44,44,-200.0,200,0,False,False,True
zeros,2,472e51a8c42c5be903ce9f2b615bf7e921b18b891a164114f90e096271912d6c,46,86,-200.0,200,0,False,False,True
zeros,2,472e51a8c42c5be903ce9f2b615bf7e921b18b891a164114f90e096271912d6c,47,47,-200.0,200,0,False,False,True
zeros,2,472e51a8c42c5be903ce9f2b615bf7e921b18b891a164114f90e096271912d6c,48,48,-200.0,200,0,False,False,True
zeros,2,472e51a8c42c5be903ce9f2b615bf7e921b18b891a164114f90e096271912d6c,49,89,-200.0,200,0,False,False,True
zeros,2,472e51a8c42c5be903ce9f2b615bf7e921b18b891a164114f90e096271912d6c,51,91,-200.0,200,0,False,False,True
zeros,2,472e51a8c42c5be903ce9f2b615bf7e921b18b891a164114f90e096271912d6c,52,52,-200.0,200,0,False,False,True
zeros,2,472e51a8c42c5be903ce9f2b615bf7e921b18b891a164114f90e096271912d6c,53,93,-200.0,200,0,False,False,True
zeros,2,472e51a8c42c5be903ce9f2b615bf7e921b18b891a164114f90e096271912d6c,54,94,-200.0,200,0,False,False,True
zeros,2,472e51a8c42c5be903ce9f2b615bf7e921b18b891a164114f90e096271912d6c,61,81,-200.0,200,0,False,False,True
zeros,2,472e51a8c42c5be903ce9f2b615bf7e921b18b891a164114f90e096271912d6c,62,82,-200.0,200,0,False,False,True
zeros,2,472e51a8c42c5be903ce9f2b615bf7e921b18b891a164114f90e096271912d6c,63,83,-200.0,200,0,False,False,True
zeros,2,472e51a8c42c5be903ce9f2b615bf7e921b18b891a164114f90e096271912d6c,64,84,-200.0,200,0,False,False,True
zeros,2,472e51a8c42c5be903ce9f2b615bf7e921b18b891a164114f90e096271912d6c,66,86,-200.0,200,0,False,False,True
zeros,2,472e51a8c42c5be903ce9f2b615bf7e921b18b891a164114f90e096271912d6c,67,87,-200.0,200,0,False,False,True
zeros,2,472e51a8c42c5be903ce9f2b615bf7e921b18b891a164114f90e096271912d6c,68,88,-200.0,200,0,False,False,True
zeros,2,472e51a8c42c5be903ce9f2b615bf7e921b18b891a164114f90e096271912d6c,69,89,-200.0,200,0,False,False,True
zeros,2,472e51a8c42c5be903ce9f2b615bf7e921b18b891a164114f90e096271912d6c,71,91,-200.0,200,0,False,False,True
zeros,2,472e51a8c42c5be903ce9f2b615bf7e921b18b891a164114f90e096271912d6c,72,92,-200.0,200,0,False,False,True
zeros,2,472e51a8c42c5be903ce9f2b615bf7e921b18b891a164114f90e096271912d6c,73,93,-200.0,200,0,False,False,True
zeros,2,472e51a8c42c5be903ce9f2b615bf7e921b18b891a164114f90e096271912d6c,74,94,-200.0,200,0,False,False,True
zeros,2,472e51a8c42c5be903ce9f2b615bf7e921b18b891a164114f90e096271912d6c,81,81,-200.0,200,0,False,False,True
zeros,2,472e51a8c42c5be903ce9f2b615bf7e921b18b891a164114f90e096271912d6c,82,82,-200.0,200,0,False,False,True
zeros,2,472e51a8c42c5be903ce9f2b615bf7e921b18b891a164114f90e096271912d6c,83,83,-200.0,200,0,False,False,True
zeros,2,472e51a8c42c5be903ce9f2b615bf7e921b18b891a164114f90e096271912d6c,84,84,-200.0,200,0,False,False,True
zeros,2,472e51a8c42c5be903ce9f2b615bf7e921b18b891a164114f90e096271912d6c,86,86,-200.0,200,0,False,False,True
zeros,2,472e51a8c42c5be903ce9f2b615bf7e921b18b891a164114f90e096271912d6c,87,87,-200.0,200,0,False,False,True
zeros,2,472e51a8c42c5be903ce9f2b615bf7e921b18b891a164114f90e096271912d6c,88,88,-200.0,200,0,False,False,True
zeros,2,472e51a8c42c5be903ce9f2b615bf7e921b18b891a164114f90e096271912d6c,89,89,-200.0,200,0,False,False,True
zeros,2,472e51a8c42c5be903ce9f2b615bf7e921b18b891a164114f90e096271912d6c,91,91,-200.0,200,0,False,False,True
zeros,2,472e51a8c42c5be903ce9f2b615bf7e921b18b891a164114f90e096271912d6c,92,92,-200.0,200,0,False,False,True
zeros,2,472e51a8c42c5be903ce9f2b615bf7e921b18b891a164114f90e096271912d6c,93,93,-200.0,200,0,False,False,True
zeros,2,472e51a8c42c5be903ce9f2b615bf7e921b18b891a164114f90e096271912d6c,94,94,-200.0,200,0,False,False,True
zeros,2,472e51a8c42c5be903ce9f2b615bf7e921b18b891a164114f90e096271912d6c,101,121,-200.0,200,0,False,False,True
zeros,2,472e51a8c42c5be903ce9f2b615bf7e921b18b891a164114f90e096271912d6c,102,122,-200.0,200,0,False,False,True
zeros,2,472e51a8c42c5be903ce9f2b615bf7e921b18b891a164114f90e096271912d6c,103,123,-200.0,200,0,False,False,True
zeros,2,472e51a8c42c5be903ce9f2b615bf7e921b18b891a164114f90e096271912d6c,104,24,-200.0,200,0,False,False,True
zeros,2,472e51a8c42c5be903ce9f2b615bf7e921b18b891a164114f90e096271912d6c,106,126,-200.0,200,0,False,False,True
zeros,2,472e51a8c42c5be903ce9f2b615bf7e921b18b891a164114f90e096271912d6c,107,27,-200.0,200,0,False,False,True
zeros,2,472e51a8c42c5be903ce9f2b615bf7e921b18b891a164114f90e096271912d6c,108,128,-200.0,200,0,False,False,True
zeros,2,472e51a8c42c5be903ce9f2b615bf7e921b18b891a164114f90e096271912d6c,109,129,-200.0,200,0,False,False,True
zeros,2,472e51a8c42c5be903ce9f2b615bf7e921b18b891a164114f90e096271912d6c,111,131,-200.0,200,0,False,False,True
zeros,2,472e51a8c42c5be903ce9f2b615bf7e921b18b891a164114f90e096271912d6c,112,32,-200.0,200,0,False,False,True
zeros,2,472e51a8c42c5be903ce9f2b615bf7e921b18b891a164114f90e096271912d6c,113,33,-200.0,200,0,False,False,True
zeros,2,472e51a8c42c5be903ce9f2b615bf7e921b18b891a164114f90e096271912d6c,114,134,-200.0,200,0,False,False,True
zeros,2,472e51a8c42c5be903ce9f2b615bf7e921b18b891a164114f90e096271912d6c,121,121,-200.0,200,0,False,False,True
zeros,2,472e51a8c42c5be903ce9f2b615bf7e921b18b891a164114f90e096271912d6c,122,122,-200.0,200,0,False,False,True
zeros,2,472e51a8c42c5be903ce9f2b615bf7e921b18b891a164114f90e096271912d6c,123,123,-200.0,200,0,False,False,True
zeros,2,472e51a8c42c5be903ce9f2b615bf7e921b18b891a164114f90e096271912d6c,124,24,-200.0,200,0,False,False,True
zeros,2,472e51a8c42c5be903ce9f2b615bf7e921b18b891a164114f90e096271912d6c,126,126,-200.0,200,0,False,False,True
zeros,2,472e51a8c42c5be903ce9f2b615bf7e921b18b891a164114f90e096271912d6c,127,27,-200.0,200,0,False,False,True
zeros,2,472e51a8c42c5be903ce9f2b615bf7e921b18b891a164114f90e096271912d6c,128,128,-200.0,200,0,False,False,True
zeros,2,472e51a8c42c5be903ce9f2b615bf7e921b18b891a164114f90e096271912d6c,129,129,-200.0,200,0,False,False,True
zeros,2,472e51a8c42c5be903ce9f2b615bf7e921b18b891a164114f90e096271912d6c,131,131,-200.0,200,0,False,False,True
zeros,2,472e51a8c42c5be903ce9f2b615bf7e921b18b891a164114f90e096271912d6c,132,32,-200.0,200,0,False,False,True
zeros,2,472e51a8c42c5be903ce9f2b615bf7e921b18b891a164114f90e096271912d6c,133,33,-200.0,200,0,False,False,True
zeros,2,472e51a8c42c5be903ce9f2b615bf7e921b18b891a164114f90e096271912d6c,134,134,-200.0,200,0,False,False,True
zeros,2,472e51a8c42c5be903ce9f2b615bf7e921b18b891a164114f90e096271912d6c,141,181,-200.0,200,0,False,False,True
zeros,2,472e51a8c42c5be903ce9f2b615bf7e921b18b891a164114f90e096271912d6c,142,182,-200.0,200,0,False,False,True
zeros,2,472e51a8c42c5be903ce9f2b615bf7e921b18b891a164114f90e096271912d6c,143,183,-200.0,200,0,False,False,True
zeros,2,472e51a8c42c5be903ce9f2b615bf7e921b18b891a164114f90e096271912d6c,144,44,-200.0,200,0,False,False,True
zeros,2,472e51a8c42c5be903ce9f2b615bf7e921b18b891a164114f90e096271912d6c,146,186,-200.0,200,0,False,False,True
zeros,2,472e51a8c42c5be903ce9f2b615bf7e921b18b891a164114f90e096271912d6c,147,47,-200.0,200,0,False,False,True
zeros,2,472e51a8c42c5be903ce9f2b615bf7e921b18b891a164114f90e096271912d6c,148,188,-200.0,200,0,False,False,True
zeros,2,472e51a8c42c5be903ce9f2b615bf7e921b18b891a164114f90e096271912d6c,149,189,-200.0,200,0,False,False,True
zeros,2,472e51a8c42c5be903ce9f2b615bf7e921b18b891a164114f90e096271912d6c,151,191,-200.0,200,0,False,False,True
zeros,2,472e51a8c42c5be903ce9f2b615bf7e921b18b891a164114f90e096271912d6c,152,52,-200.0,200,0,False,False,True
zeros,2,472e51a8c42c5be903ce9f2b615bf7e921b18b891a164114f90e096271912d6c,153,93,-200.0,200,0,False,False,True
zeros,2,472e51a8c42c5be903ce9f2b615bf7e921b18b891a164114f90e096271912d6c,154,194,-200.0,200,0,False,False,True
zeros,2,472e51a8c42c5be903ce9f2b615bf7e921b18b891a164114f90e096271912d6c,161,181,-200.0,200,0,False,False,True
zeros,2,472e51a8c42c5be903ce9f2b615bf7e921b18b891a164114f90e096271912d6c,162,182,-200.0,200,0,False,False,True
zeros,2,472e51a8c42c5be903ce9f2b615bf7e921b18b891a164114f90e096271912d6c,163,183,-200.0,200,0,False,False,True
zeros,2,472e51a8c42c5be903ce9f2b615bf7e921b18b891a164114f90e096271912d6c,164,184,-200.0,200,0,False,False,True
zeros,2,472e51a8c42c5be903ce9f2b615bf7e921b18b891a164114f90e096271912d6c,166,186,-200.0,200,0,False,False,True
zeros,2,472e51a8c42c5be903ce9f2b615bf7e921b18b891a164114f90e096271912d6c,167,187,-200.0,200,0,False,False,True
zeros,2,472e51a8c42c5be903ce9f2b615bf7e921b18b891a164114f90e096271912d6c,168,188,-200.0,200,0,False,False,True
zeros,2,472e51a8c42c5be903ce9f2b615bf7e921b18b891a164114f90e096271912d6c,169,189,-200.0,200,0,False,False,True
zeros,2,472e51a8c42c5be903ce9f2b615bf7e921b18b891a164114f90e096271912d6c,171,191,-200.0,200,0,False,False,True
zeros,2,472e51a8c42c5be903ce9f2b615bf7e921b18b891a164114f90e096271912d6c,172,192,-200.0,200,0,False,False,True
zeros,2,472e51a8c42c5be903ce9f2b615bf7e921b18b891a164114f90e096271912d6c,173,93,-200.0,200,0,False,False,True
zeros,2,472e51a8c42c5be903ce9f2b615bf7e921b18b891a164114f90e096271912d6c,174,194,-200.0,200,0,False,False,True
zeros,2,472e51a8c42c5be903ce9f2b615bf7e921b18b891a164114f90e096271912d6c,181,181,-200.0,200,0,False,False,True
zeros,2,472e51a8c42c5be903ce9f2b615bf7e921b18b891a164114f90e096271912d6c,182,182,-200.0,200,0,False,False,True
zeros,2,472e51a8c42c5be903ce9f2b615bf7e921b18b891a164114f90e096271912d6c,183,183,-200.0,200,0,False,False,True
zeros,2,472e51a8c42c5be903ce9f2b615bf7e921b18b891a164114f90e096271912d6c,184,184,-200.0,200,0,False,False,True
zeros,2,472e51a8c42c5be903ce9f2b615bf7e921b18b891a164114f90e096271912d6c,186,186,-200.0,200,0,False,False,True
zeros,2,472e51a8c42c5be903ce9f2b615bf7e921b18b891a164114f90e096271912d6c,187,187,-200.0,200,0,False,False,True
zeros,2,472e51a8c42c5be903ce9f2b615bf7e921b18b891a164114f90e096271912d6c,188,188,-200.0,200,0,False,False,True
zeros,2,472e51a8c42c5be903ce9f2b615bf7e921b18b891a164114f90e096271912d6c,189,189,-200.0,200,0,False,False,True
zeros,2,472e51a8c42c5be903ce9f2b615bf7e921b18b891a164114f90e096271912d6c,191,191,-200.0,200,0,False,False,True
zeros,2,472e51a8c42c5be903ce9f2b615bf7e921b18b891a164114f90e096271912d6c,192,192,-200.0,200,0,False,False,True
zeros,2,472e51a8c42c5be903ce9f2b615bf7e921b18b891a164114f90e096271912d6c,193,93,-200.0,200,0,False,False,True
zeros,2,472e51a8c42c5be903ce9f2b615bf7e921b18b891a164114f90e096271912d6c,194,194,-200.0,200,0,False,False,True
zeros,2,472e51a8c42c5be903ce9f2b615bf7e921b18b891a164114f90e096271912d6c,201,281,-200.0,200,0,False,False,True
zeros,2,472e51a8c42c5be903ce9f2b615bf7e921b18b891a164114f90e096271912d6c,202,282,-200.0,200,0,False,False,True
zeros,2,472e51a8c42c5be903ce9f2b615bf7e921b18b891a164114f90e096271912d6c,203,283,-200.0,200,0,False,False,True
zeros,2,472e51a8c42c5be903ce9f2b615bf7e921b18b891a164114f90e096271912d6c,204,44,-200.0,200,0,False,False,True
zeros,2,472e51a8c42c5be903ce9f2b615bf7e921b18b891a164114f90e096271912d6c,206,286,-200.0,200,0,False,False,True
zeros,2,472e51a8c42c5be903ce9f2b615bf7e921b18b891a164114f90e096271912d6c,207,287,-200.0,200,0,False,False,True
zeros,2,472e51a8c42c5be903ce9f2b615bf7e921b18b891a164114f90e096271912d6c,208,288,-200.0,200,0,False,False,True
zeros,2,472e51a8c42c5be903ce9f2b615bf7e921b18b891a164114f90e096271912d6c,209,289,-200.0,200,0,False,False,True
zeros,2,472e51a8c42c5be903ce9f2b615bf7e921b18b891a164114f90e096271912d6c,211,291,-200.0,200,0,False,False,True
zeros,2,472e51a8c42c5be903ce9f2b615bf7e921b18b891a164114f90e096271912d6c,212,292,-200.0,200,0,False,False,True
zeros,2,472e51a8c42c5be903ce9f2b615bf7e921b18b891a164114f90e096271912d6c,213,293,-200.0,200,0,False,False,True
zeros,2,472e51a8c42c5be903ce9f2b615bf7e921b18b891a164114f90e096271912d6c,214,294,-200.0,200,0,False,False,True
zeros,2,472e51a8c42c5be903ce9f2b615bf7e921b18b891a164114f90e096271912d6c,221,281,-200.0,200,0,False,False,True
zeros,2,472e51a8c42c5be903ce9f2b615bf7e921b18b891a164114f90e096271912d6c,222,282,-200.0,200,0,False,False,True
zeros,2,472e51a8c42c5be903ce9f2b615bf7e921b18b891a164114f90e096271912d6c,223,283,-200.0,200,0,False,False,True
zeros,2,472e51a8c42c5be903ce9f2b615bf7e921b18b891a164114f90e096271912d6c,224,44,-200.0,200,0,False,False,True
zeros,2,472e51a8c42c5be903ce9f2b615bf7e921b18b891a164114f90e096271912d6c,226,286,-200.0,200,0,False,False,True
zeros,2,472e51a8c42c5be903ce9f2b615bf7e921b18b891a164114f90e096271912d6c,227,287,-200.0,200,0,False,False,True
zeros,2,472e51a8c42c5be903ce9f2b615bf7e921b18b891a164114f90e096271912d6c,228,288,-200.0,200,0,False,False,True
zeros,2,472e51a8c42c5be903ce9f2b615bf7e921b18b891a164114f90e096271912d6c,229,289,-200.0,200,0,False,False,True
zeros,2,472e51a8c42c5be903ce9f2b615bf7e921b18b891a164114f90e096271912d6c,231,291,-200.0,200,0,False,False,True
zeros,2,472e51a8c42c5be903ce9f2b615bf7e921b18b891a164114f90e096271912d6c,232,292,-200.0,200,0,False,False,True
zeros,2,472e51a8c42c5be903ce9f2b615bf7e921b18b891a164114f90e096271912d6c,233,293,-200.0,200,0,False,False,True
zeros,2,472e51a8c42c5be903ce9f2b615bf7e921b18b891a164114f90e096271912d6c,234,294,-200.0,200,0,False,False,True
zeros,2,472e51a8c42c5be903ce9f2b615bf7e921b18b891a164114f90e096271912d6c,241,281,-200.0,200,0,False,False,True
zeros,2,472e51a8c42c5be903ce9f2b615bf7e921b18b891a164114f90e096271912d6c,242,282,-200.0,200,0,False,False,True
zeros,2,472e51a8c42c5be903ce9f2b615bf7e921b18b891a164114f90e096271912d6c,243,283,-200.0,200,0,False,False,True
zeros,2,472e51a8c42c5be903ce9f2b615bf7e921b18b891a164114f90e096271912d6c,244,44,-200.0,200,0,False,False,True
zeros,2,472e51a8c42c5be903ce9f2b615bf7e921b18b891a164114f90e096271912d6c,246,286,-200.0,200,0,False,False,True
zeros,2,472e51a8c42c5be903ce9f2b615bf7e921b18b891a164114f90e096271912d6c,247,287,-200.0,200,0,False,False,True
zeros,2,472e51a8c42c5be903ce9f2b615bf7e921b18b891a164114f90e096271912d6c,248,288,-200.0,200,0,False,False,True
zeros,2,472e51a8c42c5be903ce9f2b615bf7e921b18b891a164114f90e096271912d6c,249,289,-200.0,200,0,False,False,True
zeros,2,472e51a8c42c5be903ce9f2b615bf7e921b18b891a164114f90e096271912d6c,251,291,-200.0,200,0,False,False,True
zeros,2,472e51a8c42c5be903ce9f2b615bf7e921b18b891a164114f90e096271912d6c,252,292,-200.0,200,0,False,False,True
zeros,2,472e51a8c42c5be903ce9f2b615bf7e921b18b891a164114f90e096271912d6c,253,293,-200.0,200,0,False,False,True
zeros,2,472e51a8c42c5be903ce9f2b615bf7e921b18b891a164114f90e096271912d6c,254,294,-200.0,200,0,False,False,True
zeros,2,472e51a8c42c5be903ce9f2b615bf7e921b18b891a164114f90e096271912d6c,261,281,-200.0,200,0,False,False,True
zeros,2,472e51a8c42c5be903ce9f2b615bf7e921b18b891a164114f90e096271912d6c,262,282,-200.0,200,0,False,False,True
zeros,2,472e51a8c42c5be903ce9f2b615bf7e921b18b891a164114f90e096271912d6c,263,283,-200.0,200,0,False,False,True
zeros,2,472e51a8c42c5be903ce9f2b615bf7e921b18b891a164114f90e096271912d6c,264,284,-200.0,200,0,False,False,True
zeros,2,472e51a8c42c5be903ce9f2b615bf7e921b18b891a164114f90e096271912d6c,266,286,-200.0,200,0,False,False,True
zeros,2,472e51a8c42c5be903ce9f2b615bf7e921b18b891a164114f90e096271912d6c,267,287,-200.0,200,0,False,False,True
zeros,2,472e51a8c42c5be903ce9f2b615bf7e921b18b891a164114f90e096271912d6c,268,288,-200.0,200,0,False,False,True
zeros,2,472e51a8c42c5be903ce9f2b615bf7e921b18b891a164114f90e096271912d6c,269,289,-200.0,200,0,False,False,True
zeros,2,472e51a8c42c5be903ce9f2b615bf7e921b18b891a164114f90e096271912d6c,271,291,-200.0,200,0,False,False,True
zeros,2,472e51a8c42c5be903ce9f2b615bf7e921b18b891a164114f90e096271912d6c,272,292,-200.0,200,0,False,False,True
zeros,2,472e51a8c42c5be903ce9f2b615bf7e921b18b891a164114f90e096271912d6c,273,293,-200.0,200,0,False,False,True
zeros,2,472e51a8c42c5be903ce9f2b615bf7e921b18b891a164114f90e096271912d6c,274,294,-200.0,200,0,False,False,True
zeros,2,472e51a8c42c5be903ce9f2b615bf7e921b18b891a164114f90e096271912d6c,281,281,-200.0,200,0,False,False,True
zeros,2,472e51a8c42c5be903ce9f2b615bf7e921b18b891a164114f90e096271912d6c,282,282,-200.0,200,0,False,False,True
zeros,2,472e51a8c42c5be903ce9f2b615bf7e921b18b891a164114f90e096271912d6c,283,283,-200.0,200,0,False,False,True
zeros,2,472e51a8c42c5be903ce9f2b615bf7e921b18b891a164114f90e096271912d6c,284,284,-200.0,200,0,False,False,True
zeros,2,472e51a8c42c5be903ce9f2b615bf7e921b18b891a164114f90e096271912d6c,286,286,-200.0,200,0,False,False,True
zeros,2,472e51a8c42c5be903ce9f2b615bf7e921b18b891a164114f90e096271912d6c,287,287,-200.0,200,0,False,False,True
zeros,2,472e51a8c42c5be903ce9f2b615bf7e921b18b891a164114f90e096271912d6c,288,288,-200.0,200,0,False,False,True
zeros,2,472e51a8c42c5be903ce9f2b615bf7e921b18b891a164114f90e096271912d6c,289,289,-200.0,200,0,False,False,True
zeros,2,472e51a8c42c5be903ce9f2b615bf7e921b18b891a164114f90e096271912d6c,291,291,-200.0,200,0,False,False,True
zeros,2,472e51a8c42c5be903ce9f2b615bf7e921b18b891a164114f90e096271912d6c,292,292,-200.0,200,0,False,False,True
zeros,2,472e51a8c42c5be903ce9f2b615bf7e921b18b891a164114f90e096271912d6c,293,293,-200.0,200,0,False,False,True
zeros,2,472e51a8c42c5be903ce9f2b615bf7e921b18b891a164114f90e096271912d6c,294,294,-200.0,200,0,False,False,True
zeros,2,472e51a8c42c5be903ce9f2b615bf7e921b18b891a164114f90e096271912d6c,301,281,-200.0,200,0,False,False,True
zeros,2,472e51a8c42c5be903ce9f2b615bf7e921b18b891a164114f90e096271912d6c,302,302,-200.0,200,0,False,False,True
zeros,2,472e51a8c42c5be903ce9f2b615bf7e921b18b891a164114f90e096271912d6c,303,303,-200.0,200,0,False,False,True
zeros,2,472e51a8c42c5be903ce9f2b615bf7e921b18b891a164114f90e096271912d6c,304,44,-200.0,200,0,False,False,True
zeros,2,472e51a8c42c5be903ce9f2b615bf7e921b18b891a164114f90e096271912d6c,306,286,-200.0,200,0,False,False,True
zeros,2,472e51a8c42c5be903ce9f2b615bf7e921b18b891a164114f90e096271912d6c,307,287,-200.0,200,0,False,False,True
zeros,2,472e51a8c42c5be903ce9f2b615bf7e921b18b891a164114f90e096271912d6c,308,288,-200.0,200,0,False,False,True
zeros,2,472e51a8c42c5be903ce9f2b615bf7e921b18b891a164114f90e096271912d6c,309,289,-200.0,200,0,False,False,True
zeros,2,472e51a8c42c5be903ce9f2b615bf7e921b18b891a164114f90e096271912d6c,311,291,-200.0,200,0,False,False,True
zeros,2,472e51a8c42c5be903ce9f2b615bf7e921b18b891a164114f90e096271912d6c,312,292,-200.0,200,0,False,False,True
zeros,2,472e51a8c42c5be903ce9f2b615bf7e921b18b891a164114f90e096271912d6c,313,293,-200.0,200,0,False,False,True
zeros,2,472e51a8c42c5be903ce9f2b615bf7e921b18b891a164114f90e096271912d6c,314,294,-200.0,200,0,False,False,True
zeros,2,472e51a8c42c5be903ce9f2b615bf7e921b18b891a164114f90e096271912d6c,321,281,-200.0,200,0,False,False,True
zeros,2,472e51a8c42c5be903ce9f2b615bf7e921b18b891a164114f90e096271912d6c,322,342,-200.0,200,0,False,False,True
zeros,2,472e51a8c42c5be903ce9f2b615bf7e921b18b891a164114f90e096271912d6c,323,343,-200.0,200,0,False,False,True
zeros,2,472e51a8c42c5be903ce9f2b615bf7e921b18b891a164114f90e096271912d6c,324,44,-200.0,200,0,False,False,True
zeros,2,472e51a8c42c5be903ce9f2b615bf7e921b18b891a164114f90e096271912d6c,326,286,-200.0,200,0,False,False,True
zeros,2,472e51a8c42c5be903ce9f2b615bf7e921b18b891a164114f90e096271912d6c,327,287,-200.0,200,0,False,False,True
zeros,2,472e51a8c42c5be903ce9f2b615bf7e921b18b891a164114f90e096271912d6c,328,288,-200.0,200,0,False,False,True
zeros,2,472e51a8c42c5be903ce9f2b615bf7e921b18b891a164114f90e096271912d6c,329,289,-200.0,200,0,False,False,True
zeros,2,472e51a8c42c5be903ce9f2b615bf7e921b18b891a164114f90e096271912d6c,331,291,-200.0,200,0,False,False,True
zeros,2,472e51a8c42c5be903ce9f2b615bf7e921b18b891a164114f90e096271912d6c,332,292,-200.0,200,0,False,False,True
zeros,2,472e51a8c42c5be903ce9f2b615bf7e921b18b891a164114f90e096271912d6c,333,293,-200.0,200,0,False,False,True
zeros,2,472e51a8c42c5be903ce9f2b615bf7e921b18b891a164114f90e096271912d6c,334,294,-200.0,200,0,False,False,True
zeros,2,472e51a8c42c5be903ce9f2b615bf7e921b18b891a164114f90e096271912d6c,341,281,-200.0,200,0,False,False,True
zeros,2,472e51a8c42c5be903ce9f2b615bf7e921b18b891a164114f90e096271912d6c,342,342,-200.0,200,0,False,False,True
zeros,2,472e51a8c42c5be903ce9f2b615bf7e921b18b891a164114f90e096271912d6c,343,343,-200.0,200,0,False,False,True
zeros,2,472e51a8c42c5be903ce9f2b615bf7e921b18b891a164114f90e096271912d6c,344,44,-200.0,200,0,False,False,True
zeros,2,472e51a8c42c5be903ce9f2b615bf7e921b18b891a164114f90e096271912d6c,346,286,-200.0,200,0,False,False,True
zeros,2,472e51a8c42c5be903ce9f2b615bf7e921b18b891a164114f90e096271912d6c,347,287,-200.0,200,0,False,False,True
zeros,2,472e51a8c42c5be903ce9f2b615bf7e921b18b891a164114f90e096271912d6c,348,288,-200.0,200,0,False,False,True
zeros,2,472e51a8c42c5be903ce9f2b615bf7e921b18b891a164114f90e096271912d6c,349,289,-200.0,200,0,False,False,True
zeros,2,472e51a8c42c5be903ce9f2b615bf7e921b18b891a164114f90e096271912d6c,351,291,-200.0,200,0,False,False,True
zeros,2,472e51a8c42c5be903ce9f2b615bf7e921b18b891a164114f90e096271912d6c,352,292,-200.0,200,0,False,False,True
zeros,2,472e51a8c42c5be903ce9f2b615bf7e921b18b891a164114f90e096271912d6c,353,293,-200.0,200,0,False,False,True
zeros,2,472e51a8c42c5be903ce9f2b615bf7e921b18b891a164114f90e096271912d6c,354,294,-200.0,200,0,False,False,True
zeros,2,472e51a8c42c5be903ce9f2b615bf7e921b18b891a164114f90e096271912d6c,361,281,-200.0,200,0,False,False,True
zeros,2,472e51a8c42c5be903ce9f2b615bf7e921b18b891a164114f90e096271912d6c,362,382,-200.0,200,0,False,False,True
zeros,2,472e51a8c42c5be903ce9f2b615bf7e921b18b891a164114f90e096271912d6c,363,383,-200.0,200,0,False,False,True
zeros,2,472e51a8c42c5be903ce9f2b615bf7e921b18b891a164114f90e096271912d6c,364,284,-200.0,200,0,False,False,True
zeros,2,472e51a8c42c5be903ce9f2b615bf7e921b18b891a164114f90e096271912d6c,366,286,-200.0,200,0,False,False,True
zeros,2,472e51a8c42c5be903ce9f2b615bf7e921b18b891a164114f90e096271912d6c,367,287,-200.0,200,0,False,False,True
zeros,2,472e51a8c42c5be903ce9f2b615bf7e921b18b891a164114f90e096271912d6c,368,288,-200.0,200,0,False,False,True
zeros,2,472e51a8c42c5be903ce9f2b615bf7e921b18b891a164114f90e096271912d6c,369,289,-200.0,200,0,False,False,True
zeros,2,472e51a8c42c5be903ce9f2b615bf7e921b18b891a164114f90e096271912d6c,371,291,-200.0,200,0,False,False,True
zeros,2,472e51a8c42c5be903ce9f2b615bf7e921b18b891a164114f90e096271912d6c,372,292,-200.0,200,0,False,False,True
zeros,2,472e51a8c42c5be903ce9f2b615bf7e921b18b891a164114f90e096271912d6c,373,293,-200.0,200,0,False,False,True
zeros,2,472e51a8c42c5be903ce9f2b615bf7e921b18b891a164114f90e096271912d6c,374,294,-200.0,200,0,False,False,True
zeros,2,472e51a8c42c5be903ce9f2b615bf7e921b18b891a164114f90e096271912d6c,381,281,-200.0,200,0,False,False,True
zeros,2,472e51a8c42c5be903ce9f2b615bf7e921b18b891a164114f90e096271912d6c,382,382,-200.0,200,0,False,False,True
zeros,2,472e51a8c42c5be903ce9f2b615bf7e921b18b891a164114f90e096271912d6c,383,383,-200.0,200,0,False,False,True
zeros,2,472e51a8c42c5be903ce9f2b615bf7e921b18b891a164114f90e096271912d6c,384,284,-200.0,200,0,False,False,True
zeros,2,472e51a8c42c5be903ce9f2b615bf7e921b18b891a164114f90e096271912d6c,386,286,-200.0,200,0,False,False,True
zeros,2,472e51a8c42c5be903ce9f2b615bf7e921b18b891a164114f90e096271912d6c,387,287,-200.0,200,0,False,False,True
zeros,2,472e51a8c42c5be903ce9f2b615bf7e921b18b891a164114f90e096271912d6c,388,288,-200.0,200,0,False,False,True
zeros,2,472e51a8c42c5be903ce9f2b615bf7e921b18b891a164114f90e096271912d6c,389,289,-200.0,200,0,False,False,True
zeros,2,472e51a8c42c5be903ce9f2b615bf7e921b18b891a164114f90e096271912d6c,391,291,-200.0,200,0,False,False,True
zeros,2,472e51a8c42c5be903ce9f2b615bf7e921b18b891a164114f90e096271912d6c,392,292,-200.0,200,0,False,False,True
zeros,2,472e51a8c42c5be903ce9f2b615bf7e921b18b891a164114f90e096271912d6c,393,293,-200.0,200,0,False,False,True
zeros,2,472e51a8c42c5be903ce9f2b615bf7e921b18b891a164114f90e096271912d6c,394,294,-200.0,200,0,False,False,True
zeros,2,472e51a8c42c5be903ce9f2b615bf7e921b18b891a164114f90e096271912d6c,401,401,-200.0,200,0,False,False,True
zeros,2,472e51a8c42c5be903ce9f2b615bf7e921b18b891a164114f90e096271912d6c,402,402,-200.0,200,0,False,False,True
zeros,2,472e51a8c42c5be903ce9f2b615bf7e921b18b891a164114f90e096271912d6c,403,403,-200.0,200,0,False,False,True
zeros,2,472e51a8c42c5be903ce9f2b615bf7e921b18b891a164114f90e096271912d6c,404,404,-200.0,200,0,False,False,True
zeros,2,472e51a8c42c5be903ce9f2b615bf7e921b18b891a164114f90e096271912d6c,406,406,-200.0,200,0,False,False,True
zeros,2,472e51a8c42c5be903ce9f2b615bf7e921b18b891a164114f90e096271912d6c,407,407,-200.0,200,0,False,False,True
zeros,2,472e51a8c42c5be903ce9f2b615bf7e921b18b891a164114f90e096271912d6c,408,408,-200.0,200,0,False,False,True
zeros,2,472e51a8c42c5be903ce9f2b615bf7e921b18b891a164114f90e096271912d6c,409,409,-200.0,200,0,False,False,True
zeros,2,472e51a8c42c5be903ce9f2b615bf7e921b18b891a164114f90e096271912d6c,411,411,-200.0,200,0,False,False,True
zeros,2,472e51a8c42c5be903ce9f2b615bf7e921b18b891a164114f90e096271912d6c,412,412,-200.0,200,0,False,False,True
zeros,2,472e51a8c42c5be903ce9f2b615bf7e921b18b891a164114f90e096271912d6c,413,413,-200.0,200,0,False,False,True
zeros,2,472e51a8c42c5be903ce9f2b615bf7e921b18b891a164114f90e096271912d6c,414,414,-200.0,200,0,False,False,True
zeros,2,472e51a8c42c5be903ce9f2b615bf7e921b18b891a164114f90e096271912d6c,421,441,-200.0,200,0,False,False,True
zeros,2,472e51a8c42c5be903ce9f2b615bf7e921b18b891a164114f90e096271912d6c,422,442,-200.0,200,0,False,False,True
zeros,2,472e51a8c42c5be903ce9f2b615bf7e921b18b891a164114f90e096271912d6c,423,443,-200.0,200,0,False,False,True
zeros,2,472e51a8c42c5be903ce9f2b615bf7e921b18b891a164114f90e096271912d6c,424,444,-200.0,200,0,False,False,True
zeros,2,472e51a8c42c5be903ce9f2b615bf7e921b18b891a164114f90e096271912d6c,426,446,-200.0,200,0,False,False,True
zeros,2,472e51a8c42c5be903ce9f2b615bf7e921b18b891a164114f90e096271912d6c,427,447,-200.0,200,0,False,False,True
zeros,2,472e51a8c42c5be903ce9f2b615bf7e921b18b891a164114f90e096271912d6c,428,448,-200.0,200,0,False,False,True
zeros,2,472e51a8c42c5be903ce9f2b615bf7e921b18b891a164114f90e096271912d6c,429,449,-200.0,200,0,False,False,True
zeros,2,472e51a8c42c5be903ce9f2b615bf7e921b18b891a164114f90e096271912d6c,431,451,-200.0,200,0,False,False,True
zeros,2,472e51a8c42c5be903ce9f2b615bf7e921b18b891a164114f90e096271912d6c,432,452,-200.0,200,0,False,False,True
zeros,2,472e51a8c42c5be903ce9f2b615bf7e921b18b891a164114f90e096271912d6c,433,453,-200.0,200,0,False,False,True
zeros,2,472e51a8c42c5be903ce9f2b615bf7e921b18b891a164114f90e096271912d6c,434,454,-200.0,200,0,False,False,True
zeros,2,472e51a8c42c5be903ce9f2b615bf7e921b18b891a164114f90e096271912d6c,441,441,-200.0,200,0,False,False,True
zeros,2,472e51a8c42c5be903ce9f2b615bf7e921b18b891a164114f90e096271912d6c,442,442,-200.0,200,0,False,False,True
zeros,2,472e51a8c42c5be903ce9f2b615bf7e921b18b891a164114f90e096271912d6c,443,443,-200.0,200,0,False,False,True
zeros,2,472e51a8c42c5be903ce9f2b615bf7e921b18b891a164114f90e096271912d6c,444,444,-200.0,200,0,False,False,True
zeros,2,472e51a8c42c5be903ce9f2b615bf7e921b18b891a164114f90e096271912d6c,446,446,-200.0,200,0,False,False,True
zeros,2,472e51a8c42c5be903ce9f2b615bf7e921b18b891a164114f90e096271912d6c,447,447,-200.0,200,0,False,False,True
zeros,2,472e51a8c42c5be903ce9f2b615bf7e921b18b891a164114f90e096271912d6c,448,448,-200.0,200,0,False,False,True
zeros,2,472e51a8c42c5be903ce9f2b615bf7e921b18b891a164114f90e096271912d6c,449,449,-200.0,200,0,False,False,True
zeros,2,472e51a8c42c5be903ce9f2b615bf7e921b18b891a164114f90e096271912d6c,451,451,-200.0,200,0,False,False,True
zeros,2,472e51a8c42c5be903ce9f2b615bf7e921b18b891a164114f90e096271912d6c,452,452,-200.0,200,0,False,False,True
zeros,2,472e51a8c42c5be903ce9f2b615bf7e921b18b891a164114f90e096271912d6c,453,453,-200.0,200,0,False,False,True
zeros,2,472e51a8c42c5be903ce9f2b615bf7e921b18b891a164114f90e096271912d6c,454,454,-200.0,200,0,False,False,True
zeros,2,472e51a8c42c5be903ce9f2b615bf7e921b18b891a164114f90e096271912d6c,461,481,-200.0,200,0,False,False,True
zeros,2,472e51a8c42c5be903ce9f2b615bf7e921b18b891a164114f90e096271912d6c,462,482,-200.0,200,0,False,False,True
zeros,2,472e51a8c42c5be903ce9f2b615bf7e921b18b891a164114f90e096271912d6c,463,483,-200.0,200,0,False,False,True
zeros,2,472e51a8c42c5be903ce9f2b615bf7e921b18b891a164114f90e096271912d6c,464,484,-200.0,200,0,False,False,True
zeros,2,472e51a8c42c5be903ce9f2b615bf7e921b18b891a164114f90e096271912d6c,466,486,-200.0,200,0,False,False,True
zeros,2,472e51a8c42c5be903ce9f2b615bf7e921b18b891a164114f90e096271912d6c,467,487,-200.0,200,0,False,False,True
zeros,2,472e51a8c42c5be903ce9f2b615bf7e921b18b891a164114f90e096271912d6c,468,488,-200.0,200,0,False,False,True
zeros,2,472e51a8c42c5be903ce9f2b615bf7e921b18b891a164114f90e096271912d6c,469,489,-200.0,200,0,False,False,True
zeros,2,472e51a8c42c5be903ce9f2b615bf7e921b18b891a164114f90e096271912d6c,471,491,-200.0,200,0,False,False,True
zeros,2,472e51a8c42c5be903ce9f2b615bf7e921b18b891a164114f90e096271912d6c,472,492,-200.0,200,0,False,False,True
zeros,2,472e51a8c42c5be903ce9f2b615bf7e921b18b891a164114f90e096271912d6c,473,493,-200.0,200,0,False,False,True
zeros,2,472e51a8c42c5be903ce9f2b615bf7e921b18b891a164114f90e096271912d6c,474,494,-200.0,200,0,False,False,True
zeros,2,472e51a8c42c5be903ce9f2b615bf7e921b18b891a164114f90e096271912d6c,481,481,-200.0,200,0,False,False,True
zeros,2,472e51a8c42c5be903ce9f2b615bf7e921b18b891a164114f90e096271912d6c,482,482,-200.0,200,0,False,False,True
zeros,2,472e51a8c42c5be903ce9f2b615bf7e921b18b891a164114f90e096271912d6c,483,483,-200.0,200,0,False,False,True
zeros,2,472e51a8c42c5be903ce9f2b615bf7e921b18b891a164114f90e096271912d6c,484,484,-200.0,200,0,False,False,True
zeros,2,472e51a8c42c5be903ce9f2b615bf7e921b18b891a164114f90e096271912d6c,486,486,-200.0,200,0,False,False,True
zeros,2,472e51a8c42c5be903ce9f2b615bf7e921b18b891a164114f90e096271912d6c,487,487,-200.0,200,0,False,False,True
zeros,2,472e51a8c42c5be903ce9f2b615bf7e921b18b891a164114f90e096271912d6c,488,488,-200.0,200,0,False,False,True
zeros,2,472e51a8c42c5be903ce9f2b615bf7e921b18b891a164114f90e096271912d6c,489,489,-200.0,200,0,False,False,True
zeros,2,472e51a8c42c5be903ce9f2b615bf7e921b18b891a164114f90e096271912d6c,491,491,-200.0,200,0,False,False,True
zeros,2,472e51a8c42c5be903ce9f2b615bf7e921b18b891a164114f90e096271912d6c,492,492,-200.0,200,0,False,False,True
zeros,2,472e51a8c42c5be903ce9f2b615bf7e921b18b891a164114f90e096271912d6c,493,493,-200.0,200,0,False,False,True
zeros,2,472e51a8c42c5be903ce9f2b615bf7e921b18b891a164114f90e096271912d6c,494,494,-200.0,200,0,False,False,True
zeros,3,1154b96fc369f40c8a01523744ef4c8fda6ed3bfc5a6b488cc0a3beeba4c656b,1,1,-200.0,200,0,False,False,True
zeros,3,1154b96fc369f40c8a01523744ef4c8fda6ed3bfc5a6b488cc0a3beeba4c656b,2,2,-200.0,200,0,False,False,True
zeros,3,1154b96fc369f40c8a01523744ef4c8fda6ed3bfc5a6b488cc0a3beeba4c656b,3,3,-200.0,200,0,False,False,True
zeros,3,1154b96fc369f40c8a01523744ef4c8fda6ed3bfc5a6b488cc0a3beeba4c656b,4,4,-200.0,200,0,False,False,True
zeros,3,1154b96fc369f40c8a01523744ef4c8fda6ed3bfc5a6b488cc0a3beeba4c656b,6,206,-1982.0,200,198,False,False,True
zeros,3,1154b96fc369f40c8a01523744ef4c8fda6ed3bfc5a6b488cc0a3beeba4c656b,7,7,-200.0,200,0,False,False,True
zeros,3,1154b96fc369f40c8a01523744ef4c8fda6ed3bfc5a6b488cc0a3beeba4c656b,8,108,-1991.0,200,199,False,False,True
zeros,3,1154b96fc369f40c8a01523744ef4c8fda6ed3bfc5a6b488cc0a3beeba4c656b,9,9,-200.0,200,0,False,False,True
zeros,3,1154b96fc369f40c8a01523744ef4c8fda6ed3bfc5a6b488cc0a3beeba4c656b,11,311,-1973.0,200,197,False,False,True
zeros,3,1154b96fc369f40c8a01523744ef4c8fda6ed3bfc5a6b488cc0a3beeba4c656b,12,12,-200.0,200,0,False,False,True
zeros,3,1154b96fc369f40c8a01523744ef4c8fda6ed3bfc5a6b488cc0a3beeba4c656b,13,13,-200.0,200,0,False,False,True
zeros,3,1154b96fc369f40c8a01523744ef4c8fda6ed3bfc5a6b488cc0a3beeba4c656b,14,14,-200.0,200,0,False,False,True
zeros,3,1154b96fc369f40c8a01523744ef4c8fda6ed3bfc5a6b488cc0a3beeba4c656b,21,1,-200.0,200,0,False,False,True
zeros,3,1154b96fc369f40c8a01523744ef4c8fda6ed3bfc5a6b488cc0a3beeba4c656b,22,2,-200.0,200,0,False,False,True
zeros,3,1154b96fc369f40c8a01523744ef4c8fda6ed3bfc5a6b488cc0a3beeba4c656b,23,3,-200.0,200,0,False,False,True
zeros,3,1154b96fc369f40c8a01523744ef4c8fda6ed3bfc5a6b488cc0a3beeba4c656b,24,4,-200.0,200,0,False,False,True
zeros,3,1154b96fc369f40c8a01523744ef4c8fda6ed3bfc5a6b488cc0a3beeba4c656b,26,226,-1982.0,200,198,False,False,True
zeros,3,1154b96fc369f40c8a01523744ef4c8fda6ed3bfc5a6b488cc0a3beeba4c656b,27,27,-200.0,200,0,False,False,True
zeros,3,1154b96fc369f40c8a01523744ef4c8fda6ed3bfc5a6b488cc0a3beeba4c656b,28,228,-1982.0,200,198,False,False,True
zeros,3,1154b96fc369f40c8a01523744ef4c8fda6ed3bfc5a6b488cc0a3beeba4c656b,29,29,-200.0,200,0,False,False,True
zeros,3,1154b96fc369f40c8a01523744ef4c8fda6ed3bfc5a6b488cc0a3beeba4c656b,31,431,-200.0,200,0,False,False,True
zeros,3,1154b96fc369f40c8a01523744ef4c8fda6ed3bfc5a6b488cc0a3beeba4c656b,32,12,-200.0,200,0,False,False,True
zeros,3,1154b96fc369f40c8a01523744ef4c8fda6ed3bfc5a6b488cc0a3beeba4c656b,33,13,-200.0,200,0,False,False,True
zeros,3,1154b96fc369f40c8a01523744ef4c8fda6ed3bfc5a6b488cc0a3beeba4c656b,34,234,-1982.0,200,198,False,False,True
zeros,3,1154b96fc369f40c8a01523744ef4c8fda6ed3bfc5a6b488cc0a3beeba4c656b,41,41,-200.0,200,0,False,False,True
zeros,3,1154b96fc369f40c8a01523744ef4c8fda6ed3bfc5a6b488cc0a3beeba4c656b,42,42,-200.0,200,0,False,False,True
zeros,3,1154b96fc369f40c8a01523744ef4c8fda6ed3bfc5a6b488cc0a3beeba4c656b,43,43,-200.0,200,0,False,False,True
zeros,3,1154b96fc369f40c8a01523744ef4c8fda6ed3bfc5a6b488cc0a3beeba4c656b,44,44,-200.0,200,0,False,False,True
zeros,3,1154b96fc369f40c8a01523744ef4c8fda6ed3bfc5a6b488cc0a3beeba4c656b,46,46,-200.0,200,0,False,False,True
zeros,3,1154b96fc369f40c8a01523744ef4c8fda6ed3bfc5a6b488cc0a3beeba4c656b,47,47,-200.0,200,0,False,False,True
zeros,3,1154b96fc369f40c8a01523744ef4c8fda6ed3bfc5a6b488cc0a3beeba4c656b,48,48,-200.0,200,0,False,False,True
zeros,3,1154b96fc369f40c8a01523744ef4c8fda6ed3bfc5a6b488cc0a3beeba4c656b,49,49,-200.0,200,0,False,False,True
zeros,3,1154b96fc369f40c8a01523744ef4c8fda6ed3bfc5a6b488cc0a3beeba4c656b,51,51,-200.0,200,0,False,False,True
zeros,3,1154b96fc369f40c8a01523744ef4c8fda6ed3bfc5a6b488cc0a3beeba4c656b,52,52,-200.0,200,0,False,False,True
zeros,3,1154b96fc369f40c8a01523744ef4c8fda6ed3bfc5a6b488cc0a3beeba4c656b,53,53,-200.0,200,0,False,False,True
zeros,3,1154b96fc369f40c8a01523744ef4c8fda6ed3bfc5a6b488cc0a3beeba4c656b,54,54,-200.0,200,0,False,False,True
zeros,3,1154b96fc369f40c8a01523744ef4c8fda6ed3bfc5a6b488cc0a3beeba4c656b,61,41,-200.0,200,0,False,False,True
zeros,3,1154b96fc369f40c8a01523744ef4c8fda6ed3bfc5a6b488cc0a3beeba4c656b,62,42,-200.0,200,0,False,False,True
zeros,3,1154b96fc369f40c8a01523744ef4c8fda6ed3bfc5a6b488cc0a3beeba4c656b,63,43,-200.0,200,0,False,False,True
zeros,3,1154b96fc369f40c8a01523744ef4c8fda6ed3bfc5a6b488cc0a3beeba4c656b,64,44,-200.0,200,0,False,False,True
zeros,3,1154b96fc369f40c8a01523744ef4c8fda6ed3bfc5a6b488cc0a3beeba4c656b,66,46,-200.0,200,0,False,False,True
zeros,3,1154b96fc369f40c8a01523744ef4c8fda6ed3bfc5a6b488cc0a3beeba4c656b,67,47,-200.0,200,0,False,False,True
zeros,3,1154b96fc369f40c8a01523744ef4c8fda6ed3bfc5a6b488cc0a3beeba4c656b,68,48,-200.0,200,0,False,False,True
zeros,3,1154b96fc369f40c8a01523744ef4c8fda6ed3bfc5a6b488cc0a3beeba4c656b,69,49,-200.0,200,0,False,False,True
zeros,3,1154b96fc369f40c8a01523744ef4c8fda6ed3bfc5a6b488cc0a3beeba4c656b,71,51,-200.0,200,0,False,False,True
zeros,3,1154b96fc369f40c8a01523744ef4c8fda6ed3bfc5a6b488cc0a3beeba4c656b,72,52,-200.0,200,0,False,False,True
zeros,3,1154b96fc369f40c8a01523744ef4c8fda6ed3bfc5a6b488cc0a3beeba4c656b,73,53,-200.0,200,0,False,False,True
zeros,3,1154b96fc369f40c8a01523744ef4c8fda6ed3bfc5a6b488cc0a3beeba4c656b,74,54,-200.0,200,0,False,False,True
zeros,3,1154b96fc369f40c8a01523744ef4c8fda6ed3bfc5a6b488cc0a3beeba4c656b,81,41,-200.0,200,0,False,False,True
zeros,3,1154b96fc369f40c8a01523744ef4c8fda6ed3bfc5a6b488cc0a3beeba4c656b,82,42,-200.0,200,0,False,False,True
zeros,3,1154b96fc369f40c8a01523744ef4c8fda6ed3bfc5a6b488cc0a3beeba4c656b,83,43,-200.0,200,0,False,False,True
zeros,3,1154b96fc369f40c8a01523744ef4c8fda6ed3bfc5a6b488cc0a3beeba4c656b,84,44,-200.0,200,0,False,False,True
zeros,3,1154b96fc369f40c8a01523744ef4c8fda6ed3bfc5a6b488cc0a3beeba4c656b,86,46,-200.0,200,0,False,False,True
zeros,3,1154b96fc369f40c8a01523744ef4c8fda6ed3bfc5a6b488cc0a3beeba4c656b,87,47,-200.0,200,0,False,False,True
zeros,3,1154b96fc369f40c8a01523744ef4c8fda6ed3bfc5a6b488cc0a3beeba4c656b,88,48,-200.0,200,0,False,False,True
zeros,3,1154b96fc369f40c8a01523744ef4c8fda6ed3bfc5a6b488cc0a3beeba4c656b,89,49,-200.0,200,0,False,False,True
zeros,3,1154b96fc369f40c8a01523744ef4c8fda6ed3bfc5a6b488cc0a3beeba4c656b,91,51,-200.0,200,0,False,False,True
zeros,3,1154b96fc369f40c8a01523744ef4c8fda6ed3bfc5a6b488cc0a3beeba4c656b,92,52,-200.0,200,0,False,False,True
zeros,3,1154b96fc369f40c8a01523744ef4c8fda6ed3bfc5a6b488cc0a3beeba4c656b,93,53,-200.0,200,0,False,False,True
zeros,3,1154b96fc369f40c8a01523744ef4c8fda6ed3bfc5a6b488cc0a3beeba4c656b,94,54,-200.0,200,0,False,False,True
zeros,3,1154b96fc369f40c8a01523744ef4c8fda6ed3bfc5a6b488cc0a3beeba4c656b,101,101,-200.0,200,0,False,False,True
zeros,3,1154b96fc369f40c8a01523744ef4c8fda6ed3bfc5a6b488cc0a3beeba4c656b,102,102,-200.0,200,0,False,False,True
zeros,3,1154b96fc369f40c8a01523744ef4c8fda6ed3bfc5a6b488cc0a3beeba4c656b,103,103,-200.0,200,0,False,False,True
zeros,3,1154b96fc369f40c8a01523744ef4c8fda6ed3bfc5a6b488cc0a3beeba4c656b,104,104,-2000.0,200,200,False,False,True
zeros,3,1154b96fc369f40c8a01523744ef4c8fda6ed3bfc5a6b488cc0a3beeba4c656b,106,206,-1991.0,200,199,False,False,True
zeros,3,1154b96fc369f40c8a01523744ef4c8fda6ed3bfc5a6b488cc0a3beeba4c656b,107,207,-1991.0,200,199,False,False,True
zeros,3,1154b96fc369f40c8a01523744ef4c8fda6ed3bfc5a6b488cc0a3beeba4c656b,108,108,-2000.0,200,200,False,False,True
zeros,3,1154b96fc369f40c8a01523744ef4c8fda6ed3bfc5a6b488cc0a3beeba4c656b,109,109,-2000.0,200,200,False,False,True
zeros,3,1154b96fc369f40c8a01523744ef4c8fda6ed3bfc5a6b488cc0a3beeba4c656b,111,311,-1982.0,200,198,False,False,True
zeros,3,1154b96fc369f40c8a01523744ef4c8fda6ed3bfc5a6b488cc0a3beeba4c656b,112,112,-2000.0,200,200,False,False,True
zeros,3,1154b96fc369f40c8a01523744ef4c8fda6ed3bfc5a6b488cc0a3beeba4c656b,113,113,-200.0,200,0,False,False,True
zeros,3,1154b96fc369f40c8a01523744ef4c8fda6ed3bfc5a6b488cc0a3beeba4c656b,114,114,-200.0,200,0,False,False,True
zeros,3,1154b96fc369f40c8a01523744ef4c8fda6ed3bfc5a6b488cc0a3beeba4c656b,121,101,-200.0,200,0,False,False,True
zeros,3,1154b96fc369f40c8a01523744ef4c8fda6ed3bfc5a6b488cc0a3beeba4c656b,122,222,-1991.0,200,199,False,False,True
zeros,3,1154b96fc369f40c8a01523744ef4c8fda6ed3bfc5a6b488cc0a3beeba4c656b,123,103,-200.0,200,0,False,False,True
zeros,3,1154b96fc369f40c8a01523744ef4c8fda6ed3bfc5a6b488cc0a3beeba4c656b,124,124,-2000.0,200,200,False,False,True
zeros,3,1154b96fc369f40c8a01523744ef4c8fda6ed3bfc5a6b488cc0a3beeba4c656b,126,226,-1991.0,200,199,False,False,True
zeros,3,1154b96fc369f40c8a01523744ef4c8fda6ed3bfc5a6b488cc0a3beeba4c656b,127,427,-200.0,200,0,False,False,True
zeros,3,1154b96fc369f40c8a01523744ef4c8fda6ed3bfc5a6b488cc0a3beeba4c656b,128,228,-1991.0,200,199,False,False,True
zeros,3,1154b96fc369f40c8a01523744ef4c8fda6ed3bfc5a6b488cc0a3beeba4c656b,129,29,-200.0,200,0,False,False,True
zeros,3,1154b96fc369f40c8a01523744ef4c8fda6ed3bfc5a6b488cc0a3beeba4c656b,131,431,-200.0,200,0,False,False,True
zeros,3,1154b96fc369f40c8a01523744ef4c8fda6ed3bfc5a6b488cc0a3beeba4c656b,132,232,-1991.0,200,199,False,False,True
zeros,3,1154b96fc369f40c8a01523744ef4c8fda6ed3bfc5a6b488cc0a3beeba4c656b,133,13,-200.0,200,0,False,False,True
zeros,3,1154b96fc369f40c8a01523744ef4c8fda6ed3bfc5a6b488cc0a3beeba4c656b,134,234,-1991.0,200,199,False,False,True
zeros,3,1154b96fc369f40c8a01523744ef4c8fda6ed3bfc5a6b488cc0a3beeba4c656b,141,141,-200.0,200,0,False,False,True
zeros,3,1154b96fc369f40c8a01523744ef4c8fda6ed3bfc5a6b488cc0a3beeba4c656b,142,142,-200.0,200,0,False,False,True
zeros,3,1154b96fc369f40c8a01523744ef4c8fda6ed3bfc5a6b488cc0a3beeba4c656b,143,143,-200.0,200,0,False,False,True
zeros,3,1154b96fc369f40c8a01523744ef4c8fda6ed3bfc5a6b488cc0a3beeba4c656b,144,144,-200.0,200,0,False,False,True
zeros,3,1154b96fc369f40c8a01523744ef4c8fda6ed3bfc5a6b488cc0a3beeba4c656b,146,146,-200.0,200,0,False,False,True
zeros,3,1154b96fc369f40c8a01523744ef4c8fda6ed3bfc5a6b488cc0a3beeba4c656b,147,147,-200.0,200,0,False,False,True
zeros,3,1154b96fc369f40c8a01523744ef4c8fda6ed3bfc5a6b488cc0a3beeba4c656b,148,148,-200.0,200,0,False,False,True
zeros,3,1154b96fc369f40c8a01523744ef4c8fda6ed3bfc5a6b488cc0a3beeba4c656b,149,149,-200.0,200,0,False,False,True
zeros,3,1154b96fc369f40c8a01523744ef4c8fda6ed3bfc5a6b488cc0a3beeba4c656b,151,151,-200.0,200,0,False,False,True
zeros,3,1154b96fc369f40c8a01523744ef4c8fda6ed3bfc5a6b488cc0a3beeba4c656b,152,152,-200.0,200,0,False,False,True
zeros,3,1154b96fc369f40c8a01523744ef4c8fda6ed3bfc5a6b488cc0a3beeba4c656b,153,153,-200.0,200,0,False,False,True
zeros,3,1154b96fc369f40c8a01523744ef4c8fda6ed3bfc5a6b488cc0a3beeba4c656b,154,154,-200.0,200,0,False,False,True
zeros,3,1154b96fc369f40c8a01523744ef4c8fda6ed3bfc5a6b488cc0a3beeba4c656b,161,141,-200.0,200,0,False,False,True
zeros,3,1154b96fc369f40c8a01523744ef4c8fda6ed3bfc5a6b488cc0a3beeba4c656b,162,142,-200.0,200,0,False,False,True
zeros,3,1154b96fc369f40c8a01523744ef4c8fda6ed3bfc5a6b488cc0a3beeba4c656b,163,143,-200.0,200,0,False,False,True
zeros,3,1154b96fc369f40c8a01523744ef4c8fda6ed3bfc5a6b488cc0a3beeba4c656b,164,144,-200.0,200,0,False,False,True
zeros,3,1154b96fc369f40c8a01523744ef4c8fda6ed3bfc5a6b488cc0a3beeba4c656b,166,146,-200.0,200,0,False,False,True
zeros,3,1154b96fc369f40c8a01523744ef4c8fda6ed3bfc5a6b488cc0a3beeba4c656b,167,147,-200.0,200,0,False,False,True
zeros,3,1154b96fc369f40c8a01523744ef4c8fda6ed3bfc5a6b488cc0a3beeba4c656b,168,148,-200.0,200,0,False,False,True
zeros,3,1154b96fc369f40c8a01523744ef4c8fda6ed3bfc5a6b488cc0a3beeba4c656b,169,149,-200.0,200,0,False,False,True
zeros,3,1154b96fc369f40c8a01523744ef4c8fda6ed3bfc5a6b488cc0a3beeba4c656b,171,151,-200.0,200,0,False,False,True
zeros,3,1154b96fc369f40c8a01523744ef4c8fda6ed3bfc5a6b488cc0a3beeba4c656b,172,152,-200.0,200,0,False,False,True
zeros,3,1154b96fc369f40c8a01523744ef4c8fda6ed3bfc5a6b488cc0a3beeba4c656b,173,153,-200.0,200,0,False,False,True
zeros,3,1154b96fc369f40c8a01523744ef4c8fda6ed3bfc5a6b488cc0a3beeba4c656b,174,154,-200.0,200,0,False,False,True
zeros,3,1154b96fc369f40c8a01523744ef4c8fda6ed3bfc5a6b488cc0a3beeba4c656b,181,141,-200.0,200,0,False,False,True
zeros,3,1154b96fc369f40c8a01523744ef4c8fda6ed3bfc5a6b488cc0a3beeba4c656b,182,142,-200.0,200,0,False,False,True
zeros,3,1154b96fc369f40c8a01523744ef4c8fda6ed3bfc5a6b488cc0a3beeba4c656b,183,143,-200.0,200,0,False,False,True
zeros,3,1154b96fc369f40c8a01523744ef4c8fda6ed3bfc5a6b488cc0a3beeba4c656b,184,144,-200.0,200,0,False,False,True
zeros,3,1154b96fc369f40c8a01523744ef4c8fda6ed3bfc5a6b488cc0a3beeba4c656b,186,286,-1991.0,200,199,False,False,True
zeros,3,1154b96fc369f40c8a01523744ef4c8fda6ed3bfc5a6b488cc0a3beeba4c656b,187,147,-200.0,200,0,False,False,True
zeros,3,1154b96fc369f40c8a01523744ef4c8fda6ed3bfc5a6b488cc0a3beeba4c656b,188,288,-1991.0,200,199,False,False,True
zeros,3,1154b96fc369f40c8a01523744ef4c8fda6ed3bfc5a6b488cc0a3beeba4c656b,189,149,-200.0,200,0,False,False,True
zeros,3,1154b96fc369f40c8a01523744ef4c8fda6ed3bfc5a6b488cc0a3beeba4c656b,191,391,-1982.0,200,198,False,False,True
zeros,3,1154b96fc369f40c8a01523744ef4c8fda6ed3bfc5a6b488cc0a3beeba4c656b,192,152,-200.0,200,0,False,False,True
zeros,3,1154b96fc369f40c8a01523744ef4c8fda6ed3bfc5a6b488cc0a3beeba4c656b,193,153,-200.0,200,0,False,False,True
zeros,3,1154b96fc369f40c8a01523744ef4c8fda6ed3bfc5a6b488cc0a3beeba4c656b,194,154,-200.0,200,0,False,False,True
zeros,3,1154b96fc369f40c8a01523744ef4c8fda6ed3bfc5a6b488cc0a3beeba4c656b,201,201,-2000.0,200,200,False,False,True
zeros,3,1154b96fc369f40c8a01523744ef4c8fda6ed3bfc5a6b488cc0a3beeba4c656b,202,202,-2000.0,200,200,False,False,True
zeros,3,1154b96fc369f40c8a01523744ef4c8fda6ed3bfc5a6b488cc0a3beeba4c656b,203,203,-200.0,200,0,False,False,True
zeros,3,1154b96fc369f40c8a01523744ef4c8fda6ed3bfc5a6b488cc0a3beeba4c656b,204,204,-2000.0,200,200,False,False,True
zeros,3,1154b96fc369f40c8a01523744ef4c8fda6ed3bfc5a6b488cc0a3beeba4c656b,206,206,-2000.0,200,200,False,False,True
zeros,3,1154b96fc369f40c8a01523744ef4c8fda6ed3bfc5a6b488cc0a3beeba4c656b,207,207,-2000.0,200,200,False,False,True
zeros,3,1154b96fc369f40c8a01523744ef4c8fda6ed3bfc5a6b488cc0a3beeba4c656b,208,208,-2000.0,200,200,False,False,True
zeros,3,1154b96fc369f40c8a01523744ef4c8fda6ed3bfc5a6b488cc0a3beeba4c656b,209,209,-2000.0,200,200,False,False,True
zeros,3,1154b96fc369f40c8a01523744ef4c8fda6ed3bfc5a6b488cc0a3beeba4c656b,211,311,-1991.0,200,199,False,False,True
zeros,3,1154b96fc369f40c8a01523744ef4c8fda6ed3bfc5a6b488cc0a3beeba4c656b,212,212,-2000.0,200,200,False,False,True
zeros,3,1154b96fc369f40c8a01523744ef4c8fda6ed3bfc5a6b488cc0a3beeba4c656b,213,213,-2000.0,200,200,False,False,True
zeros,3,1154b96fc369f40c8a01523744ef4c8fda6ed3bfc5a6b488cc0a3beeba4c656b,214,214,-2000.0,200,200,False,False,True
zeros,3,1154b96fc369f40c8a01523744ef4c8fda6ed3bfc5a6b488cc0a3beeba4c656b,221,201,-1991.0,200,199,False,False,True
zeros,3,1154b96fc369f40c8a01523744ef4c8fda6ed3bfc5a6b488cc0a3beeba4c656b,222,222,-2000.0,200,200,False,False,True
zeros,3,1154b96fc369f40c8a01523744ef4c8fda6ed3bfc5a6b488cc0a3beeba4c656b,223,423,-200.0,200,0,False,False,True
zeros,3,1154b96fc369f40c8a01523744ef4c8fda6ed3bfc5a6b488cc0a3beeba4c656b,224,224,-2000.0,200,200,False,False,True
zeros,3,1154b96fc369f40c8a01523744ef4c8fda6ed3bfc5a6b488cc0a3beeba4c656b,226,226,-2000.0,200,200,False,False,True
zeros,3,1154b96fc369f40c8a01523744ef4c8fda6ed3bfc5a6b488cc0a3beeba4c656b,227,427,-200.0,200,0,False,False,True
zeros,3,1154b96fc369f40c8a01523744ef4c8fda6ed3bfc5a6b488cc0a3beeba4c656b,228,228,-2000.0,200,200,False,False,True
zeros,3,1154b96fc369f40c8a01523744ef4c8fda6ed3bfc5a6b488cc0a3beeba4c656b,229,229,-2000.0,200,200,False,False,True
zeros,3,1154b96fc369f40c8a01523744ef4c8fda6ed3bfc5a6b488cc0a3beeba4c656b,231,431,-200.0,200,0,False,False,True
zeros,3,1154b96fc369f40c8a01523744ef4c8fda6ed3bfc5a6b488cc0a3beeba4c656b,232,232,-2000.0,200,200,False,False,True
zeros,3,1154b96fc369f40c8a01523744ef4c8fda6ed3bfc5a6b488cc0a3beeba4c656b,233,233,-2000.0,200,200,False,False,True
zeros,3,1154b96fc369f40c8a01523744ef4c8fda6ed3bfc5a6b488cc0a3beeba4c656b,234,234,-2000.0,200,200,False,False,True
zeros,3,1154b96fc369f40c8a01523744ef4c8fda6ed3bfc5a6b488cc0a3beeba4c656b,241,201,-1982.0,200,198,False,False,True
zeros,3,1154b96fc369f40c8a01523744ef4c8fda6ed3bfc5a6b488cc0a3beeba4c656b,242,222,-1991.0,200,199,False,False,True
zeros,3,1154b96fc369f40c8a01523744ef4c8fda6ed3bfc5a6b488cc0a3beeba4c656b,243,423,-200.0,200,0,False,False,True
zeros,3,1154b96fc369f40c8a01523744ef4c8fda6ed3bfc5a6b488cc0a3beeba4c656b,244,224,-1991.0,200,199,False,False,True
zeros,3,1154b96fc369f40c8a01523744ef4c8fda6ed3bfc5a6b488cc0a3beeba4c656b,246,226,-1991.0,200,199,False,False,True
zeros,3,1154b96fc369f40c8a01523744ef4c8fda6ed3bfc5a6b488cc0a3beeba4c656b,247,427,-200.0,200,0,False,False,True
zeros,3,1154b96fc369f40c8a01523744ef4c8fda6ed3bfc5a6b488cc0a3beeba4c656b,248,228,-1991.0,200,199,False,False,True
zeros,3,1154b96fc369f40c8a01523744ef4c8fda6ed3bfc5a6b488cc0a3beeba4c656b,249,229,-1991.0,200,199,False,False,True
zeros,3,1154b96fc369f40c8a01523744ef4c8fda6ed3bfc5a6b488cc0a3beeba4c656b,251,431,-200.0,200,0,False,False,True
zeros,3,1154b96fc369f40c8a01523744ef4c8fda6ed3bfc5a6b488cc0a3beeba4c656b,252,232,-1991.0,200,199,False,False,True
zeros,3,1154b96fc369f40c8a01523744ef4c8fda6ed3bfc5a6b488cc0a3beeba4c656b,253,233,-1991.0,200,199,False,False,True
zeros,3,1154b96fc369f40c8a01523744ef4c8fda6ed3bfc5a6b488cc0a3beeba4c656b,254,234,-1991.0,200,199,False,False,True
zeros,3,1154b96fc369f40c8a01523744ef4c8fda6ed3bfc5a6b488cc0a3beeba4c656b,261,201,-1973.0,200,197,False,False,True
zeros,3,1154b96fc369f40c8a01523744ef4c8fda6ed3bfc5a6b488cc0a3beeba4c656b,262,222,-1982.0,200,198,False,False,True
zeros,3,1154b96fc369f40c8a01523744ef4c8fda6ed3bfc5a6b488cc0a3beeba4c656b,263,423,-200.0,200,0,False,False,True
zeros,3,1154b96fc369f40c8a01523744ef4c8fda6ed3bfc5a6b488cc0a3beeba4c656b,264,264,-2000.0,200,200,False,False,True
zeros,3,1154b96fc369f40c8a01523744ef4c8fda6ed3bfc5a6b488cc0a3beeba4c656b,266,226,-1982.0,200,198,False,False,True
zeros,3,1154b96fc369f40c8a01523744ef4c8fda6ed3bfc5a6b488cc0a3beeba4c656b,267,267,-2000.0,200,200,False,False,True
zeros,3,1154b96fc369f40c8a01523744ef4c8fda6ed3bfc5a6b488cc0a3beeba4c656b,268,228,-1982.0,200,198,False,False,True
zeros,3,1154b96fc369f40c8a01523744ef4c8fda6ed3bfc5a6b488cc0a3beeba4c656b,269,229,-1982.0,200,198,False,False,True
zeros,3,1154b96fc369f40c8a01523744ef4c8fda6ed3bfc5a6b488cc0a3beeba4c656b,271,271,-2000.0,200,200,False,False,True
zeros,3,1154b96fc369f40c8a01523744ef4c8fda6ed3bfc5a6b488cc0a3beeba4c656b,272,232,-1982.0,200,198,False,False,True
zeros,3,1154b96fc369f40c8a01523744ef4c8fda6ed3bfc5a6b488cc0a3beeba4c656b,273,233,-1982.0,200,198,False,False,True
zeros,3,1154b96fc369f40c8a01523744ef4c8fda6ed3bfc5a6b488cc0a3beeba4c656b,274,234,-1982.0,200,198,False,False,True
zeros,3,1154b96fc369f40c8a01523744ef4c8fda6ed3bfc5a6b488cc0a3beeba4c656b,281,201,-1964.0,200,196,False,False,True
zeros,3,1154b96fc369f40c8a01523744ef4c8fda6ed3bfc5a6b488cc0a3beeba4c656b,282,222,-1973.0,200,197,False,False,True
zeros,3,1154b96fc369f40c8a01523744ef4c8fda6ed3bfc5a6b488cc0a3beeba4c656b,283,423,-200.0,200,0,False,False,True
zeros,3,1154b96fc369f40c8a01523744ef4c8fda6ed3bfc5a6b488cc0a3beeba4c656b,284,284,-2000.0,200,200,False,False,True
zeros,3,1154b96fc369f40c8a01523744ef4c8fda6ed3bfc5a6b488cc0a3beeba4c656b,286,286,-2000.0,200,200,False,False,True
zeros,3,1154b96fc369f40c8a01523744ef4c8fda6ed3bfc5a6b488cc0a3beeba4c656b,287,287,-2000.0,200,200,False,False,True
zeros,3,1154b96fc369f40c8a01523744ef4c8fda6ed3bfc5a6b488cc0a3beeba4c656b,288,288,-2000.0,200,200,False,False,True
zeros,3,1154b96fc369f40c8a01523744ef4c8fda6ed3bfc5a6b488cc0a3beeba4c656b,289,289,-2000.0,200,200,False,False,True
zeros,3,1154b96fc369f40c8a01523744ef4c8fda6ed3bfc5a6b488cc0a3beeba4c656b,291,391,-1991.0,200,199,False,False,True
zeros,3,1154b96fc369f40c8a01523744ef4c8fda6ed3bfc5a6b488cc0a3beeba4c656b,292,292,-2000.0,200,200,False,False,True
zeros,3,1154b96fc369f40c8a01523744ef4c8fda6ed3bfc5a6b488cc0a3beeba4c656b,293,293,-2000.0,200,200,False,False,True
zeros,3,1154b96fc369f40c8a01523744ef4c8fda6ed3bfc5a6b488cc0a3beeba4c656b,294,294,-2000.0,200,200,False,False,True
zeros,3,1154b96fc369f40c8a01523744ef4c8fda6ed3bfc5a6b488cc0a3beeba4c656b,301,301,-2000.0,200,200,False,False,True
zeros,3,1154b96fc369f40c8a01523744ef4c8fda6ed3bfc5a6b488cc0a3beeba4c656b,302,302,-2000.0,200,200,False,False,True
zeros,3,1154b96fc369f40c8a01523744ef4c8fda6ed3bfc5a6b488cc0a3beeba4c656b,303,403,-200.0,200,0,False,False,True
zeros,3,1154b96fc369f40c8a01523744ef4c8fda6ed3bfc5a6b488cc0a3beeba4c656b,304,304,-2000.0,200,200,False,False,True
zeros,3,1154b96fc369f40c8a01523744ef4c8fda6ed3bfc5a6b488cc0a3beeba4c656b,306,306,-2000.0,200,200,False,False,True
zeros,3,1154b96fc369f40c8a01523744ef4c8fda6ed3bfc5a6b488cc0a3beeba4c656b,307,307,-2000.0,200,200,False,False,True
zeros,3,1154b96fc369f40c8a01523744ef4c8fda6ed3bfc5a6b488cc0a3beeba4c656b,308,308,-2000.0,200,200,False,False,True
zeros,3,1154b96fc369f40c8a01523744ef4c8fda6ed3bfc5a6b488cc0a3beeba4c656b,309,309,-2000.0,200,200,False,False,True
zeros,3,1154b96fc369f40c8a01523744ef4c8fda6ed3bfc5a6b488cc0a3beeba4c656b,311,311,-2000.0,200,200,False,False,True
zeros,3,1154b96fc369f40c8a01523744ef4c8fda6ed3bfc5a6b488cc0a3beeba4c656b,312,312,-2000.0,200,200,False,False,True
zeros,3,1154b96fc369f40c8a01523744ef4c8fda6ed3bfc5a6b488cc0a3beeba4c656b,313,313,-2000.0,200,200,False,False,True
zeros,3,1154b96fc369f40c8a01523744ef4c8fda6ed3bfc5a6b488cc0a3beeba4c656b,314,314,-2000.0,200,200,False,False,True
zeros,3,1154b96fc369f40c8a01523744ef4c8fda6ed3bfc5a6b488cc0a3beeba4c656b,321,321,-2000.0,200,200,False,False,True
zeros,3,1154b96fc369f40c8a01523744ef4c8fda6ed3bfc5a6b488cc0a3beeba4c656b,322,422,-200.0,200,0,False,False,True
zeros,3,1154b96fc369f40c8a01523744ef4c8fda6ed3bfc5a6b488cc0a3beeba4c656b,323,423,-200.0,200,0,False,False,True
zeros,3,1154b96fc369f40c8a01523744ef4c8fda6ed3bfc5a6b488cc0a3beeba4c656b,324,324,-2000.0,200,200,False,False,True
zeros,3,1154b96fc369f40c8a01523744ef4c8fda6ed3bfc5a6b488cc0a3beeba4c656b,326,426,-200.0,200,0,False,False,True
zeros,3,1154b96fc369f40c8a01523744ef4c8fda6ed3bfc5a6b488cc0a3beeba4c656b,327,427,-200.0,200,0,False,False,True
zeros,3,1154b96fc369f40c8a01523744ef4c8fda6ed3bfc5a6b488cc0a3beeba4c656b,328,328,-2000.0,200,200,False,False,True
zeros,3,1154b96fc369f40c8a01523744ef4c8fda6ed3bfc5a6b488cc0a3beeba4c656b,329,329,-2000.0,200,200,False,False,True
zeros,3,1154b96fc369f40c8a01523744ef4c8fda6ed3bfc5a6b488cc0a3beeba4c656b,331,431,-200.0,200,0,False,False,True
zeros,3,1154b96fc369f40c8a01523744ef4c8fda6ed3bfc5a6b488cc0a3beeba4c656b,332,332,-2000.0,200,200,False,False,True
zeros,3,1154b96fc369f40c8a01523744ef4c8fda6ed3bfc5a6b488cc0a3beeba4c656b,333,333,-2000.0,200,200,False,False,True
zeros,3,1154b96fc369f40c8a01523744ef4c8fda6ed3bfc5a6b488cc0a3beeba4c656b,334,434,-200.0,200,0,False,False,True
zeros,3,1154b96fc369f40c8a01523744ef4c8fda6ed3bfc5a6b488cc0a3beeba4c656b,341,321,-1991.0,200,199,False,False,True
zeros,3,1154b96fc369f40c8a01523744ef4c8fda6ed3bfc5a6b488cc0a3beeba4c656b,342,422,-200.0,200,0,False,False,True
zeros,3,1154b96fc369f40c8a01523744ef4c8fda6ed3bfc5a6b488cc0a3beeba4c656b,343,423,-200.0,200,0,False,False,True
zeros,3,1154b96fc369f40c8a01523744ef4c8fda6ed3bfc5a6b488cc0a3beeba4c656b,344,344,-2000.0,200,200,False,False,True
zeros,3,1154b96fc369f40c8a01523744ef4c8fda6ed3bfc5a6b488cc0a3beeba4c656b,346,346,-2000.0,200,200,False,False,True
zeros,3,1154b96fc369f40c8a01523744ef4c8fda6ed3bfc5a6b488cc0a3beeba4c656b,347,427,-200.0,200,0,False,False,True
zeros,3,1154b96fc369f40c8a01523744ef4c8fda6ed3bfc5a6b488cc0a3beeba4c656b,348,348,-2000.0,200,200,False,False,True
zeros,3,1154b96fc369f40c8a01523744ef4c8fda6ed3bfc5a6b488cc0a3beeba4c656b,349,349,-2000.0,200,200,False,False,True
zeros,3,1154b96fc369f40c8a01523744ef4c8fda6ed3bfc5a6b488cc0a3beeba4c656b,351,451,-200.0,200,0,False,False,True
zeros,3,1154b96fc369f40c8a01523744ef4c8fda6ed3bfc5a6b488cc0a3beeba4c656b,352,332,-1991.0,200,199,False,False,True
zeros,3,1154b96fc369f40c8a01523744ef4c8fda6ed3bfc5a6b488cc0a3beeba4c656b,353,333,-1991.0,200,199,False,False,True
zeros,3,1154b96fc369f40c8a01523744ef4c8fda6ed3bfc5a6b488cc0a3beeba4c656b,354,354,-2000.0,200,200,False,False,True
zeros,3,1154b96fc369f40c8a01523744ef4c8fda6ed3bfc5a6b488cc0a3beeba4c656b,361,361,-200.0,200,0,False,False,True
zeros,3,1154b96fc369f40c8a01523744ef4c8fda6ed3bfc5a6b488cc0a3beeba4c656b,362,362,-200.0,200,0,False,False,True
zeros,3,1154b96fc369f40c8a01523744ef4c8fda6ed3bfc5a6b488cc0a3beeba4c656b,363,363,-200.0,200,0,False,False,True
zeros,3,1154b96fc369f40c8a01523744ef4c8fda6ed3bfc5a6b488cc0a3beeba4c656b,364,364,-2000.0,200,200,False,False,True
zeros,3,1154b96fc369f40c8a01523744ef4c8fda6ed3bfc5a6b488cc0a3beeba4c656b,366,466,-200.0,200,0,False,False,True
zeros,3,1154b96fc369f40c8a01523744ef4c8fda6ed3bfc5a6b488cc0a3beeba4c656b,367,367,-2000.0,200,200,False,False,True
zeros,3,1154b96fc369f40c8a01523744ef4c8fda6ed3bfc5a6b488cc0a3beeba4c656b,368,368,-2000.0,200,200,False,False,True
zeros,3,1154b96fc369f40c8a01523744ef4c8fda6ed3bfc5a6b488cc0a3beeba4c656b,369,369,-2000.0,200,200,False,False,True
zeros,3,1154b96fc369f40c8a01523744ef4c8fda6ed3bfc5a6b488cc0a3beeba4c656b,371,371,-2000.0,200,200,False,False,True
zeros,3,1154b96fc369f40c8a01523744ef4c8fda6ed3bfc5a6b488cc0a3beeba4c656b,372,372,-2000.0,200,200,False,False,True
zeros,3,1154b96fc369f40c8a01523744ef4c8fda6ed3bfc5a6b488cc0a3beeba4c656b,373,373,-2000.0,200,200,False,False,True
zeros,3,1154b96fc369f40c8a01523744ef4c8fda6ed3bfc5a6b488cc0a3beeba4c656b,374,374,-2000.0,200,200,False,False,True
zeros,3,1154b96fc369f40c8a01523744ef4c8fda6ed3bfc5a6b488cc0a3beeba4c656b,381,381,-2000.0,200,200,False,False,True
zeros,3,1154b96fc369f40c8a01523744ef4c8fda6ed3bfc5a6b488cc0a3beeba4c656b,382,382,-2000.0,200,200,False,False,True
zeros,3,1154b96fc369f40c8a01523744ef4c8fda6ed3bfc5a6b488cc0a3beeba4c656b,383,383,-2000.0,200,200,False,False,True
zeros,3,1154b96fc369f40c8a01523744ef4c8fda6ed3bfc5a6b488cc0a3beeba4c656b,384,384,-2000.0,200,200,False,False,True
zeros,3,1154b96fc369f40c8a01523744ef4c8fda6ed3bfc5a6b488cc0a3beeba4c656b,386,386,-2000.0,200,200,False,False,True
zeros,3,1154b96fc369f40c8a01523744ef4c8fda6ed3bfc5a6b488cc0a3beeba4c656b,387,387,-2000.0,200,200,False,False,True
zeros,3,1154b96fc369f40c8a01523744ef4c8fda6ed3bfc5a6b488cc0a3beeba4c656b,388,388,-2000.0,200,200,False,False,True
zeros,3,1154b96fc369f40c8a01523744ef4c8fda6ed3bfc5a6b488cc0a3beeba4c656b,389,389,-2000.0,200,200,False,False,True
zeros,3,1154b96fc369f40c8a01523744ef4c8fda6ed3bfc5a6b488cc0a3beeba4c656b,391,391,-2000.0,200,200,False,False,True
zeros,3,1154b96fc369f40c8a01523744ef4c8fda6ed3bfc5a6b488cc0a3beeba4c656b,392,392,-2000.0,200,200,False,False,True
zeros,3,1154b96fc369f40c8a01523744ef4c8fda6ed3bfc5a6b488cc0a3beeba4c656b,393,393,-2000.0,200,200,False,False,True
zeros,3,1154b96fc369f40c8a01523744ef4c8fda6ed3bfc5a6b488cc0a3beeba4c656b,394,394,-2000.0,200,200,False,False,True
zeros,3,1154b96fc369f40c8a01523744ef4c8fda6ed3bfc5a6b488cc0a3beeba4c656b,401,401,-200.0,200,0,False,False,True
zeros,3,1154b96fc369f40c8a01523744ef4c8fda6ed3bfc5a6b488cc0a3beeba4c656b,402,402,-200.0,200,0,False,False,True
zeros,3,1154b96fc369f40c8a01523744ef4c8fda6ed3bfc5a6b488cc0a3beeba4c656b,403,403,-200.0,200,0,False,False,True
zeros,3,1154b96fc369f40c8a01523744ef4c8fda6ed3bfc5a6b488cc0a3beeba4c656b,404,404,-200.0,200,0,False,False,True
zeros,3,1154b96fc369f40c8a01523744ef4c8fda6ed3bfc5a6b488cc0a3beeba4c656b,406,406,-200.0,200,0,False,False,True
zeros,3,1154b96fc369f40c8a01523744ef4c8fda6ed3bfc5a6b488cc0a3beeba4c656b,407,407,-200.0,200,0,False,False,True
zeros,3,1154b96fc369f40c8a01523744ef4c8fda6ed3bfc5a6b488cc0a3beeba4c656b,408,408,-200.0,200,0,False,False,True
zeros,3,1154b96fc369f40c8a01523744ef4c8fda6ed3bfc5a6b488cc0a3beeba4c656b,409,409,-200.0,200,0,False,False,True
zeros,3,1154b96fc369f40c8a01523744ef4c8fda6ed3bfc5a6b488cc0a3beeba4c656b,411,411,-200.0,200,0,False,False,True
zeros,3,1154b96fc369f40c8a01523744ef4c8fda6ed3bfc5a6b488cc0a3beeba4c656b,412,412,-200.0,200,0,False,False,True
zeros,3,1154b96fc369f40c8a01523744ef4c8fda6ed3bfc5a6b488cc0a3beeba4c656b,413,413,-200.0,200,0,False,False,True
zeros,3,1154b96fc369f40c8a01523744ef4c8fda6ed3bfc5a6b488cc0a3beeba4c656b,414,414,-200.0,200,0,False,False,True
zeros,3,1154b96fc369f40c8a01523744ef4c8fda6ed3bfc5a6b488cc0a3beeba4c656b,421,421,-200.0,200,0,False,False,True
zeros,3,1154b96fc369f40c8a01523744ef4c8fda6ed3bfc5a6b488cc0a3beeba4c656b,422,422,-200.0,200,0,False,False,True
zeros,3,1154b96fc369f40c8a01523744ef4c8fda6ed3bfc5a6b488cc0a3beeba4c656b,423,423,-200.0,200,0,False,False,True
zeros,3,1154b96fc369f40c8a01523744ef4c8fda6ed3bfc5a6b488cc0a3beeba4c656b,424,424,-200.0,200,0,False,False,True
zeros,3,1154b96fc369f40c8a01523744ef4c8fda6ed3bfc5a6b488cc0a3beeba4c656b,426,426,-200.0,200,0,False,False,True
zeros,3,1154b96fc369f40c8a01523744ef4c8fda6ed3bfc5a6b488cc0a3beeba4c656b,427,427,-200.0,200,0,False,False,True
zeros,3,1154b96fc369f40c8a01523744ef4c8fda6ed3bfc5a6b488cc0a3beeba4c656b,428,428,-200.0,200,0,False,False,True
zeros,3,1154b96fc369f40c8a01523744ef4c8fda6ed3bfc5a6b488cc0a3beeba4c656b,429,429,-200.0,200,0,False,False,True
zeros,3,1154b96fc369f40c8a01523744ef4c8fda6ed3bfc5a6b488cc0a3beeba4c656b,431,431,-200.0,200,0,False,False,True
zeros,3,1154b96fc369f40c8a01523744ef4c8fda6ed3bfc5a6b488cc0a3beeba4c656b,432,432,-200.0,200,0,False,False,True
zeros,3,1154b96fc369f40c8a01523744ef4c8fda6ed3bfc5a6b488cc0a3beeba4c656b,433,433,-200.0,200,0,False,False,True
zeros,3,1154b96fc369f40c8a01523744ef4c8fda6ed3bfc5a6b488cc0a3beeba4c656b,434,434,-200.0,200,0,False,False,True
zeros,3,1154b96fc369f40c8a01523744ef4c8fda6ed3bfc5a6b488cc0a3beeba4c656b,441,421,-200.0,200,0,False,False,True
zeros,3,1154b96fc369f40c8a01523744ef4c8fda6ed3bfc5a6b488cc0a3beeba4c656b,442,422,-200.0,200,0,False,False,True
zeros,3,1154b96fc369f40c8a01523744ef4c8fda6ed3bfc5a6b488cc0a3beeba4c656b,443,423,-200.0,200,0,False,False,True
zeros,3,1154b96fc369f40c8a01523744ef4c8fda6ed3bfc5a6b488cc0a3beeba4c656b,444,424,-200.0,200,0,False,False,True
zeros,3,1154b96fc369f40c8a01523744ef4c8fda6ed3bfc5a6b488cc0a3beeba4c656b,446,446,-200.0,200,0,False,False,True
zeros,3,1154b96fc369f40c8a01523744ef4c8fda6ed3bfc5a6b488cc0a3beeba4c656b,447,427,-200.0,200,0,False,False,True
zeros,3,1154b96fc369f40c8a01523744ef4c8fda6ed3bfc5a6b488cc0a3beeba4c656b,448,448,-200.0,200,0,False,False,True
zeros,3,1154b96fc369f40c8a01523744ef4c8fda6ed3bfc5a6b488cc0a3beeba4c656b,449,429,-200.0,200,0,False,False,True
zeros,3,1154b96fc369f40c8a01523744ef4c8fda6ed3bfc5a6b488cc0a3beeba4c656b,451,451,-200.0,200,0,False,False,True
zeros,3,1154b96fc369f40c8a01523744ef4c8fda6ed3bfc5a6b488cc0a3beeba4c656b,452,432,-200.0,200,0,False,False,True
zeros,3,1154b96fc369f40c8a01523744ef4c8fda6ed3bfc5a6b488cc0a3beeba4c656b,453,433,-200.0,200,0,False,False,True
zeros,3,1154b96fc369f40c8a01523744ef4c8fda6ed3bfc5a6b488cc0a3beeba4c656b,454,454,-200.0,200,0,False,False,True
zeros,3,1154b96fc369f40c8a01523744ef4c8fda6ed3bfc5a6b488cc0a3beeba4c656b,461,461,-200.0,200,0,False,False,True
zeros,3,1154b96fc369f40c8a01523744ef4c8fda6ed3bfc5a6b488cc0a3beeba4c656b,462,462,-200.0,200,0,False,False,True
zeros,3,1154b96fc369f40c8a01523744ef4c8fda6ed3bfc5a6b488cc0a3beeba4c656b,463,463,-200.0,200,0,False,False,True
zeros,3,1154b96fc369f40c8a01523744ef4c8fda6ed3bfc5a6b488cc0a3beeba4c656b,464,464,-200.0,200,0,False,False,True
zeros,3,1154b96fc369f40c8a01523744ef4c8fda6ed3bfc5a6b488cc0a3beeba4c656b,466,466,-200.0,200,0,False,False,True
zeros,3,1154b96fc369f40c8a01523744ef4c8fda6ed3bfc5a6b488cc0a3beeba4c656b,467,467,-200.0,200,0,False,False,True
zeros,3,1154b96fc369f40c8a01523744ef4c8fda6ed3bfc5a6b488cc0a3beeba4c656b,468,468,-200.0,200,0,False,False,True
zeros,3,1154b96fc369f40c8a01523744ef4c8fda6ed3bfc5a6b488cc0a3beeba4c656b,469,469,-200.0,200,0,False,False,True
zeros,3,1154b96fc369f40c8a01523744ef4c8fda6ed3bfc5a6b488cc0a3beeba4c656b,471,471,-200.0,200,0,False,False,True
zeros,3,1154b96fc369f40c8a01523744ef4c8fda6ed3bfc5a6b488cc0a3beeba4c656b,472,472,-200.0,200,0,False,False,True
zeros,3,1154b96fc369f40c8a01523744ef4c8fda6ed3bfc5a6b488cc0a3beeba4c656b,473,473,-200.0,200,0,False,False,True
zeros,3,1154b96fc369f40c8a01523744ef4c8fda6ed3bfc5a6b488cc0a3beeba4c656b,474,474,-200.0,200,0,False,False,True
zeros,3,1154b96fc369f40c8a01523744ef4c8fda6ed3bfc5a6b488cc0a3beeba4c656b,481,481,-200.0,200,0,False,False,True
zeros,3,1154b96fc369f40c8a01523744ef4c8fda6ed3bfc5a6b488cc0a3beeba4c656b,482,482,-200.0,200,0,False,False,True
zeros,3,1154b96fc369f40c8a01523744ef4c8fda6ed3bfc5a6b488cc0a3beeba4c656b,483,483,-200.0,200,0,False,False,True
zeros,3,1154b96fc369f40c8a01523744ef4c8fda6ed3bfc5a6b488cc0a3beeba4c656b,484,484,-200.0,200,0,False,False,True
zeros,3,1154b96fc369f40c8a01523744ef4c8fda6ed3bfc5a6b488cc0a3beeba4c656b,486,486,-200.0,200,0,False,False,True
zeros,3,1154b96fc369f40c8a01523744ef4c8fda6ed3bfc5a6b488cc0a3beeba4c656b,487,487,-200.0,200,0,False,False,True
zeros,3,1154b96fc369f40c8a01523744ef4c8fda6ed3bfc5a6b488cc0a3beeba4c656b,488,488,-200.0,200,0,False,False,True
zeros,3,1154b96fc369f40c8a01523744ef4c8fda6ed3bfc5a6b488cc0a3beeba4c656b,489,489,-200.0,200,0,False,False,True
zeros,3,1154b96fc369f40c8a01523744ef4c8fda6ed3bfc5a6b488cc0a3beeba4c656b,491,491,-200.0,200,0,False,False,True
zeros,3,1154b96fc369f40c8a01523744ef4c8fda6ed3bfc5a6b488cc0a3beeba4c656b,492,492,-200.0,200,0,False,False,True
zeros,3,1154b96fc369f40c8a01523744ef4c8fda6ed3bfc5a6b488cc0a3beeba4c656b,493,493,-200.0,200,0,False,False,True
zeros,3,1154b96fc369f40c8a01523744ef4c8fda6ed3bfc5a6b488cc0a3beeba4c656b,494,494,-200.0,200,0,False,False,True
zeros,4,1e79bd137f636a69e500b26762cb78d7383f665917d26a23b301791ca932ff48,1,1,-200.0,200,0,False,False,True
zeros,4,1e79bd137f636a69e500b26762cb78d7383f665917d26a23b301791ca932ff48,2,2,-200.0,200,0,False,False,True
zeros,4,1e79bd137f636a69e500b26762cb78d7383f665917d26a23b301791ca932ff48,3,3,-200.0,200,0,False,False,True
zeros,4,1e79bd137f636a69e500b26762cb78d7383f665917d26a23b301791ca932ff48,4,4,-200.0,200,0,False,False,True
zeros,4,1e79bd137f636a69e500b26762cb78d7383f665917d26a23b301791ca932ff48,6,6,-200.0,200,0,False,False,True
zeros,4,1e79bd137f636a69e500b26762cb78d7383f665917d26a23b301791ca932ff48,7,7,-200.0,200,0,False,False,True
zeros,4,1e79bd137f636a69e500b26762cb78d7383f665917d26a23b301791ca932ff48,8,8,-2000.0,200,200,False,False,True
zeros,4,1e79bd137f636a69e500b26762cb78d7383f665917d26a23b301791ca932ff48,9,9,-200.0,200,0,False,False,True
zeros,4,1e79bd137f636a69e500b26762cb78d7383f665917d26a23b301791ca932ff48,11,11,-200.0,200,0,False,False,True
zeros,4,1e79bd137f636a69e500b26762cb78d7383f665917d26a23b301791ca932ff48,12,12,-2000.0,200,200,False,False,True
zeros,4,1e79bd137f636a69e500b26762cb78d7383f665917d26a23b301791ca932ff48,13,13,-200.0,200,0,False,False,True
zeros,4,1e79bd137f636a69e500b26762cb78d7383f665917d26a23b301791ca932ff48,14,14,-200.0,200,0,False,False,True
zeros,4,1e79bd137f636a69e500b26762cb78d7383f665917d26a23b301791ca932ff48,21,21,-200.0,200,0,False,False,True
zeros,4,1e79bd137f636a69e500b26762cb78d7383f665917d26a23b301791ca932ff48,22,22,-200.0,200,0,False,False,True
zeros,4,1e79bd137f636a69e500b26762cb78d7383f665917d26a23b301791ca932ff48,23,23,-200.0,200,0,False,False,True
zeros,4,1e79bd137f636a69e500b26762cb78d7383f665917d26a23b301791ca932ff48,24,24,-200.0,200,0,False,False,True
zeros,4,1e79bd137f636a69e500b26762cb78d7383f665917d26a23b301791ca932ff48,26,26,-200.0,200,0,False,False,True
zeros,4,1e79bd137f636a69e500b26762cb78d7383f665917d26a23b301791ca932ff48,27,27,-200.0,200,0,False,False,True
zeros,4,1e79bd137f636a69e500b26762cb78d7383f665917d26a23b301791ca932ff48,28,28,-2000.0,200,200,False,False,True
zeros,4,1e79bd137f636a69e500b26762cb78d7383f665917d26a23b301791ca932ff48,29,29,-200.0,200,0,False,False,True
zeros,4,1e79bd137f636a69e500b26762cb78d7383f665917d26a23b301791ca932ff48,31,31,-200.0,200,0,False,False,True
zeros,4,1e79bd137f636a69e500b26762cb78d7383f665917d26a23b301791ca932ff48,32,32,-200.0,200,0,False,False,True
zeros,4,1e79bd137f636a69e500b26762cb78d7383f665917d26a23b301791ca932ff48,33,33,-200.0,200,0,False,False,True
zeros,4,1e79bd137f636a69e500b26762cb78d7383f665917d26a23b301791ca932ff48,34,34,-200.0,200,0,False,False,True
zeros,4,1e79bd137f636a69e500b26762cb78d7383f665917d26a23b301791ca932ff48,41,41,-200.0,200,0,False,False,True
zeros,4,1e79bd137f636a69e500b26762cb78d7383f665917d26a23b301791ca932ff48,42,42,-200.0,200,0,False,False,True
zeros,4,1e79bd137f636a69e500b26762cb78d7383f665917d26a23b301791ca932ff48,43,43,-200.0,200,0,False,False,True
zeros,4,1e79bd137f636a69e500b26762cb78d7383f665917d26a23b301791ca932ff48,44,44,-200.0,200,0,False,False,True
zeros,4,1e79bd137f636a69e500b26762cb78d7383f665917d26a23b301791ca932ff48,46,46,-200.0,200,0,False,False,True
zeros,4,1e79bd137f636a69e500b26762cb78d7383f665917d26a23b301791ca932ff48,47,47,-200.0,200,0,False,False,True
zeros,4,1e79bd137f636a69e500b26762cb78d7383f665917d26a23b301791ca932ff48,48,48,-2000.0,200,200,False,False,True
zeros,4,1e79bd137f636a69e500b26762cb78d7383f665917d26a23b301791ca932ff48,49,49,-200.0,200,0,False,False,True
zeros,4,1e79bd137f636a69e500b26762cb78d7383f665917d26a23b301791ca932ff48,51,51,-200.0,200,0,False,False,True
zeros,4,1e79bd137f636a69e500b26762cb78d7383f665917d26a23b301791ca932ff48,52,52,-200.0,200,0,False,False,True
zeros,4,1e79bd137f636a69e500b26762cb78d7383f665917d26a23b301791ca932ff48,53,53,-200.0,200,0,False,False,True
zeros,4,1e79bd137f636a69e500b26762cb78d7383f665917d26a23b301791ca932ff48,54,54,-200.0,200,0,False,False,True
zeros,4,1e79bd137f636a69e500b26762cb78d7383f665917d26a23b301791ca932ff48,61,61,-200.0,200,0,False,False,True
zeros,4,1e79bd137f636a69e500b26762cb78d7383f665917d26a23b301791ca932ff48,62,62,-200.0,200,0,False,False,True
zeros,4,1e79bd137f636a69e500b26762cb78d7383f665917d26a23b301791ca932ff48,63,63,-200.0,200,0,False,False,True
zeros,4,1e79bd137f636a69e500b26762cb78d7383f665917d26a23b301791ca932ff48,64,84,-200.0,200,0,False,False,True
zeros,4,1e79bd137f636a69e500b26762cb78d7383f665917d26a23b301791ca932ff48,66,46,-200.0,200,0,False,False,True
zeros,4,1e79bd137f636a69e500b26762cb78d7383f665917d26a23b301791ca932ff48,67,67,-200.0,200,0,False,False,True
zeros,4,1e79bd137f636a69e500b26762cb78d7383f665917d26a23b301791ca932ff48,68,68,-2000.0,200,200,False,False,True
zeros,4,1e79bd137f636a69e500b26762cb78d7383f665917d26a23b301791ca932ff48,69,49,-200.0,200,0,False,False,True
zeros,4,1e79bd137f636a69e500b26762cb78d7383f665917d26a23b301791ca932ff48,71,71,-200.0,200,0,False,False,True
zeros,4,1e79bd137f636a69e500b26762cb78d7383f665917d26a23b301791ca932ff48,72,72,-2000.0,200,200,False,False,True
zeros,4,1e79bd137f636a69e500b26762cb78d7383f665917d26a23b301791ca932ff48,73,73,-200.0,200,0,False,False,True
zeros,4,1e79bd137f636a69e500b26762cb78d7383f665917d26a23b301791ca932ff48,74,54,-200.0,200,0,False,False,True
zeros,4,1e79bd137f636a69e500b26762cb78d7383f665917d26a23b301791ca932ff48,81,81,-200.0,200,0,False,False,True
zeros,4,1e79bd137f636a69e500b26762cb78d7383f665917d26a23b301791ca932ff48,82,82,-200.0,200,0,False,False,True
zeros,4,1e79bd137f636a69e500b26762cb78d7383f665917d26a23b301791ca932ff48,83,83,-200.0,200,0,False,False,True
zeros,4,1e79bd137f636a69e500b26762cb78d7383f665917d26a23b301791ca932ff48,84,84,-200.0,200,0,False,False,True
zeros,4,1e79bd137f636a69e500b26762cb78d7383f665917d26a23b301791ca932ff48,86,86,-200.0,200,0,False,False,True
zeros,4,1e79bd137f636a69e500b26762cb78d7383f665917d26a23b301791ca932ff48,87,87,-200.0,200,0,False,False,True
zeros,4,1e79bd137f636a69e500b26762cb78d7383f665917d26a23b301791ca932ff48,88,88,-2000.0,200,200,False,False,True
zeros,4,1e79bd137f636a69e500b26762cb78d7383f665917d26a23b301791ca932ff48,89,89,-200.0,200,0,False,False,True
zeros,4,1e79bd137f636a69e500b26762cb78d7383f665917d26a23b301791ca932ff48,91,91,-200.0,200,0,False,False,True
zeros,4,1e79bd137f636a69e500b26762cb78d7383f665917d26a23b301791ca932ff48,92,92,-200.0,200,0,False,False,True
zeros,4,1e79bd137f636a69e500b26762cb78d7383f665917d26a23b301791ca932ff48,93,93,-200.0,200,0,False,False,True
zeros,4,1e79bd137f636a69e500b26762cb78d7383f665917d26a23b301791ca932ff48,94,94,-200.0,200,0,False,False,True
zeros,4,1e79bd137f636a69e500b26762cb78d7383f665917d26a23b301791ca932ff48,101,1,-200.0,200,0,False,False,True
zeros,4,1e79bd137f636a69e500b26762cb78d7383f665917d26a23b301791ca932ff48,102,2,-200.0,200,0,False,False,True
zeros,4,1e79bd137f636a69e500b26762cb78d7383f665917d26a23b301791ca932ff48,103,3,-200.0,200,0,False,False,True
zeros,4,1e79bd137f636a69e500b26762cb78d7383f665917d26a23b301791ca932ff48,104,4,-200.0,200,0,False,False,True
zeros,4,1e79bd137f636a69e500b26762cb78d7383f665917d26a23b301791ca932ff48,106,6,-200.0,200,0,False,False,True
zeros,4,1e79bd137f636a69e500b26762cb78d7383f665917d26a23b301791ca932ff48,107,7,-200.0,200,0,False,False,True
zeros,4,1e79bd137f636a69e500b26762cb78d7383f665917d26a23b301791ca932ff48,108,108,-2000.0,200,200,False,False,True
zeros,4,1e79bd137f636a69e500b26762cb78d7383f665917d26a23b301791ca932ff48,109,9,-200.0,200,0,False,False,True
zeros,4,1e79bd137f636a69e500b26762cb78d7383f665917d26a23b301791ca932ff48,111,11,-200.0,200,0,False,False,True
zeros,4,1e79bd137f636a69e500b26762cb78d7383f665917d26a23b301791ca932ff48,112,112,-2000.0,200,200,False,False,True
zeros,4,1e79bd137f636a69e500b26762cb78d7383f665917d26a23b301791ca932ff48,113,13,-200.0,200,0,False,False,True
zeros,4,1e79bd137f636a69e500b26762cb78d7383f665917d26a23b301791ca932ff48,114,14,-200.0,200,0,False,False,True
zeros,4,1e79bd137f636a69e500b26762cb78d7383f665917d26a23b301791ca932ff48,121,21,-200.0,200,0,False,False,True
zeros,4,1e79bd137f636a69e500b26762cb78d7383f665917d26a23b301791ca932ff48,122,22,-200.0,200,0,False,False,True
zeros,4,1e79bd137f636a69e500b26762cb78d7383f665917d26a23b301791ca932ff48,123,23,-200.0,200,0,False,False,True
zeros,4,1e79bd137f636a69e500b26762cb78d7383f665917d26a23b301791ca932ff48,124,24,-200.0,200,0,False,False,True
zeros,4,1e79bd137f636a69e500b26762cb78d7383f665917d26a23b301791ca932ff48,126,26,-200.0,200,0,False,False,True
zeros,4,1e79bd137f636a69e500b26762cb78d7383f665917d26a23b301791ca932ff48,127,27,-200.0,200,0,False,False,True
zeros,4,1e79bd137f636a69e500b26762cb78d7383f665917d26a23b301791ca932ff48,128,128,-2000.0,200,200,False,False,True
zeros,4,1e79bd137f636a69e500b26762cb78d7383f665917d26a23b301791ca932ff48,129,29,-200.0,200,0,False,False,True
zeros,4,1e79bd137f636a69e500b26762cb78d7383f665917d26a23b301791ca932ff48,131,31,-200.0,200,0,False,False,True
zeros,4,1e79bd137f636a69e500b26762cb78d7383f665917d26a23b301791ca932ff48,132,132,-2000.0,200,200,False,False,True
zeros,4,1e79bd137f636a69e500b26762cb78d7383f665917d26a23b301791ca932ff48,133,33,-200.0,200,0,False,False,True
zeros,4,1e79bd137f636a69e500b26762cb78d7383f665917d26a23b301791ca932ff48,134,34,-200.0,200,0,False,False,True
zeros,4,1e79bd137f636a69e500b26762cb78d7383f665917d26a23b301791ca932ff48,141,41,-200.0,200,0,False,False,True
zeros,4,1e79bd137f636a69e500b26762cb78d7383f665917d26a23b301791ca932ff48,142,42,-200.0,200,0,False,False,True
zeros,4,1e79bd137f636a69e500b26762cb78d7383f665917d26a23b301791ca932ff48,143,43,-200.0,200,0,False,False,True
zeros,4,1e79bd137f636a69e500b26762cb78d7383f665917d26a23b301791ca932ff48,144,44,-200.0,200,0,False,False,True
zeros,4,1e79bd137f636a69e500b26762cb78d7383f665917d26a23b301791ca932ff48,146,46,-200.0,200,0,False,False,True
zeros,4,1e79bd137f636a69e500b26762cb78d7383f665917d26a23b301791ca932ff48,147,47,-200.0,200,0,False,False,True
zeros,4,1e79bd137f636a69e500b26762cb78d7383f665917d26a23b301791ca932ff48,148,148,-2000.0,200,200,False,False,True
zeros,4,1e79bd137f636a69e500b26762cb78d7383f665917d26a23b301791ca932ff48,149,49,-200.0,200,0,False,False,True
zeros,4,1e79bd137f636a69e500b26762cb78d7383f665917d26a23b301791ca932ff48,151,51,-200.0,200,0,False,False,True
zeros,4,1e79bd137f636a69e500b26762cb78d7383f665917d26a23b301791ca932ff48,152,52,-200.0,200,0,False,False,True
zeros,4,1e79bd137f636a69e500b26762cb78d7383f665917d26a23b301791ca932ff48,153,53,-200.0,200,0,False,False,True
zeros,4,1e79bd137f636a69e500b26762cb78d7383f665917d26a23b301791ca932ff48,154,54,-200.0,200,0,False,False,True
zeros,4,1e79bd137f636a69e500b26762cb78d7383f665917d26a23b301791ca932ff48,161,61,-200.0,200,0,False,False,True
zeros,4,1e79bd137f636a69e500b26762cb78d7383f665917d26a23b301791ca932ff48,162,62,-200.0,200,0,False,False,True
zeros,4,1e79bd137f636a69e500b26762cb78d7383f665917d26a23b301791ca932ff48,163,63,-200.0,200,0,False,False,True
zeros,4,1e79bd137f636a69e500b26762cb78d7383f665917d26a23b301791ca932ff48,164,84,-200.0,200,0,False,False,True
zeros,4,1e79bd137f636a69e500b26762cb78d7383f665917d26a23b301791ca932ff48,166,46,-200.0,200,0,False,False,True
zeros,4,1e79bd137f636a69e500b26762cb78d7383f665917d26a23b301791ca932ff48,167,67,-200.0,200,0,False,False,True
zeros,4,1e79bd137f636a69e500b26762cb78d7383f665917d26a23b301791ca932ff48,168,168,-2000.0,200,200,False,False,True
zeros,4,1e79bd137f636a69e500b26762cb78d7383f665917d26a23b301791ca932ff48,169,49,-200.0,200,0,False,False,True
zeros,4,1e79bd137f636a69e500b26762cb78d7383f665917d26a23b301791ca932ff48,171,71,-200.0,200,0,False,False,True
zeros,4,1e79bd137f636a69e500b26762cb78d7383f665917d26a23b301791ca932ff48,172,172,-2000.0,200,200,False,False,True
zeros,4,1e79bd137f636a69e500b26762cb78d7383f665917d26a23b301791ca932ff48,173,73,-200.0,200,0,False,False,True
zeros,4,1e79bd137f636a69e500b26762cb78d7383f665917d26a23b301791ca932ff48,174,174,-2000.0,200,200,False,False,True
zeros,4,1e79bd137f636a69e500b26762cb78d7383f665917d26a23b301791ca932ff48,181,81,-200.0,200,0,False,False,True
zeros,4,1e79bd137f636a69e500b26762cb78d7383f665917d26a23b301791ca932ff48,182,82,-200.0,200,0,False,False,True
zeros,4,1e79bd137f636a69e500b26762cb78d7383f665917d26a23b301791ca932ff48,183,83,-200.0,200,0,False,False,True
zeros,4,1e79bd137f636a69e500b26762cb78d7383f665917d26a23b301791ca932ff48,184,84,-200.0,200,0,False,False,True
zeros,4,1e79bd137f636a69e500b26762cb78d7383f665917d26a23b301791ca932ff48,186,86,-200.0,200,0,False,False,True
zeros,4,1e79bd137f636a69e500b26762cb78d7383f665917d26a23b301791ca932ff48,187,87,-200.0,200,0,False,False,True
zeros,4,1e79bd137f636a69e500b26762cb78d7383f665917d26a23b301791ca932ff48,188,188,-2000.0,200,200,False,False,True
zeros,4,1e79bd137f636a69e500b26762cb78d7383f665917d26a23b301791ca932ff48,189,89,-200.0,200,0,False,False,True
zeros,4,1e79bd137f636a69e500b26762cb78d7383f665917d26a23b301791ca932ff48,191,91,-200.0,200,0,False,False,True
zeros,4,1e79bd137f636a69e500b26762cb78d7383f665917d26a23b301791ca932ff48,192,92,-200.0,200,0,False,False,True
zeros,4,1e79bd137f636a69e500b26762cb78d7383f665917d26a23b301791ca932ff48,193,93,-200.0,200,0,False,False,True
zeros,4,1e79bd137f636a69e500b26762cb78d7383f665917d26a23b301791ca932ff48,194,94,-200.0,200,0,False,False,True
zeros,4,1e79bd137f636a69e500b26762cb78d7383f665917d26a23b301791ca932ff48,201,1,-200.0,200,0,False,False,True
zeros,4,1e79bd137f636a69e500b26762cb78d7383f665917d26a23b301791ca932ff48,202,2,-200.0,200,0,False,False,True
zeros,4,1e79bd137f636a69e500b26762cb78d7383f665917d26a23b301791ca932ff48,203,3,-200.0,200,0,False,False,True
zeros,4,1e79bd137f636a69e500b26762cb78d7383f665917d26a23b301791ca932ff48,204,204,-200.0,200,0,False,False,True
zeros,4,1e79bd137f636a69e500b26762cb78d7383f665917d26a23b301791ca932ff48,206,6,-200.0,200,0,False,False,True
zeros,4,1e79bd137f636a69e500b26762cb78d7383f665917d26a23b301791ca932ff48,207,7,-200.0,200,0,False,False,True
zeros,4,1e79bd137f636a69e500b26762cb78d7383f665917d26a23b301791ca932ff48,208,208,-2000.0,200,200,False,False,True
zeros,4,1e79bd137f636a69e500b26762cb78d7383f665917d26a23b301791ca932ff48,209,9,-200.0,200,0,False,False,True
zeros,4,1e79bd137f636a69e500b26762cb78d7383f665917d26a23b301791ca932ff48,211,11,-200.0,200,0,False,False,True
zeros,4,1e79bd137f636a69e500b26762cb78d7383f665917d26a23b301791ca932ff48,212,212,-2000.0,200,200,False,False,True
zeros,4,1e79bd137f636a69e500b26762cb78d7383f665917d26a23b301791ca932ff48,213,13,-200.0,200,0,False,False,True
zeros,4,1e79bd137f636a69e500b26762cb78d7383f665917d26a23b301791ca932ff48,214,14,-200.0,200,0,False,False,True
zeros,4,1e79bd137f636a69e500b26762cb78d7383f665917d26a23b301791ca932ff48,221,21,-200.0,200,0,False,False,True
zeros,4,1e79bd137f636a69e500b26762cb78d7383f665917d26a23b301791ca932ff48,222,22,-200.0,200,0,False,False,True
zeros,4,1e79bd137f636a69e500b26762cb78d7383f665917d26a23b301791ca932ff48,223,23,-200.0,200,0,False,False,True
zeros,4,1e79bd137f636a69e500b26762cb78d7383f665917d26a23b301791ca932ff48,224,224,-2000.0,200,200,False,False,True
zeros,4,1e79bd137f636a69e500b26762cb78d7383f665917d26a23b301791ca932ff48,226,26,-200.0,200,0,False,False,True
zeros,4,1e79bd137f636a69e500b26762cb78d7383f665917d26a23b301791ca932ff48,227,27,-200.0,200,0,False,False,True
zeros,4,1e79bd137f636a69e500b26762cb78d7383f665917d26a23b301791ca932ff48,228,228,-2000.0,200,200,False,False,True
zeros,4,1e79bd137f636a69e500b26762cb78d7383f665917d26a23b301791ca932ff48,229,29,-200.0,200,0,False,False,True
zeros,4,1e79bd137f636a69e500b26762cb78d7383f665917d26a23b301791ca932ff48,231,31,-200.0,200,0,False,False,True
zeros,4,1e79bd137f636a69e500b26762cb78d7383f665917d26a23b301791ca932ff48,232,232,-2000.0,200,200,False,False,True
zeros,4,1e79bd137f636a69e500b26762cb78d7383f665917d26a23b301791ca932ff48,233,33,-200.0,200,0,False,False,True
zeros,4,1e79bd137f636a69e500b26762cb78d7383f665917d26a23b301791ca932ff48,234,34,-200.0,200,0,False,False,True
zeros,4,1e79bd137f636a69e500b26762cb78d7383f665917d26a23b301791ca932ff48,241,41,-200.0,200,0,False,False,True
zeros,4,1e79bd137f636a69e500b26762cb78d7383f665917d26a23b301791ca932ff48,242,42,-200.0,200,0,False,False,True
zeros,4,1e79bd137f636a69e500b26762cb78d7383f665917d26a23b301791ca932ff48,243,43,-200.0,200,0,False,False,True
zeros,4,1e79bd137f636a69e500b26762cb78d7383f665917d26a23b301791ca932ff48,244,244,-200.0,200,0,False,False,True
zeros,4,1e79bd137f636a69e500b26762cb78d7383f665917d26a23b301791ca932ff48,246,46,-200.0,200,0,False,False,True
zeros,4,1e79bd137f636a69e500b26762cb78d7383f665917d26a23b301791ca932ff48,247,47,-200.0,200,0,False,False,True
zeros,4,1e79bd137f636a69e500b26762cb78d7383f665917d26a23b301791ca932ff48,248,248,-2000.0,200,200,False,False,True
zeros,4,1e79bd137f636a69e500b26762cb78d7383f665917d26a23b301791ca932ff48,249,249,-200.0,200,0,False,False,True
zeros,4,1e79bd137f636a69e500b26762cb78d7383f665917d26a23b301791ca932ff48,251,51,-200.0,200,0,False,False,True
zeros,4,1e79bd137f636a69e500b26762cb78d7383f665917d26a23b301791ca932ff48,252,252,-200.0,200,0,False,False,True
zeros,4,1e79bd137f636a69e500b26762cb78d7383f665917d26a23b301791ca932ff48,253,53,-200.0,200,0,False,False,True
zeros,4,1e79bd137f636a69e500b26762cb78d7383f665917d26a23b301791ca932ff48,254,54,-200.0,200,0,False,False,True
zeros,4,1e79bd137f636a69e500b26762cb78d7383f665917d26a23b301791ca932ff48,261,61,-200.0,200,0,False,False,True
zeros,4,1e79bd137f636a69e500b26762cb78d7383f665917d26a23b301791ca932ff48,262,42,-200.0,200,0,False,False,True
zeros,4,1e79bd137f636a69e500b26762cb78d7383f665917d26a23b301791ca932ff48,263,63,-200.0,200,0,False,False,True
zeros,4,1e79bd137f636a69e500b26762cb78d7383f665917d26a23b301791ca932ff48,264,344,-200.0,200,0,False,False,True
zeros,4,1e79bd137f636a69e500b26762cb78d7383f665917d26a23b301791ca932ff48,266,46,-200.0,200,0,False,False,True
zeros,4,1e79bd137f636a69e500b26762cb78d7383f665917d26a23b301791ca932ff48,267,67,-200.0,200,0,False,False,True
zeros,4,1e79bd137f636a69e500b26762cb78d7383f665917d26a23b301791ca932ff48,268,268,-2000.0,200,200,False,False,True
zeros,4,1e79bd137f636a69e500b26762cb78d7383f665917d26a23b301791ca932ff48,269,349,-200.0,200,0,False,False,True
zeros,4,1e79bd137f636a69e500b26762cb78d7383f665917d26a23b301791ca932ff48,271,71,-200.0,200,0,False,False,True
zeros,4,1e79bd137f636a69e500b26762cb78d7383f665917d26a23b301791ca932ff48,272,352,-200.0,200,0,False,False,True
zeros,4,1e79bd137f636a69e500b26762cb78d7383f665917d26a23b301791ca932ff48,273,273,-200.0,200,0,False,False,True
zeros,4,1e79bd137f636a69e500b26762cb78d7383f665917d26a23b301791ca932ff48,274,54,-200.0,200,0,False,False,True
zeros,4,1e79bd137f636a69e500b26762cb78d7383f665917d26a23b301791ca932ff48,281,81,-200.0,200,0,False,False,True
zeros,4,1e79bd137f636a69e500b26762cb78d7383f665917d26a23b301791ca932ff48,282,82,-200.0,200,0,False,False,True
zeros,4,1e79bd137f636a69e500b26762cb78d7383f665917d26a23b301791ca932ff48,283,83,-200.0,200,0,False,False,True
zeros,4,1e79bd137f636a69e500b26762cb78d7383f665917d26a23b301791ca932ff48,284,244,-200.0,200,0,False,False,True
zeros,4,1e79bd137f636a69e500b26762cb78d7383f665917d26a23b301791ca932ff48,286,86,-200.0,200,0,False,False,True
zeros,4,1e79bd137f636a69e500b26762cb78d7383f665917d26a23b301791ca932ff48,287,87,-200.0,200,0,False,False,True
zeros,4,1e79bd137f636a69e500b26762cb78d7383f665917d26a23b301791ca932ff48,288,288,-2000.0,200,200,False,False,True
zeros,4,1e79bd137f636a69e500b26762cb78d7383f665917d26a23b301791ca932ff48,289,89,-200.0,200,0,False,False,True
zeros,4,1e79bd137f636a69e500b26762cb78d7383f665917d26a23b301791ca932ff48,291,91,-200.0,200,0,False,False,True
zeros,4,1e79bd137f636a69e500b26762cb78d7383f665917d26a23b301791ca932ff48,292,92,-200.0,200,0,False,False,True
zeros,4,1e79bd137f636a69e500b26762cb78d7383f665917d26a23b301791ca932ff48,293,93,-200.0,200,0,False,False,True
zeros,4,1e79bd137f636a69e500b26762cb78d7383f665917d26a23b301791ca932ff48,294,94,-200.0,200,0,False,False,True
zeros,4,1e79bd137f636a69e500b26762cb78d7383f665917d26a23b301791ca932ff48,301,1,-200.0,200,0,False,False,True
zeros,4,1e79bd137f636a69e500b26762cb78d7383f665917d26a23b301791ca932ff48,302,2,-200.0,200,0,False,False,True
zeros,4,1e79bd137f636a69e500b26762cb78d7383f665917d26a23b301791ca932ff48,303,3,-200.0,200,0,False,False,True
zeros,4,1e79bd137f636a69e500b26762cb78d7383f665917d26a23b301791ca932ff48,304,204,-200.0,200,0,False,False,True
zeros,4,1e79bd137f636a69e500b26762cb78d7383f665917d26a23b301791ca932ff48,306,6,-200.0,200,0,False,False,True
zeros,4,1e79bd137f636a69e500b26762cb78d7383f665917d26a23b301791ca932ff48,307,7,-200.0,200,0,False,False,True
zeros,4,1e79bd137f636a69e500b26762cb78d7383f665917d26a23b301791ca932ff48,308,308,-2000.0,200,200,False,False,True
zeros,4,1e79bd137f636a69e500b26762cb78d7383f665917d26a23b301791ca932ff48,309,9,-200.0,200,0,False,False,True
zeros,4,1e79bd137f636a69e500b26762cb78d7383f665917d26a23b301791ca932ff48,311,11,-200.0,200,0,False,False,True
zeros,4,1e79bd137f636a69e500b26762cb78d7383f665917d26a23b301791ca932ff48,312,212,-1991.0,200,199,False,False,True
zeros,4,1e79bd137f636a69e500b26762cb78d7383f665917d26a23b301791ca932ff48,313,13,-200.0,200,0,False,False,True
zeros,4,1e79bd137f636a69e500b26762cb78d7383f665917d26a23b301791ca932ff48,314,14,-200.0,200,0,False,False,True
zeros,4,1e79bd137f636a69e500b26762cb78d7383f665917d26a23b301791ca932ff48,321,21,-200.0,200,0,False,False,True
zeros,4,1e79bd137f636a69e500b26762cb78d7383f665917d26a23b301791ca932ff48,322,22,-200.0,200,0,False,False,True
zeros,4,1e79bd137f636a69e500b26762cb78d7383f665917d26a23b301791ca932ff48,323,23,-200.0,200,0,False,False,True
zeros,4,1e79bd137f636a69e500b26762cb78d7383f665917d26a23b301791ca932ff48,324,224,-1991.0,200,199,False,False,True
zeros,4,1e79bd137f636a69e500b26762cb78d7383f665917d26a23b301791ca932ff48,326,26,-200.0,200,0,False,False,True
zeros,4,1e79bd137f636a69e500b26762cb78d7383f665917d26a23b301791ca932ff48,327,27,-200.0,200,0,False,False,True
zeros,4,1e79bd137f636a69e500b26762cb78d7383f665917d26a23b301791ca932ff48,328,328,-2000.0,200,200,False,False,True
zeros,4,1e79bd137f636a69e500b26762cb78d7383f665917d26a23b301791ca932ff48,329,29,-200.0,200,0,False,False,True
zeros,4,1e79bd137f636a69e500b26762cb78d7383f665917d26a23b301791ca932ff48,331,31,-200.0,200,0,False,False,True
zeros,4,1e79bd137f636a69e500b26762cb78d7383f665917d26a23b301791ca932ff48,332,232,-1991.0,200,199,False,False,True
zeros,4,1e79bd137f636a69e500b26762cb78d7383f665917d26a23b301791ca932ff48,333,33,-200.0,200,0,False,False,True
zeros,4,1e79bd137f636a69e500b26762cb78d7383f665917d26a23b301791ca932ff48,334,34,-200.0,200,0,False,False,True
zeros,4,1e79bd137f636a69e500b26762cb78d7383f665917d26a23b301791ca932ff48,341,41,-200.0,200,0,False,False,True
zeros,4,1e79bd137f636a69e500b26762cb78d7383f665917d26a23b301791ca932ff48,342,42,-200.0,200,0,False,False,True
zeros,4,1e79bd137f636a69e500b26762cb78d7383f665917d26a23b301791ca932ff48,343,43,-200.0,200,0,False,False,True
zeros,4,1e79bd137f636a69e500b26762cb78d7383f665917d26a23b301791ca932ff48,344,344,-200.0,200,0,False,False,True
zeros,4,1e79bd137f636a69e500b26762cb78d7383f665917d26a23b301791ca932ff48,346,46,-200.0,200,0,False,False,True
zeros,4,1e79bd137f636a69e500b26762cb78d7383f665917d26a23b301791ca932ff48,347,47,-200.0,200,0,False,False,True
zeros,4,1e79bd137f636a69e500b26762cb78d7383f665917d26a23b301791ca932ff48,348,248,-1991.0,200,199,False,False,True
zeros,4,1e79bd137f636a69e500b26762cb78d7383f665917d26a23b301791ca932ff48,349,349,-200.0,200,0,False,False,True
zeros,4,1e79bd137f636a69e500b26762cb78d7383f665917d26a23b301791ca932ff48,351,51,-200.0,200,0,False,False,True
zeros,4,1e79bd137f636a69e500b26762cb78d7383f665917d26a23b301791ca932ff48,352,352,-200.0,200,0,False,False,True
zeros,4,1e79bd137f636a69e500b26762cb78d7383f665917d26a23b301791ca932ff48,353,53,-200.0,200,0,False,False,True
zeros,4,1e79bd137f636a69e500b26762cb78d7383f665917d26a23b301791ca932ff48,354,54,-200.0,200,0,False,False,True
zeros,4,1e79bd137f636a69e500b26762cb78d7383f665917d26a23b301791ca932ff48,361,61,-200.0,200,0,False,False,True
zeros,4,1e79bd137f636a69e500b26762cb78d7383f665917d26a23b301791ca932ff48,362,42,-200.0,200,0,False,False,True
zeros,4,1e79bd137f636a69e500b26762cb78d7383f665917d26a23b301791ca932ff48,363,63,-200.0,200,0,False,False,True
zeros,4,1e79bd137f636a69e500b26762cb78d7383f665917d26a23b301791ca932ff48,364,244,-200.0,200,0,False,False,True
zeros,4,1e79bd137f636a69e500b26762cb78d7383f665917d26a23b301791ca932ff48,366,46,-200.0,200,0,False,False,True
zeros,4,1e79bd137f636a69e500b26762cb78d7383f665917d26a23b301791ca932ff48,367,67,-200.0,200,0,False,False,True
zeros,4,1e79bd137f636a69e500b26762cb78d7383f665917d26a23b301791ca932ff48,368,288,-1982.0,200,198,False,False,True
zeros,4,1e79bd137f636a69e500b26762cb78d7383f665917d26a23b301791ca932ff48,369,249,-200.0,200,0,False,False,True
zeros,4,1e79bd137f636a69e500b26762cb78d7383f665917d26a23b301791ca932ff48,371,71,-200.0,200,0,False,False,True
zeros,4,1e79bd137f636a69e500b26762cb78d7383f665917d26a23b301791ca932ff48,372,92,-200.0,200,0,False,False,True
zeros,4,1e79bd137f636a69e500b26762cb78d7383f665917d26a23b301791ca932ff48,373,373,-200.0,200,0,False,False,True
zeros,4,1e79bd137f636a69e500b26762cb78d7383f665917d26a23b301791ca932ff48,374,54,-200.0,200,0,False,False,True
zeros,4,1e79bd137f636a69e500b26762cb78d7383f665917d26a23b301791ca932ff48,381,81,-200.0,200,0,False,False,True
zeros,4,1e79bd137f636a69e500b26762cb78d7383f665917d26a23b301791ca932ff48,382,82,-200.0,200,0,False,False,True
zeros,4,1e79bd137f636a69e500b26762cb78d7383f665917d26a23b301791ca932ff48,383,83,-200.0,200,0,False,False,True
zeros,4,1e79bd137f636a69e500b26762cb78d7383f665917d26a23b301791ca932ff48,384,344,-200.0,200,0,False,False,True
zeros,4,1e79bd137f636a69e500b26762cb78d7383f665917d26a23b301791ca932ff48,386,86,-200.0,200,0,False,False,True
zeros,4,1e79bd137f636a69e500b26762cb78d7383f665917d26a23b301791ca932ff48,387,87,-200.0,200,0,False,False,True
zeros,4,1e79bd137f636a69e500b26762cb78d7383f665917d26a23b301791ca932ff48,388,288,-1991.0,200,199,False,False,True
zeros,4,1e79bd137f636a69e500b26762cb78d7383f665917d26a23b301791ca932ff48,389,89,-200.0,200,0,False,False,True
zeros,4,1e79bd137f636a69e500b26762cb78d7383f665917d26a23b301791ca932ff48,391,91,-200.0,200,0,False,False,True
zeros,4,1e79bd137f636a69e500b26762cb78d7383f665917d26a23b301791ca932ff48,392,92,-200.0,200,0,False,False,True
zeros,4,1e79bd137f636a69e500b26762cb78d7383f665917d26a23b301791ca932ff48,393,93,-200.0,200,0,False,False,True
zeros,4,1e79bd137f636a69e500b26762cb78d7383f665917d26a23b301791ca932ff48,394,94,-200.0,200,0,False,False,True
zeros,4,1e79bd137f636a69e500b26762cb78d7383f665917d26a23b301791ca932ff48,401,401,-200.0,200,0,False,False,True
zeros,4,1e79bd137f636a69e500b26762cb78d7383f665917d26a23b301791ca932ff48,402,2,-200.0,200,0,False,False,True
zeros,4,1e79bd137f636a69e500b26762cb78d7383f665917d26a23b301791ca932ff48,403,3,-200.0,200,0,False,False,True
zeros,4,1e79bd137f636a69e500b26762cb78d7383f665917d26a23b301791ca932ff48,404,404,-200.0,200,0,False,False,True
zeros,4,1e79bd137f636a69e500b26762cb78d7383f665917d26a23b301791ca932ff48,406,6,-200.0,200,0,False,False,True
zeros,4,1e79bd137f636a69e500b26762cb78d7383f665917d26a23b301791ca932ff48,407,7,-200.0,200,0,False,False,True
zeros,4,1e79bd137f636a69e500b26762cb78d7383f665917d26a23b301791ca932ff48,408,408,-200.0,200,0,False,False,True
zeros,4,1e79bd137f636a69e500b26762cb78d7383f665917d26a23b301791ca932ff48,409,409,-200.0,200,0,False,False,True
zeros,4,1e79bd137f636a69e500b26762cb78d7383f665917d26a23b301791ca932ff48,411,19,-200.0,200,0,False,False,True
zeros,4,1e79bd137f636a69e500b26762cb78d7383f665917d26a23b301791ca932ff48,412,412,-200.0,200,0,False,False,True
zeros,4,1e79bd137f636a69e500b26762cb78d7383f665917d26a23b301791ca932ff48,413,413,-200.0,200,0,False,False,True
zeros,4,1e79bd137f636a69e500b26762cb78d7383f665917d26a23b301791ca932ff48,414,14,-200.0,200,0,False,False,True
zeros,4,1e79bd137f636a69e500b26762cb78d7383f665917d26a23b301791ca932ff48,421,21,-200.0,200,0,False,False,True
zeros,4,1e79bd137f636a69e500b26762cb78d7383f665917d26a23b301791ca932ff48,422,22,-200.0,200,0,False,False,True
zeros,4,1e79bd137f636a69e500b26762cb78d7383f665917d26a23b301791ca932ff48,423,23,-200.0,200,0,False,False,True
zeros,4,1e79bd137f636a69e500b26762cb78d7383f665917d26a23b301791ca932ff48,424,424,-200.0,200,0,False,False,True
zeros,4,1e79bd137f636a69e500b26762cb78d7383f665917d26a23b301791ca932ff48,426,26,-200.0,200,0,False,False,True
zeros,4,1e79bd137f636a69e500b26762cb78d7383f665917d26a23b301791ca932ff48,427,27,-200.0,200,0,False,False,True
zeros,4,1e79bd137f636a69e500b26762cb78d7383f665917d26a23b301791ca932ff48,428,428,-2000.0,200,200,False,False,True
zeros,4,1e79bd137f636a69e500b26762cb78d7383f665917d26a23b301791ca932ff48,429,429,-200.0,200,0,False,False,True
zeros,4,1e79bd137f636a69e500b26762cb78d7383f665917d26a23b301791ca932ff48,431,431,-2000.0,200,200,False,False,True
zeros,4,1e79bd137f636a69e500b26762cb78d7383f665917d26a23b301791ca932ff48,432,432,-2000.0,200,200,False,False,True
zeros,4,1e79bd137f636a69e500b26762cb78d7383f665917d26a23b301791ca932ff48,433,33,-200.0,200,0,False,False,True
zeros,4,1e79bd137f636a69e500b26762cb78d7383f665917d26a23b301791ca932ff48,434,34,-200.0,200,0,False,False,True
zeros,4,1e79bd137f636a69e500b26762cb78d7383f665917d26a23b301791ca932ff48,441,441,-200.0,200,0,False,False,True
zeros,4,1e79bd137f636a69e500b26762cb78d7383f665917d26a23b301791ca932ff48,442,42,-200.0,200,0,False,False,True
zeros,4,1e79bd137f636a69e500b26762cb78d7383f665917d26a23b301791ca932ff48,443,43,-200.0,200,0,False,False,True
zeros,4,1e79bd137f636a69e500b26762cb78d7383f665917d26a23b301791ca932ff48,444,444,-200.0,200,0,False,False,True
zeros,4,1e79bd137f636a69e500b26762cb78d7383f665917d26a23b301791ca932ff48,446,446,-200.0,200,0,False,False,True
zeros,4,1e79bd137f636a69e500b26762cb78d7383f665917d26a23b301791ca932ff48,447,47,-200.0,200,0,False,False,True
zeros,4,1e79bd137f636a69e500b26762cb78d7383f665917d26a23b301791ca932ff48,448,448,-200.0,200,0,False,False,True
zeros,4,1e79bd137f636a69e500b26762cb78d7383f665917d26a23b301791ca932ff48,449,449,-200.0,200,0,False,False,True
zeros,4,1e79bd137f636a69e500b26762cb78d7383f665917d26a23b301791ca932ff48,451,451,-200.0,200,0,False,False,True
zeros,4,1e79bd137f636a69e500b26762cb78d7383f665917d26a23b301791ca932ff48,452,452,-200.0,200,0,False,False,True
zeros,4,1e79bd137f636a69e500b26762cb78d7383f665917d26a23b301791ca932ff48,453,453,-200.0,200,0,False,False,True
zeros,4,1e79bd137f636a69e500b26762cb78d7383f665917d26a23b301791ca932ff48,454,54,-200.0,200,0,False,False,True
zeros,4,1e79bd137f636a69e500b26762cb78d7383f665917d26a23b301791ca932ff48,461,461,-200.0,200,0,False,False,True
zeros,4,1e79bd137f636a69e500b26762cb78d7383f665917d26a23b301791ca932ff48,462,42,-200.0,200,0,False,False,True
zeros,4,1e79bd137f636a69e500b26762cb78d7383f665917d26a23b301791ca932ff48,463,63,-200.0,200,0,False,False,True
zeros,4,1e79bd137f636a69e500b26762cb78d7383f665917d26a23b301791ca932ff48,464,464,-200.0,200,0,False,False,True
zeros,4,1e79bd137f636a69e500b26762cb78d7383f665917d26a23b301791ca932ff48,466,466,-200.0,200,0,False,False,True
zeros,4,1e79bd137f636a69e500b26762cb78d7383f665917d26a23b301791ca932ff48,467,67,-200.0,200,0,False,False,True
zeros,4,1e79bd137f636a69e500b26762cb78d7383f665917d26a23b301791ca932ff48,468,468,-200.0,200,0,False,False,True
zeros,4,1e79bd137f636a69e500b26762cb78d7383f665917d26a23b301791ca932ff48,469,469,-200.0,200,0,False,False,True
zeros,4,1e79bd137f636a69e500b26762cb78d7383f665917d26a23b301791ca932ff48,471,471,-2000.0,200,200,False,False,True
zeros,4,1e79bd137f636a69e500b26762cb78d7383f665917d26a23b301791ca932ff48,472,472,-200.0,200,0,False,False,True
zeros,4,1e79bd137f636a69e500b26762cb78d7383f665917d26a23b301791ca932ff48,473,473,-200.0,200,0,False,False,True
zeros,4,1e79bd137f636a69e500b26762cb78d7383f665917d26a23b301791ca932ff48,474,478,-1991.0,200,199,False,False,True
zeros,4,1e79bd137f636a69e500b26762cb78d7383f665917d26a23b301791ca932ff48,481,81,-200.0,200,0,False,False,True
zeros,4,1e79bd137f636a69e500b26762cb78d7383f665917d26a23b301791ca932ff48,482,82,-200.0,200,0,False,False,True
zeros,4,1e79bd137f636a69e500b26762cb78d7383f665917d26a23b301791ca932ff48,483,83,-200.0,200,0,False,False,True
zeros,4,1e79bd137f636a69e500b26762cb78d7383f665917d26a23b301791ca932ff48,484,484,-200.0,200,0,False,False,True
zeros,4,1e79bd137f636a69e500b26762cb78d7383f665917d26a23b301791ca932ff48,486,86,-200.0,200,0,False,False,True
zeros,4,1e79bd137f636a69e500b26762cb78d7383f665917d26a23b301791ca932ff48,487,87,-200.0,200,0,False,False,True
zeros,4,1e79bd137f636a69e500b26762cb78d7383f665917d26a23b301791ca932ff48,488,488,-200.0,200,0,False,False,True
zeros,4,1e79bd137f636a69e500b26762cb78d7383f665917d26a23b301791ca932ff48,489,489,-200.0,200,0,False,False,True
zeros,4,1e79bd137f636a69e500b26762cb78d7383f665917d26a23b301791ca932ff48,491,91,-200.0,200,0,False,False,True
zeros,4,1e79bd137f636a69e500b26762cb78d7383f665917d26a23b301791ca932ff48,492,492,-200.0,200,0,False,False,True
zeros,4,1e79bd137f636a69e500b26762cb78d7383f665917d26a23b301791ca932ff48,493,493,-200.0,200,0,False,False,True
zeros,4,1e79bd137f636a69e500b26762cb78d7383f665917d26a23b301791ca932ff48,494,94,-200.0,200,0,False,False,True
rules,0,4dce4865fa61145d2a0f2d14658610f4780d3db031f2b9347c594a9c03d964f5,1,1,-2000.0,200,200,False,False,True
rules,0,4dce4865fa61145d2a0f2d14658610f4780d3db031f2b9347c594a9c03d964f5,2,2,-2000.0,200,200,False,False,True
rules,0,4dce4865fa61145d2a0f2d14658610f4780d3db031f2b9347c594a9c03d964f5,3,3,-2000.0,200,200,False,False,True
rules,0,4dce4865fa61145d2a0f2d14658610f4780d3db031f2b9347c594a9c03d964f5,4,4,-2000.0,200,200,False,False,True
rules,0,4dce4865fa61145d2a0f2d14658610f4780d3db031f2b9347c594a9c03d964f5,6,6,-2000.0,200,200,False,False,True
rules,0,4dce4865fa61145d2a0f2d14658610f4780d3db031f2b9347c594a9c03d964f5,7,7,-2000.0,200,200,False,False,True
rules,0,4dce4865fa61145d2a0f2d14658610f4780d3db031f2b9347c594a9c03d964f5,8,8,-2000.0,200,200,False,False,True
rules,0,4dce4865fa61145d2a0f2d14658610f4780d3db031f2b9347c594a9c03d964f5,9,9,-2000.0,200,200,False,False,True
rules,0,4dce4865fa61145d2a0f2d14658610f4780d3db031f2b9347c594a9c03d964f5,11,11,-2000.0,200,200,False,False,True
rules,0,4dce4865fa61145d2a0f2d14658610f4780d3db031f2b9347c594a9c03d964f5,12,12,-2000.0,200,200,False,False,True
rules,0,4dce4865fa61145d2a0f2d14658610f4780d3db031f2b9347c594a9c03d964f5,13,13,-2000.0,200,200,False,False,True
rules,0,4dce4865fa61145d2a0f2d14658610f4780d3db031f2b9347c594a9c03d964f5,14,14,-2000.0,200,200,False,False,True
rules,0,4dce4865fa61145d2a0f2d14658610f4780d3db031f2b9347c594a9c03d964f5,21,21,-2000.0,200,200,False,False,True
rules,0,4dce4865fa61145d2a0f2d14658610f4780d3db031f2b9347c594a9c03d964f5,22,22,-200.0,200,0,False,False,True
rules,0,4dce4865fa61145d2a0f2d14658610f4780d3db031f2b9347c594a9c03d964f5,23,23,-200.0,200,0,False,False,True
rules,0,4dce4865fa61145d2a0f2d14658610f4780d3db031f2b9347c594a9c03d964f5,24,24,-2000.0,200,200,False,False,True
rules,0,4dce4865fa61145d2a0f2d14658610f4780d3db031f2b9347c594a9c03d964f5,26,26,-2000.0,200,200,False,False,True
rules,0,4dce4865fa61145d2a0f2d14658610f4780d3db031f2b9347c594a9c03d964f5,27,27,-200.0,200,0,False,False,True
rules,0,4dce4865fa61145d2a0f2d14658610f4780d3db031f2b9347c594a9c03d964f5,28,28,-2000.0,200,200,False,False,True
rules,0,4dce4865fa61145d2a0f2d14658610f4780d3db031f2b9347c594a9c03d964f5,29,29,-2000.0,200,200,False,False,True
rules,0,4dce4865fa61145d2a0f2d14658610f4780d3db031f2b9347c594a9c03d964f5,31,31,-2000.0,200,200,False,False,True
rules,0,4dce4865fa61145d2a0f2d14658610f4780d3db031f2b9347c594a9c03d964f5,32,32,-200.0,200,0,False,False,True
rules,0,4dce4865fa61145d2a0f2d14658610f4780d3db031f2b9347c594a9c03d964f5,33,33,-2000.0,200,200,False,False,True
rules,0,4dce4865fa61145d2a0f2d14658610f4780d3db031f2b9347c594a9c03d964f5,34,34,-200.0,200,0,False,False,True
rules,0,4dce4865fa61145d2a0f2d14658610f4780d3db031f2b9347c594a9c03d964f5,41,41,-2000.0,200,200,False,False,True
rules,0,4dce4865fa61145d2a0f2d14658610f4780d3db031f2b9347c594a9c03d964f5,42,42,-2000.0,200,200,False,False,True
rules,0,4dce4865fa61145d2a0f2d14658610f4780d3db031f2b9347c594a9c03d964f5,43,83,-200.0,200,0,False,False,True
rules,0,4dce4865fa61145d2a0f2d14658610f4780d3db031f2b9347c594a9c03d964f5,44,84,-1982.0,200,198,False,False,True
rules,0,4dce4865fa61145d2a0f2d14658610f4780d3db031f2b9347c594a9c03d964f5,46,46,-2000.0,200,200,False,False,True
rules,0,4dce4865fa61145d2a0f2d14658610f4780d3db031f2b9347c594a9c03d964f5,47,87,-1982.0,200,198,False,False,True
rules,0,4dce4865fa61145d2a0f2d14658610f4780d3db031f2b9347c594a9c03d964f5,48,48,-2000.0,200,200,False,False,True
rules,0,4dce4865fa61145d2a0f2d14658610f4780d3db031f2b9347c594a9c03d964f5,49,49,-2000.0,200,200,False,False,True
rules,0,4dce4865fa61145d2a0f2d14658610f4780d3db031f2b9347c594a9c03d964f5,51,51,-2000.0,200,200,False,False,True
rules,0,4dce4865fa61145d2a0f2d14658610f4780d3db031f2b9347c594a9c03d964f5,52,92,-1982.0,200,198,False,False,True
rules,0,4dce4865fa61145d2a0f2d14658610f4780d3db031f2b9347c594a9c03d964f5,53,53,-2000.0,200,200,False,False,True
rules,0,4dce4865fa61145d2a0f2d14658610f4780d3db031f2b9347c594a9c03d964f5,54,54,-200.0,200,0,False,False,True
rules,0,4dce4865fa61145d2a0f2d14658610f4780d3db031f2b9347c594a9c03d964f5,61,61,-2000.0,200,200,False,False,True
rules,0,4dce4865fa61145d2a0f2d14658610f4780d3db031f2b9347c594a9c03d964f5,62,62,-2000.0,200,200,False,False,True
rules,0,4dce4865fa61145d2a0f2d14658610f4780d3db031f2b9347c594a9c03d964f5,63,83,-200.0,200,0,False,False,True
rules,0,4dce4865fa61145d2a0f2d14658610f4780d3db031f2b9347c594a9c03d964f5,64,84,-1991.0,200,199,False,False,True
rules,0,4dce4865fa61145d2a0f2d14658610f4780d3db031f2b9347c594a9c03d964f5,66,86,-1991.0,200,199,False,False,True
rules,0,4dce4865fa61145d2a0f2d14658610f4780d3db031f2b9347c594a9c03d964f5,67,87,-1991.0,200,199,False,False,True
rules,0,4dce4865fa61145d2a0f2d14658610f4780d3db031f2b9347c594a9c03d964f5,68,68,-2000.0,200,200,False,False,True
rules,0,4dce4865fa61145d2a0f2d14658610f4780d3db031f2b9347c594a9c03d964f5,69,69,-2000.0,200,200,False,False,True
rules,0,4dce4865fa61145d2a0f2d14658610f4780d3db031f2b9347c594a9c03d964f5,71,71,-2000.0,200,200,False,False,True
rules,0,4dce4865fa61145d2a0f2d14658610f4780d3db031f2b9347c594a9c03d964f5,72,92,-1991.0,200,199,False,False,True
rules,0,4dce4865fa61145d2a0f2d14658610f4780d3db031f2b9347c594a9c03d964f5,73,73,-2000.0,200,200,False,False,True
rules,0,4dce4865fa61145d2a0f2d14658610f4780d3db031f2b9347c594a9c03d964f5,74,74,-200.0,200,0,False,False,True
rules,0,4dce4865fa61145d2a0f2d14658610f4780d3db031f2b9347c594a9c03d964f5,81,81,-2000.0,200,200,False,False,True
rules,0,4dce4865fa61145d2a0f2d14658610f4780d3db031f2b9347c594a9c03d964f5,82,82,-2000.0,200,200,False,False,True
rules,0,4dce4865fa61145d2a0f2d14658610f4780d3db031f2b9347c594a9c03d964f5,83,83,-200.0,200,0,False,False,True
rules,0,4dce4865fa61145d2a0f2d14658610f4780d3db031f2b9347c594a9c03d964f5,84,84,-2000.0,200,200,False,False,True
rules,0,4dce4865fa61145d2a0f2d14658610f4780d3db031f2b9347c594a9c03d964f5,86,86,-2000.0,200,200,False,False,True
rules,0,4dce4865fa61145d2a0f2d14658610f4780d3db031f2b9347c594a9c03d964f5,87,87,-2000.0,200,200,False,False,True
rules,0,4dce4865fa61145d2a0f2d14658610f4780d3db031f2b9347c594a9c03d964f5,88,88,-2000.0,200,200,False,False,True
rules,0,4dce4865fa61145d2a0f2d14658610f4780d3db031f2b9347c594a9c03d964f5,89,89,-2000.0,200,200,False,False,True
rules,0,4dce4865fa61145d2a0f2d14658610f4780d3db031f2b9347c594a9c03d964f5,91,91,-2000.0,200,200,False,False,True
rules,0,4dce4865fa61145d2a0f2d14658610f4780d3db031f2b9347c594a9c03d964f5,92,92,-2000.0,200,200,False,False,True
rules,0,4dce4865fa61145d2a0f2d14658610f4780d3db031f2b9347c594a9c03d964f5,93,93,-2000.0,200,200,False,False,True
rules,0,4dce4865fa61145d2a0f2d14658610f4780d3db031f2b9347c594a9c03d964f5,94,74,-200.0,200,0,False,False,True
rules,0,4dce4865fa61145d2a0f2d14658610f4780d3db031f2b9347c594a9c03d964f5,101,101,-2000.0,200,200,False,False,True
rules,0,4dce4865fa61145d2a0f2d14658610f4780d3db031f2b9347c594a9c03d964f5,102,102,-2000.0,200,200,False,False,True
rules,0,4dce4865fa61145d2a0f2d14658610f4780d3db031f2b9347c594a9c03d964f5,103,123,-200.0,200,0,False,False,True
rules,0,4dce4865fa61145d2a0f2d14658610f4780d3db031f2b9347c594a9c03d964f5,104,104,-2000.0,200,200,False,False,True
rules,0,4dce4865fa61145d2a0f2d14658610f4780d3db031f2b9347c594a9c03d964f5,106,106,-2000.0,200,200,False,False,True
rules,0,4dce4865fa61145d2a0f2d14658610f4780d3db031f2b9347c594a9c03d964f5,107,127,-200.0,200,0,False,False,True
rules,0,4dce4865fa61145d2a0f2d14658610f4780d3db031f2b9347c594a9c03d964f5,108,108,-2000.0,200,200,False,False,True
rules,0,4dce4865fa61145d2a0f2d14658610f4780d3db031f2b9347c594a9c03d964f5,109,109,-2000.0,200,200,False,False,True
rules,0,4dce4865fa61145d2a0f2d14658610f4780d3db031f2b9347c594a9c03d964f5,111,111,-2000.0,200,200,False,False,True
rules,0,4dce4865fa61145d2a0f2d14658610f4780d3db031f2b9347c594a9c03d964f5,112,112,-2000.0,200,200,False,False,True
rules,0,4dce4865fa61145d2a0f2d14658610f4780d3db031f2b9347c594a9c03d964f5,113,113,-2000.0,200,200,False,False,True
rules,0,4dce4865fa61145d2a0f2d14658610f4780d3db031f2b9347c594a9c03d964f5,114,114,-200.0,200,0,False,False,True
rules,0,4dce4865fa61145d2a0f2d14658610f4780d3db031f2b9347c594a9c03d964f5,121,121,-2000.0,200,200,False,False,True
rules,0,4dce4865fa61145d2a0f2d14658610f4780d3db031f2b9347c594a9c03d964f5,122,122,-200.0,200,0,False,False,True
rules,0,4dce4865fa61145d2a0f2d14658610f4780d3db031f2b9347c594a9c03d964f5,123,123,-200.0,200,0,False,False,True
rules,0,4dce4865fa61145d2a0f2d14658610f4780d3db031f2b9347c594a9c03d964f5,124,124,-2000.0,200,200,False,False,True
rules,0,4dce4865fa61145d2a0f2d14658610f4780d3db031f2b9347c594a9c03d964f5,126,126,-2000.0,200,200,False,False,True
rules,0,4dce4865fa61145d2a0f2d14658610f4780d3db031f2b9347c594a9c03d964f5,127,127,-200.0,200,0,False,False,True
rules,0,4dce4865fa61145d2a0f2d14658610f4780d3db031f2b9347c594a9c03d964f5,128,128,-2000.0,200,200,False,False,True
rules,0,4dce4865fa61145d2a0f2d14658610f4780d3db031f2b9347c594a9c03d964f5,129,129,-2000.0,200,200,False,False,True
rules,0,4dce4865fa61145d2a0f2d14658610f4780d3db031f2b9347c594a9c03d964f5,131,131,-2000.0,200,200,False,False,True
rules,0,4dce4865fa61145d2a0f2d14658610f4780d3db031f2b9347c594a9c03d964f5,132,132,-2000.0,200,200,False,False,True
rules,0,4dce4865fa61145d2a0f2d14658610f4780d3db031f2b9347c594a9c03d964f5,133,113,-1991.0,200,199,False,False,True
rules,0,4dce4865fa61145d2a0f2d14658610f4780d3db031f2b9347c594a9c03d964f5,134,114,-200.0,200,0,False,False,True
rules,0,4dce4865fa61145d2a0f2d14658610f4780d3db031f2b9347c594a9c03d964f5,141,141,-2000.0,200,200,False,False,True
rules,0,4dce4865fa61145d2a0f2d14658610f4780d3db031f2b9347c594a9c03d964f5,142,142,-2000.0,200,200,False,False,True
rules,0,4dce4865fa61145d2a0f2d14658610f4780d3db031f2b9347c594a9c03d964f5,143,183,-200.0,200,0,False,False,True
rules,0,4dce4865fa61145d2a0f2d14658610f4780d3db031f2b9347c594a9c03d964f5,144,144,-2000.0,200,200,False,False,True
rules,0,4dce4865fa61145d2a0f2d14658610f4780d3db031f2b9347c594a9c03d964f5,146,146,-2000.0,200,200,False,False,True
rules,0,4dce4865fa61145d2a0f2d14658610f4780d3db031f2b9347c594a9c03d964f5,147,187,-1982.0,200,198,False,False,True
rules,0,4dce4865fa61145d2a0f2d14658610f4780d3db031f2b9347c594a9c03d964f5,148,148,-2000.0,200,200,False,False,True
rules,0,4dce4865fa61145d2a0f2d14658610f4780d3db031f2b9347c594a9c03d964f5,149,149,-2000.0,200,200,False,False,True
rules,0,4dce4865fa61145d2a0f2d14658610f4780d3db031f2b9347c594a9c03d964f5,151,151,-2000.0,200,200,False,False,True
rules,0,4dce4865fa61145d2a0f2d14658610f4780d3db031f2b9347c594a9c03d964f5,152,152,-2000.0,200,200,False,False,True
rules,0,4dce4865fa61145d2a0f2d14658610f4780d3db031f2b9347c594a9c03d964f5,153,153,-2000.0,200,200,False,False,True
rules,0,4dce4865fa61145d2a0f2d14658610f4780d3db031f2b9347c594a9c03d964f5,154,154,-2000.0,200,200,False,False,True
rules,0,4dce4865fa61145d2a0f2d14658610f4780d3db031f2b9347c594a9c03d964f5,161,161,-2000.0,200,200,False,False,True
rules,0,4dce4865fa61145d2a0f2d14658610f4780d3db031f2b9347c594a9c03d964f5,162,162,-2000.0,200,200,False,False,True
rules,0,4dce4865fa61145d2a0f2d14658610f4780d3db031f2b9347c594a9c03d964f5,163,183,-200.0,200,0,False,False,True
rules,0,4dce4865fa61145d2a0f2d14658610f4780d3db031f2b9347c594a9c03d964f5,164,164,-2000.0,200,200,False,False,True
rules,0,4dce4865fa61145d2a0f2d14658610f4780d3db031f2b9347c594a9c03d964f5,166,166,-2000.0,200,200,False,False,True
rules,0,4dce4865fa61145d2a0f2d14658610f4780d3db031f2b9347c594a9c03d964f5,167,187,-1991.0,200,199,False,False,True
rules,0,4dce4865fa61145d2a0f2d14658610f4780d3db031f2b9347c594a9c03d964f5,168,168,-2000.0,200,200,False,False,True
rules,0,4dce4865fa61145d2a0f2d14658610f4780d3db031f2b9347c594a9c03d964f5,169,169,-2000.0,200,200,False,False,True
rules,0,4dce4865fa61145d2a0f2d14658610f4780d3db031f2b9347c594a9c03d964f5,171,171,-2000.0,200,200,False,False,True
rules,0,4dce4865fa61145d2a0f2d14658610f4780d3db031f2b9347c594a9c03d964f5,172,172,-2000.0,200,200,False,False,True
rules,0,4dce4865fa61145d2a0f2d14658610f4780d3db031f2b9347c594a9c03d964f5,173,173,-2000.0,200,200,False,False,True
rules,0,4dce4865fa61145d2a0f2d14658610f4780d3db031f2b9347c594a9c03d964f5,174,154,-1991.0,200,199,False,False,True
rules,0,4dce4865fa61145d2a0f2d14658610f4780d3db031f2b9347c594a9c03d964f5,181,181,-2000.0,200,200,False,False,True
rules,0,4dce4865fa61145d2a0f2d14658610f4780d3db031f2b9347c594a9c03d964f5,182,182,-2000.0,200,200,False,False,True
rules,0,4dce4865fa61145d2a0f2d14658610f4780d3db031f2b9347c594a9c03d964f5,183,183,-200.0,200,0,False,False,True
rules,0,4dce4865fa61145d2a0f2d14658610f4780d3db031f2b9347c594a9c03d964f5,184,184,-2000.0,200,200,False,False,True
rules,0,4dce4865fa61145d2a0f2d14658610f4780d3db031f2b9347c594a9c03d964f5,186,186,-2000.0,200,200,False,False,True
rules,0,4dce4865fa61145d2a0f2d14658610f4780d3db031f2b9347c594a9c03d964f5,187,187,-2000.0,200,200,False,False,True
rules,0,4dce4865fa61145d2a0f2d14658610f4780d3db031f2b9347c594a9c03d964f5,188,188,-2000.0,200,200,False,False,True
rules,0,4dce4865fa61145d2a0f2d14658610f4780d3db031f2b9347c594a9c03d964f5,189,189,-2000.0,200,200,False,False,True
rules,0,4dce4865fa61145d2a0f2d14658610f4780d3db031f2b9347c594a9c03d964f5,191,191,-2000.0,200,200,False,False,True
rules,0,4dce4865fa61145d2a0f2d14658610f4780d3db031f2b9347c594a9c03d964f5,192,192,-2000.0,200,200,False,False,True
rules,0,4dce4865fa61145d2a0f2d14658610f4780d3db031f2b9347c594a9c03d964f5,193,193,-2000.0,200,200,False,False,True
rules,0,4dce4865fa61145d2a0f2d14658610f4780d3db031f2b9347c594a9c03d964f5,194,154,-1982.0,200,198,False,False,True
rules,0,4dce4865fa61145d2a0f2d14658610f4780d3db031f2b9347c594a9c03d964f5,201,201,-2000.0,200,200,False,False,True
rules,0,4dce4865fa61145d2a0f2d14658610f4780d3db031f2b9347c594a9c03d964f5,202,202,-2000.0,200,200,False,False,True
rules,0,4dce4865fa61145d2a0f2d14658610f4780d3db031f2b9347c594a9c03d964f5,203,283,-200.0,200,0,False,False,True
rules,0,4dce4865fa61145d2a0f2d14658610f4780d3db031f2b9347c594a9c03d964f5,204,204,-2000.0,200,200,False,False,True
rules,0,4dce4865fa61145d2a0f2d14658610f4780d3db031f2b9347c594a9c03d964f5,206,206,-2000.0,200,200,False,False,True
rules,0,4dce4865fa61145d2a0f2d14658610f4780d3db031f2b9347c594a9c03d964f5,207,287,-200.0,200,0,False,False,True
rules,0,4dce4865fa61145d2a0f2d14658610f4780d3db031f2b9347c594a9c03d964f5,208,208,-2000.0,200,200,False,False,True
rules,0,4dce4865fa61145d2a0f2d14658610f4780d3db031f2b9347c594a9c03d964f5,209,209,-2000.0,200,200,False,False,True
rules,0,4dce4865fa61145d2a0f2d14658610f4780d3db031f2b9347c594a9c03d964f5,211,211,-2000.0,200,200,False,False,True
rules,0,4dce4865fa61145d2a0f2d14658610f4780d3db031f2b9347c594a9c03d964f5,212,212,-200.0,200,0,False,False,True
rules,0,4dce4865fa61145d2a0f2d14658610f4780d3db031f2b9347c594a9c03d964f5,213,213,-200.0,200,0,False,False,True
rules,0,4dce4865fa61145d2a0f2d14658610f4780d3db031f2b9347c594a9c03d964f5,214,214,-200.0,200,0,False,False,True
rules,0,4dce4865fa61145d2a0f2d14658610f4780d3db031f2b9347c594a9c03d964f5,221,221,-2000.0,200,200,False,False,True
rules,0,4dce4865fa61145d2a0f2d14658610f4780d3db031f2b9347c594a9c03d964f5,222,282,-1973.0,200,197,False,False,True
rules,0,4dce4865fa61145d2a0f2d14658610f4780d3db031f2b9347c594a9c03d964f5,223,283,-200.0,200,0,False,False,True
rules,0,4dce4865fa61145d2a0f2d14658610f4780d3db031f2b9347c594a9c03d964f5,224,244,-1991.0,200,199,False,False,True
rules,0,4dce4865fa61145d2a0f2d14658610f4780d3db031f2b9347c594a9c03d964f5,226,246,-1991.0,200,199,False,False,True
rules,0,4dce4865fa61145d2a0f2d14658610f4780d3db031f2b9347c594a9c03d964f5,227,287,-200.0,200,0,False,False,True
rules,0,4dce4865fa61145d2a0f2d14658610f4780d3db031f2b9347c594a9c03d964f5,228,228,-2000.0,200,200,False,False,True
rules,0,4dce4865fa61145d2a0f2d14658610f4780d3db031f2b9347c594a9c03d964f5,229,229,-2000.0,200,200,False,False,True
rules,0,4dce4865fa61145d2a0f2d14658610f4780d3db031f2b9347c594a9c03d964f5,231,251,-1991.0,200,199,False,False,True
rules,0,4dce4865fa61145d2a0f2d14658610f4780d3db031f2b9347c594a9c03d964f5,232,272,-200.0,200,0,False,False,True
rules,0,4dce4865fa61145d2a0f2d14658610f4780d3db031f2b9347c594a9c03d964f5,233,213,-200.0,200,0,False,False,True
rules,0,4dce4865fa61145d2a0f2d14658610f4780d3db031f2b9347c594a9c03d964f5,234,214,-200.0,200,0,False,False,True
rules,0,4dce4865fa61145d2a0f2d14658610f4780d3db031f2b9347c594a9c03d964f5,241,241,-2000.0,200,200,False,False,True
rules,0,4dce4865fa61145d2a0f2d14658610f4780d3db031f2b9347c594a9c03d964f5,242,282,-1982.0,200,198,False,False,True
rules,0,4dce4865fa61145d2a0f2d14658610f4780d3db031f2b9347c594a9c03d964f5,243,283,-200.0,200,0,False,False,True
rules,0,4dce4865fa61145d2a0f2d14658610f4780d3db031f2b9347c594a9c03d964f5,244,244,-2000.0,200,200,False,False,True
rules,0,4dce4865fa61145d2a0f2d14658610f4780d3db031f2b9347c594a9c03d964f5,246,246,-2000.0,200,200,False,False,True
rules,0,4dce4865fa61145d2a0f2d14658610f4780d3db031f2b9347c594a9c03d964f5,247,287,-200.0,200,0,False,False,True
rules,0,4dce4865fa61145d2a0f2d14658610f4780d3db031f2b9347c594a9c03d964f5,248,248,-2000.0,200,200,False,False,True
rules,0,4dce4865fa61145d2a0f2d14658610f4780d3db031f2b9347c594a9c03d964f5,249,249,-2000.0,200,200,False,False,True
rules,0,4dce4865fa61145d2a0f2d14658610f4780d3db031f2b9347c594a9c03d964f5,251,251,-2000.0,200,200,False,False,True
rules,0,4dce4865fa61145d2a0f2d14658610f4780d3db031f2b9347c594a9c03d964f5,252,292,-200.0,200,0,False,False,True
rules,0,4dce4865fa61145d2a0f2d14658610f4780d3db031f2b9347c594a9c03d964f5,253,153,-1991.0,200,199,False,False,True
rules,0,4dce4865fa61145d2a0f2d14658610f4780d3db031f2b9347c594a9c03d964f5,254,154,-1973.0,200,197,False,False,True
rules,0,4dce4865fa61145d2a0f2d14658610f4780d3db031f2b9347c594a9c03d964f5,261,261,-2000.0,200,200,False,False,True
rules,0,4dce4865fa61145d2a0f2d14658610f4780d3db031f2b9347c594a9c03d964f5,262,282,-1991.0,200,199,False,False,True
rules,0,4dce4865fa61145d2a0f2d14658610f4780d3db031f2b9347c594a9c03d964f5,263,283,-200.0,200,0,False,False,True
rules,0,4dce4865fa61145d2a0f2d14658610f4780d3db031f2b9347c594a9c03d964f5,264,284,-1991.0,200,199,False,False,True
rules,0,4dce4865fa61145d2a0f2d14658610f4780d3db031f2b9347c594a9c03d964f5,266,286,-1991.0,200,199,False,False,True
rules,0,4dce4865fa61145d2a0f2d14658610f4780d3db031f2b9347c594a9c03d964f5,267,287,-200.0,200,0,False,False,True
rules,0,4dce4865fa61145d2a0f2d14658610f4780d3db031f2b9347c594a9c03d964f5,268,268,-2000.0,200,200,False,False,True
rules,0,4dce4865fa61145d2a0f2d14658610f4780d3db031f2b9347c594a9c03d964f5,269,269,-2000.0,200,200,False,False,True
rules,0,4dce4865fa61145d2a0f2d14658610f4780d3db031f2b9347c594a9c03d964f5,271,291,-1991.0,200,199,False,False,True
rules,0,4dce4865fa61145d2a0f2d14658610f4780d3db031f2b9347c594a9c03d964f5,272,272,-200.0,200,0,False,False,True
rules,0,4dce4865fa61145d2a0f2d14658610f4780d3db031f2b9347c594a9c03d964f5,273,173,-1991.0,200,199,False,False,True
rules,0,4dce4865fa61145d2a0f2d14658610f4780d3db031f2b9347c594a9c03d964f5,274,154,-1982.0,200,198,False,False,True
rules,0,4dce4865fa61145d2a0f2d14658610f4780d3db031f2b9347c594a9c03d964f5,281,281,-2000.0,200,200,False,False,True
rules,0,4dce4865fa61145d2a0f2d14658610f4780d3db031f2b9347c594a9c03d964f5,282,282,-2000.0,200,200,False,False,True
rules,0,4dce4865fa61145d2a0f2d14658610f4780d3db031f2b9347c594a9c03d964f5,283,283,-200.0,200,0,False,False,True
rules,0,4dce4865fa61145d2a0f2d14658610f4780d3db031f2b9347c594a9c03d964f5,284,284,-2000.0,200,200,False,False,True
rules,0,4dce4865fa61145d2a0f2d14658610f4780d3db031f2b9347c594a9c03d964f5,286,286,-2000.0,200,200,False,False,True
rules,0,4dce4865fa61145d2a0f2d14658610f4780d3db031f2b9347c594a9c03d964f5,287,287,-200.0,200,0,False,False,True
rules,0,4dce4865fa61145d2a0f2d14658610f4780d3db031f2b9347c594a9c03d964f5,288,288,-2000.0,200,200,False,False,True
rules,0,4dce4865fa61145d2a0f2d14658610f4780d3db031f2b9347c594a9c03d964f5,289,289,-2000.0,200,200,False,False,True
rules,0,4dce4865fa61145d2a0f2d14658610f4780d3db031f2b9347c594a9c03d964f5,291,291,-2000.0,200,200,False,False,True
rules,0,4dce4865fa61145d2a0f2d14658610f4780d3db031f2b9347c594a9c03d964f5,292,292,-200.0,200,0,False,False,True
rules,0,4dce4865fa61145d2a0f2d14658610f4780d3db031f2b9347c594a9c03d964f5,293,173,-1982.0,200,198,False,False,True
rules,0,4dce4865fa61145d2a0f2d14658610f4780d3db031f2b9347c594a9c03d964f5,294,154,-1973.0,200,197,False,False,True
rules,0,4dce4865fa61145d2a0f2d14658610f4780d3db031f2b9347c594a9c03d964f5,301,301,-2000.0,200,200,False,False,True
rules,0,4dce4865fa61145d2a0f2d14658610f4780d3db031f2b9347c594a9c03d964f5,302,302,-200.0,200,0,False,False,True
rules,0,4dce4865fa61145d2a0f2d14658610f4780d3db031f2b9347c594a9c03d964f5,303,303,-200.0,200,0,False,False,True
rules,0,4dce4865fa61145d2a0f2d14658610f4780d3db031f2b9347c594a9c03d964f5,304,304,-200.0,200,0,False,False,True
rules,0,4dce4865fa61145d2a0f2d14658610f4780d3db031f2b9347c594a9c03d964f5,306,406,-200.0,200,0,False,False,True
rules,0,4dce4865fa61145d2a0f2d14658610f4780d3db031f2b9347c594a9c03d964f5,307,307,-200.0,200,0,False,False,True
rules,0,4dce4865fa61145d2a0f2d14658610f4780d3db031f2b9347c594a9c03d964f5,308,308,-2000.0,200,200,False,False,True
rules,0,4dce4865fa61145d2a0f2d14658610f4780d3db031f2b9347c594a9c03d964f5,309,309,-2000.0,200,200,False,False,True
rules,0,4dce4865fa61145d2a0f2d14658610f4780d3db031f2b9347c594a9c03d964f5,311,411,-1991.0,200,199,False,False,True
rules,0,4dce4865fa61145d2a0f2d14658610f4780d3db031f2b9347c594a9c03d964f5,312,312,-200.0,200,0,False,False,True
rules,0,4dce4865fa61145d2a0f2d14658610f4780d3db031f2b9347c594a9c03d964f5,313,213,-200.0,200,0,False,False,True
rules,0,4dce4865fa61145d2a0f2d14658610f4780d3db031f2b9347c594a9c03d964f5,314,314,-200.0,200,0,False,False,True
rules,0,4dce4865fa61145d2a0f2d14658610f4780d3db031f2b9347c594a9c03d964f5,321,341,-200.0,200,0,False,False,True
rules,0,4dce4865fa61145d2a0f2d14658610f4780d3db031f2b9347c594a9c03d964f5,322,342,-200.0,200,0,False,False,True
rules,0,4dce4865fa61145d2a0f2d14658610f4780d3db031f2b9347c594a9c03d964f5,323,343,-200.0,200,0,False,False,True
rules,0,4dce4865fa61145d2a0f2d14658610f4780d3db031f2b9347c594a9c03d964f5,324,344,-200.0,200,0,False,False,True
rules,0,4dce4865fa61145d2a0f2d14658610f4780d3db031f2b9347c594a9c03d964f5,326,346,-200.0,200,0,False,False,True
rules,0,4dce4865fa61145d2a0f2d14658610f4780d3db031f2b9347c594a9c03d964f5,327,347,-200.0,200,0,False,False,True
rules,0,4dce4865fa61145d2a0f2d14658610f4780d3db031f2b9347c594a9c03d964f5,328,348,-1991.0,200,199,False,False,True
rules,0,4dce4865fa61145d2a0f2d14658610f4780d3db031f2b9347c594a9c03d964f5,329,229,-1991.0,200,199,False,False,True
rules,0,4dce4865fa61145d2a0f2d14658610f4780d3db031f2b9347c594a9c03d964f5,331,351,-200.0,200,0,False,False,True
rules,0,4dce4865fa61145d2a0f2d14658610f4780d3db031f2b9347c594a9c03d964f5,332,352,-200.0,200,0,False,False,True
rules,0,4dce4865fa61145d2a0f2d14658610f4780d3db031f2b9347c594a9c03d964f5,333,153,-1973.0,200,197,False,False,True
rules,0,4dce4865fa61145d2a0f2d14658610f4780d3db031f2b9347c594a9c03d964f5,334,334,-200.0,200,0,False,False,True
rules,0,4dce4865fa61145d2a0f2d14658610f4780d3db031f2b9347c594a9c03d964f5,341,341,-200.0,200,0,False,False,True
rules,0,4dce4865fa61145d2a0f2d14658610f4780d3db031f2b9347c594a9c03d964f5,342,342,-200.0,200,0,False,False,True
rules,0,4dce4865fa61145d2a0f2d14658610f4780d3db031f2b9347c594a9c03d964f5,343,343,-200.0,200,0,False,False,True
rules,0,4dce4865fa61145d2a0f2d14658610f4780d3db031f2b9347c594a9c03d964f5,344,344,-200.0,200,0,False,False,True
rules,0,4dce4865fa61145d2a0f2d14658610f4780d3db031f2b9347c594a9c03d964f5,346,346,-200.0,200,0,False,False,True
rules,0,4dce4865fa61145d2a0f2d14658610f4780d3db031f2b9347c594a9c03d964f5,347,347,-200.0,200,0,False,False,True
rules,0,4dce4865fa61145d2a0f2d14658610f4780d3db031f2b9347c594a9c03d964f5,348,348,-2000.0,200,200,False,False,True
rules,0,4dce4865fa61145d2a0f2d14658610f4780d3db031f2b9347c594a9c03d964f5,349,349,-2000.0,200,200,False,False,True
rules,0,4dce4865fa61145d2a0f2d14658610f4780d3db031f2b9347c594a9c03d964f5,351,351,-200.0,200,0,False,False,True
rules,0,4dce4865fa61145d2a0f2d14658610f4780d3db031f2b9347c594a9c03d964f5,352,352,-200.0,200,0,False,False,True
rules,0,4dce4865fa61145d2a0f2d14658610f4780d3db031f2b9347c594a9c03d964f5,353,153,-1982.0,200,198,False,False,True
rules,0,4dce4865fa61145d2a0f2d14658610f4780d3db031f2b9347c594a9c03d964f5,354,154,-1964.0,200,196,False,False,True
rules,0,4dce4865fa61145d2a0f2d14658610f4780d3db031f2b9347c594a9c03d964f5,361,381,-1991.0,200,199,False,False,True
rules,0,4dce4865fa61145d2a0f2d14658610f4780d3db031f2b9347c594a9c03d964f5,362,382,-200.0,200,0,False,False,True
rules,0,4dce4865fa61145d2a0f2d14658610f4780d3db031f2b9347c594a9c03d964f5,363,383,-200.0,200,0,False,False,True
rules,0,4dce4865fa61145d2a0f2d14658610f4780d3db031f2b9347c594a9c03d964f5,364,384,-1991.0,200,199,False,False,True
rules,0,4dce4865fa61145d2a0f2d14658610f4780d3db031f2b9347c594a9c03d964f5,366,386,-200.0,200,0,False,False,True
rules,0,4dce4865fa61145d2a0f2d14658610f4780d3db031f2b9347c594a9c03d964f5,367,387,-200.0,200,0,False,False,True
rules,0,4dce4865fa61145d2a0f2d14658610f4780d3db031f2b9347c594a9c03d964f5,368,368,-2000.0,200,200,False,False,True
rules,0,4dce4865fa61145d2a0f2d14658610f4780d3db031f2b9347c594a9c03d964f5,369,369,-2000.0,200,200,False,False,True
rules,0,4dce4865fa61145d2a0f2d14658610f4780d3db031f2b9347c594a9c03d964f5,371,491,-1982.0,200,198,False,False,True
rules,0,4dce4865fa61145d2a0f2d14658610f4780d3db031f2b9347c594a9c03d964f5,372,392,-200.0,200,0,False,False,True
rules,0,4dce4865fa61145d2a0f2d14658610f4780d3db031f2b9347c594a9c03d964f5,373,173,-1964.0,200,196,False,False,True
rules,0,4dce4865fa61145d2a0f2d14658610f4780d3db031f2b9347c594a9c03d964f5,374,154,-1973.0,200,197,False,False,True
rules,0,4dce4865fa61145d2a0f2d14658610f4780d3db031f2b9347c594a9c03d964f5,381,381,-2000.0,200,200,False,False,True
rules,0,4dce4865fa61145d2a0f2d14658610f4780d3db031f2b9347c594a9c03d964f5,382,382,-200.0,200,0,False,False,True
rules,0,4dce4865fa61145d2a0f2d14658610f4780d3db031f2b9347c594a9c03d964f5,383,383,-200.0,200,0,False,False,True
rules,0,4dce4865fa61145d2a0f2d14658610f4780d3db031f2b9347c594a9c03d964f5,384,384,-2000.0,200,200,False,False,True
rules,0,4dce4865fa61145d2a0f2d14658610f4780d3db031f2b9347c594a9c03d964f5,386,386,-200.0,200,0,False,False,True
rules,0,4dce4865fa61145d2a0f2d14658610f4780d3db031f2b9347c594a9c03d964f5,387,387,-200.0,200,0,False,False,True
rules,0,4dce4865fa61145d2a0f2d14658610f4780d3db031f2b9347c594a9c03d964f5,388,388,-2000.0,200,200,False,False,True
rules,0,4dce4865fa61145d2a0f2d14658610f4780d3db031f2b9347c594a9c03d964f5,389,389,-2000.0,200,200,False,False,True
rules,0,4dce4865fa61145d2a0f2d14658610f4780d3db031f2b9347c594a9c03d964f5,391,491,-1991.0,200,199,False,False,True
rules,0,4dce4865fa61145d2a0f2d14658610f4780d3db031f2b9347c594a9c03d964f5,392,392,-200.0,200,0,False,False,True
rules,0,4dce4865fa61145d2a0f2d14658610f4780d3db031f2b9347c594a9c03d964f5,393,173,-1973.0,200,197,False,False,True
rules,0,4dce4865fa61145d2a0f2d14658610f4780d3db031f2b9347c594a9c03d964f5,394,154,-1964.0,200,196,False,False,True
rules,0,4dce4865fa61145d2a0f2d14658610f4780d3db031f2b9347c594a9c03d964f5,401,401,-2000.0,200,200,False,False,True
rules,0,4dce4865fa61145d2a0f2d14658610f4780d3db031f2b9347c594a9c03d964f5,402,402,-200.0,200,0,False,False,True
rules,0,4dce4865fa61145d2a0f2d14658610f4780d3db031f2b9347c594a9c03d964f5,403,403,-200.0,200,0,False,False,True
rules,0,4dce4865fa61145d2a0f2d14658610f4780d3db031f2b9347c594a9c03d964f5,404,404,-2000.0,200,200,False,False,True
rules,0,4dce4865fa61145d2a0f2d14658610f4780d3db031f2b9347c594a9c03d964f5,406,406,-200.0,200,0,False,False,True
rules,0,4dce4865fa61145d2a0f2d14658610f4780d3db031f2b9347c594a9c03d964f5,407,407,-200.0,200,0,False,False,True
rules,0,4dce4865fa61145d2a0f2d14658610f4780d3db031f2b9347c594a9c03d964f5,408,408,-2000.0,200,200,False,False,True
rules,0,4dce4865fa61145d2a0f2d14658610f4780d3db031f2b9347c594a9c03d964f5,409,409,-2000.0,200,200,False,False,True
rules,0,4dce4865fa61145d2a0f2d14658610f4780d3db031f2b9347c594a9c03d964f5,411,411,-2000.0,200,200,False,False,True
rules,0,4dce4865fa61145d2a0f2d14658610f4780d3db031f2b9347c594a9c03d964f5,412,412,-200.0,200,0,False,False,True
rules,0,4dce4865fa61145d2a0f2d14658610f4780d3db031f2b9347c594a9c03d964f5,413,413,-2000.0,200,200,False,False,True
rules,0,4dce4865fa61145d2a0f2d14658610f4780d3db031f2b9347c594a9c03d964f5,414,414,-200.0,200,0,False,False,True
rules,0,4dce4865fa61145d2a0f2d14658610f4780d3db031f2b9347c594a9c03d964f5,421,421,-200.0,200,0,False,False,True
rules,0,4dce4865fa61145d2a0f2d14658610f4780d3db031f2b9347c594a9c03d964f5,422,422,-200.0,200,0,False,False,True
rules,0,4dce4865fa61145d2a0f2d14658610f4780d3db031f2b9347c594a9c03d964f5,423,443,-200.0,200,0,False,False,True
rules,0,4dce4865fa61145d2a0f2d14658610f4780d3db031f2b9347c594a9c03d964f5,424,444,-200.0,200,0,False,False,True
rules,0,4dce4865fa61145d2a0f2d14658610f4780d3db031f2b9347c594a9c03d964f5,426,426,-200.0,200,0,False,False,True
rules,0,4dce4865fa61145d2a0f2d14658610f4780d3db031f2b9347c594a9c03d964f5,427,447,-200.0,200,0,False,False,True
rules,0,4dce4865fa61145d2a0f2d14658610f4780d3db031f2b9347c594a9c03d964f5,428,428,-2000.0,200,200,False,False,True
rules,0,4dce4865fa61145d2a0f2d14658610f4780d3db031f2b9347c594a9c03d964f5,429,429,-2000.0,200,200,False,False,True
rules,0,4dce4865fa61145d2a0f2d14658610f4780d3db031f2b9347c594a9c03d964f5,431,451,-1991.0,200,199,False,False,True
rules,0,4dce4865fa61145d2a0f2d14658610f4780d3db031f2b9347c594a9c03d964f5,432,452,-200.0,200,0,False,False,True
rules,0,4dce4865fa61145d2a0f2d14658610f4780d3db031f2b9347c594a9c03d964f5,433,433,-200.0,200,0,False,False,True
rules,0,4dce4865fa61145d2a0f2d14658610f4780d3db031f2b9347c594a9c03d964f5,434,434,-200.0,200,0,False,False,True
rules,0,4dce4865fa61145d2a0f2d14658610f4780d3db031f2b9347c594a9c03d964f5,441,441,-200.0,200,0,False,False,True
rules,0,4dce4865fa61145d2a0f2d14658610f4780d3db031f2b9347c594a9c03d964f5,442,442,-200.0,200,0,False,False,True
rules,0,4dce4865fa61145d2a0f2d14658610f4780d3db031f2b9347c594a9c03d964f5,443,443,-200.0,200,0,False,False,True
rules,0,4dce4865fa61145d2a0f2d14658610f4780d3db031f2b9347c594a9c03d964f5,444,444,-200.0,200,0,False,False,True
rules,0,4dce4865fa61145d2a0f2d14658610f4780d3db031f2b9347c594a9c03d964f5,446,446,-200.0,200,0,False,False,True
rules,0,4dce4865fa61145d2a0f2d14658610f4780d3db031f2b9347c594a9c03d964f5,447,447,-200.0,200,0,False,False,True
rules,0,4dce4865fa61145d2a0f2d14658610f4780d3db031f2b9347c594a9c03d964f5,448,448,-2000.0,200,200,False,False,True
rules,0,4dce4865fa61145d2a0f2d14658610f4780d3db031f2b9347c594a9c03d964f5,449,449,-2000.0,200,200,False,False,True
rules,0,4dce4865fa61145d2a0f2d14658610f4780d3db031f2b9347c594a9c03d964f5,451,451,-2000.0,200,200,False,False,True
rules,0,4dce4865fa61145d2a0f2d14658610f4780d3db031f2b9347c594a9c03d964f5,452,452,-200.0,200,0,False,False,True
rules,0,4dce4865fa61145d2a0f2d14658610f4780d3db031f2b9347c594a9c03d964f5,453,453,-2000.0,200,200,False,False,True
rules,0,4dce4865fa61145d2a0f2d14658610f4780d3db031f2b9347c594a9c03d964f5,454,454,-200.0,200,0,False,False,True
rules,0,4dce4865fa61145d2a0f2d14658610f4780d3db031f2b9347c594a9c03d964f5,461,461,-200.0,200,0,False,False,True
rules,0,4dce4865fa61145d2a0f2d14658610f4780d3db031f2b9347c594a9c03d964f5,462,462,-200.0,200,0,False,False,True
rules,0,4dce4865fa61145d2a0f2d14658610f4780d3db031f2b9347c594a9c03d964f5,463,463,-200.0,200,0,False,False,True
rules,0,4dce4865fa61145d2a0f2d14658610f4780d3db031f2b9347c594a9c03d964f5,464,484,-1991.0,200,199,False,False,True
rules,0,4dce4865fa61145d2a0f2d14658610f4780d3db031f2b9347c594a9c03d964f5,466,466,-200.0,200,0,False,False,True
rules,0,4dce4865fa61145d2a0f2d14658610f4780d3db031f2b9347c594a9c03d964f5,467,467,-200.0,200,0,False,False,True
rules,0,4dce4865fa61145d2a0f2d14658610f4780d3db031f2b9347c594a9c03d964f5,468,468,-2000.0,200,200,False,False,True
rules,0,4dce4865fa61145d2a0f2d14658610f4780d3db031f2b9347c594a9c03d964f5,469,469,-2000.0,200,200,False,False,True
rules,0,4dce4865fa61145d2a0f2d14658610f4780d3db031f2b9347c594a9c03d964f5,471,491,-1991.0,200,199,False,False,True
rules,0,4dce4865fa61145d2a0f2d14658610f4780d3db031f2b9347c594a9c03d964f5,472,472,-200.0,200,0,False,False,True
rules,0,4dce4865fa61145d2a0f2d14658610f4780d3db031f2b9347c594a9c03d964f5,473,473,-200.0,200,0,False,False,True
rules,0,4dce4865fa61145d2a0f2d14658610f4780d3db031f2b9347c594a9c03d964f5,474,474,-200.0,200,0,False,False,True
rules,0,4dce4865fa61145d2a0f2d14658610f4780d3db031f2b9347c594a9c03d964f5,481,481,-200.0,200,0,False,False,True
rules,0,4dce4865fa61145d2a0f2d14658610f4780d3db031f2b9347c594a9c03d964f5,482,482,-200.0,200,0,False,False,True
rules,0,4dce4865fa61145d2a0f2d14658610f4780d3db031f2b9347c594a9c03d964f5,483,483,-200.0,200,0,False,False,True
rules,0,4dce4865fa61145d2a0f2d14658610f4780d3db031f2b9347c594a9c03d964f5,484,484,-2000.0,200,200,False,False,True
rules,0,4dce4865fa61145d2a0f2d14658610f4780d3db031f2b9347c594a9c03d964f5,486,486,-200.0,200,0,False,False,True
rules,0,4dce4865fa61145d2a0f2d14658610f4780d3db031f2b9347c594a9c03d964f5,487,487,-200.0,200,0,False,False,True
rules,0,4dce4865fa61145d2a0f2d14658610f4780d3db031f2b9347c594a9c03d964f5,488,488,-2000.0,200,200,False,False,True
rules,0,4dce4865fa61145d2a0f2d14658610f4780d3db031f2b9347c594a9c03d964f5,489,489,-2000.0,200,200,False,False,True
rules,0,4dce4865fa61145d2a0f2d14658610f4780d3db031f2b9347c594a9c03d964f5,491,491,-2000.0,200,200,False,False,True
rules,0,4dce4865fa61145d2a0f2d14658610f4780d3db031f2b9347c594a9c03d964f5,492,492,-200.0,200,0,False,False,True
rules,0,4dce4865fa61145d2a0f2d14658610f4780d3db031f2b9347c594a9c03d964f5,493,473,-200.0,200,0,False,False,True
rules,0,4dce4865fa61145d2a0f2d14658610f4780d3db031f2b9347c594a9c03d964f5,494,474,-200.0,200,0,False,False,True
rules,1,3ea68f0c2d0f8e086d6a00b63222c560528a71c1cd9b1033e4a503d62e5fc3fd,1,1,-200.0,200,0,False,False,True
rules,1,3ea68f0c2d0f8e086d6a00b63222c560528a71c1cd9b1033e4a503d62e5fc3fd,2,2,-200.0,200,0,False,False,True
rules,1,3ea68f0c2d0f8e086d6a00b63222c560528a71c1cd9b1033e4a503d62e5fc3fd,3,3,-200.0,200,0,False,False,True
rules,1,3ea68f0c2d0f8e086d6a00b63222c560528a71c1cd9b1033e4a503d62e5fc3fd,4,204,-1982.0,200,198,False,False,True
rules,1,3ea68f0c2d0f8e086d6a00b63222c560528a71c1cd9b1033e4a503d62e5fc3fd,6,406,-200.0,200,0,False,False,True
rules,1,3ea68f0c2d0f8e086d6a00b63222c560528a71c1cd9b1033e4a503d62e5fc3fd,7,7,-200.0,200,0,False,False,True
rules,1,3ea68f0c2d0f8e086d6a00b63222c560528a71c1cd9b1033e4a503d62e5fc3fd,8,8,-200.0,200,0,False,False,True
rules,1,3ea68f0c2d0f8e086d6a00b63222c560528a71c1cd9b1033e4a503d62e5fc3fd,9,9,-200.0,200,0,False,False,True
rules,1,3ea68f0c2d0f8e086d6a00b63222c560528a71c1cd9b1033e4a503d62e5fc3fd,11,11,-200.0,200,0,False,False,True
rules,1,3ea68f0c2d0f8e086d6a00b63222c560528a71c1cd9b1033e4a503d62e5fc3fd,12,12,-2000.0,200,200,False,False,True
rules,1,3ea68f0c2d0f8e086d6a00b63222c560528a71c1cd9b1033e4a503d62e5fc3fd,13,13,-200.0,200,0,False,False,True
rules,1,3ea68f0c2d0f8e086d6a00b63222c560528a71c1cd9b1033e4a503d62e5fc3fd,14,14,-200.0,200,0,False,False,True
rules,1,3ea68f0c2d0f8e086d6a00b63222c560528a71c1cd9b1033e4a503d62e5fc3fd,21,21,-200.0,200,0,False,False,True
rules,1,3ea68f0c2d0f8e086d6a00b63222c560528a71c1cd9b1033e4a503d62e5fc3fd,22,22,-200.0,200,0,False,False,True
rules,1,3ea68f0c2d0f8e086d6a00b63222c560528a71c1cd9b1033e4a503d62e5fc3fd,23,23,-200.0,200,0,False,False,True
rules,1,3ea68f0c2d0f8e086d6a00b63222c560528a71c1cd9b1033e4a503d62e5fc3fd,24,24,-2000.0,200,200,False,False,True
rules,1,3ea68f0c2d0f8e086d6a00b63222c560528a71c1cd9b1033e4a503d62e5fc3fd,26,226,-1982.0,200,198,False,False,True
rules,1,3ea68f0c2d0f8e086d6a00b63222c560528a71c1cd9b1033e4a503d62e5fc3fd,27,27,-2000.0,200,200,False,False,True
rules,1,3ea68f0c2d0f8e086d6a00b63222c560528a71c1cd9b1033e4a503d62e5fc3fd,28,28,-2000.0,200,200,False,False,True
rules,1,3ea68f0c2d0f8e086d6a00b63222c560528a71c1cd9b1033e4a503d62e5fc3fd,29,29,-2000.0,200,200,False,False,True
rules,1,3ea68f0c2d0f8e086d6a00b63222c560528a71c1cd9b1033e4a503d62e5fc3fd,31,31,-2000.0,200,200,False,False,True
rules,1,3ea68f0c2d0f8e086d6a00b63222c560528a71c1cd9b1033e4a503d62e5fc3fd,32,32,-2000.0,200,200,False,False,True
rules,1,3ea68f0c2d0f8e086d6a00b63222c560528a71c1cd9b1033e4a503d62e5fc3fd,33,33,-200.0,200,0,False,False,True
rules,1,3ea68f0c2d0f8e086d6a00b63222c560528a71c1cd9b1033e4a503d62e5fc3fd,34,34,-200.0,200,0,False,False,True
rules,1,3ea68f0c2d0f8e086d6a00b63222c560528a71c1cd9b1033e4a503d62e5fc3fd,41,481,-200.0,200,0,False,False,True
rules,1,3ea68f0c2d0f8e086d6a00b63222c560528a71c1cd9b1033e4a503d62e5fc3fd,42,482,-200.0,200,0,False,False,True
rules,1,3ea68f0c2d0f8e086d6a00b63222c560528a71c1cd9b1033e4a503d62e5fc3fd,43,283,-1964.0,200,196,False,False,True
rules,1,3ea68f0c2d0f8e086d6a00b63222c560528a71c1cd9b1033e4a503d62e5fc3fd,44,44,-2000.0,200,200,False,False,True
rules,1,3ea68f0c2d0f8e086d6a00b63222c560528a71c1cd9b1033e4a503d62e5fc3fd,46,46,-2000.0,200,200,False,False,True
rules,1,3ea68f0c2d0f8e086d6a00b63222c560528a71c1cd9b1033e4a503d62e5fc3fd,47,47,-2000.0,200,200,False,False,True
rules,1,3ea68f0c2d0f8e086d6a00b63222c560528a71c1cd9b1033e4a503d62e5fc3fd,48,48,-2000.0,200,200,False,False,True
rules,1,3ea68f0c2d0f8e086d6a00b63222c560528a71c1cd9b1033e4a503d62e5fc3fd,49,469,-200.0,200,0,False,False,True
rules,1,3ea68f0c2d0f8e086d6a00b63222c560528a71c1cd9b1033e4a503d62e5fc3fd,51,71,-1991.0,200,199,False,False,True
rules,1,3ea68f0c2d0f8e086d6a00b63222c560528a71c1cd9b1033e4a503d62e5fc3fd,52,52,-2000.0,200,200,False,False,True
rules,1,3ea68f0c2d0f8e086d6a00b63222c560528a71c1cd9b1033e4a503d62e5fc3fd,53,53,-2000.0,200,200,False,False,True
rules,1,3ea68f0c2d0f8e086d6a00b63222c560528a71c1cd9b1033e4a503d62e5fc3fd,54,394,-1955.0,200,195,False,False,True
rules,1,3ea68f0c2d0f8e086d6a00b63222c560528a71c1cd9b1033e4a503d62e5fc3fd,61,481,-200.0,200,0,False,False,True
rules,1,3ea68f0c2d0f8e086d6a00b63222c560528a71c1cd9b1033e4a503d62e5fc3fd,62,482,-200.0,200,0,False,False,True
rules,1,3ea68f0c2d0f8e086d6a00b63222c560528a71c1cd9b1033e4a503d62e5fc3fd,63,283,-1973.0,200,197,False,False,True
rules,1,3ea68f0c2d0f8e086d6a00b63222c560528a71c1cd9b1033e4a503d62e5fc3fd,64,64,-2000.0,200,200,False,False,True
rules,1,3ea68f0c2d0f8e086d6a00b63222c560528a71c1cd9b1033e4a503d62e5fc3fd,66,66,-2000.0,200,200,False,False,True
rules,1,3ea68f0c2d0f8e086d6a00b63222c560528a71c1cd9b1033e4a503d62e5fc3fd,67,67,-2000.0,200,200,False,False,True
rules,1,3ea68f0c2d0f8e086d6a00b63222c560528a71c1cd9b1033e4a503d62e5fc3fd,68,68,-2000.0,200,200,False,False,True
rules,1,3ea68f0c2d0f8e086d6a00b63222c560528a71c1cd9b1033e4a503d62e5fc3fd,69,469,-200.0,200,0,False,False,True
rules,1,3ea68f0c2d0f8e086d6a00b63222c560528a71c1cd9b1033e4a503d62e5fc3fd,71,71,-2000.0,200,200,False,False,True
rules,1,3ea68f0c2d0f8e086d6a00b63222c560528a71c1cd9b1033e4a503d62e5fc3fd,72,72,-2000.0,200,200,False,False,True
rules,1,3ea68f0c2d0f8e086d6a00b63222c560528a71c1cd9b1033e4a503d62e5fc3fd,73,73,-2000.0,200,200,False,False,True
rules,1,3ea68f0c2d0f8e086d6a00b63222c560528a71c1cd9b1033e4a503d62e5fc3fd,74,394,-1964.0,200,196,False,False,True
rules,1,3ea68f0c2d0f8e086d6a00b63222c560528a71c1cd9b1033e4a503d62e5fc3fd,81,481,-200.0,200,0,False,False,True
rules,1,3ea68f0c2d0f8e086d6a00b63222c560528a71c1cd9b1033e4a503d62e5fc3fd,82,482,-200.0,200,0,False,False,True
rules,1,3ea68f0c2d0f8e086d6a00b63222c560528a71c1cd9b1033e4a503d62e5fc3fd,83,283,-1982.0,200,198,False,False,True
rules,1,3ea68f0c2d0f8e086d6a00b63222c560528a71c1cd9b1033e4a503d62e5fc3fd,84,296,-1973.0,200,197,False,False,True
rules,1,3ea68f0c2d0f8e086d6a00b63222c560528a71c1cd9b1033e4a503d62e5fc3fd,86,498,-200.0,200,0,False,False,True
rules,1,3ea68f0c2d0f8e086d6a00b63222c560528a71c1cd9b1033e4a503d62e5fc3fd,87,399,-1964.0,200,196,False,False,True
rules,1,3ea68f0c2d0f8e086d6a00b63222c560528a71c1cd9b1033e4a503d62e5fc3fd,88,88,-2000.0,200,200,False,False,True
rules,1,3ea68f0c2d0f8e086d6a00b63222c560528a71c1cd9b1033e4a503d62e5fc3fd,89,469,-200.0,200,0,False,False,True
rules,1,3ea68f0c2d0f8e086d6a00b63222c560528a71c1cd9b1033e4a503d62e5fc3fd,91,91,-2000.0,200,200,False,False,True
rules,1,3ea68f0c2d0f8e086d6a00b63222c560528a71c1cd9b1033e4a503d62e5fc3fd,92,92,-2000.0,200,200,False,False,True
rules,1,3ea68f0c2d0f8e086d6a00b63222c560528a71c1cd9b1033e4a503d62e5fc3fd,93,293,-1982.0,200,198,False,False,True
rules,1,3ea68f0c2d0f8e086d6a00b63222c560528a71c1cd9b1033e4a503d62e5fc3fd,94,394,-1973.0,200,197,False,False,True
rules,1,3ea68f0c2d0f8e086d6a00b63222c560528a71c1cd9b1033e4a503d62e5fc3fd,101,1,-200.0,200,0,False,False,True
rules,1,3ea68f0c2d0f8e086d6a00b63222c560528a71c1cd9b1033e4a503d62e5fc3fd,102,2,-200.0,200,0,False,False,True
rules,1,3ea68f0c2d0f8e086d6a00b63222c560528a71c1cd9b1033e4a503d62e5fc3fd,103,3,-200.0,200,0,False,False,True
rules,1,3ea68f0c2d0f8e086d6a00b63222c560528a71c1cd9b1033e4a503d62e5fc3fd,104,204,-1991.0,200,199,False,False,True
rules,1,3ea68f0c2d0f8e086d6a00b63222c560528a71c1cd9b1033e4a503d62e5fc3fd,106,306,-200.0,200,0,False,False,True
rules,1,3ea68f0c2d0f8e086d6a00b63222c560528a71c1cd9b1033e4a503d62e5fc3fd,107,107,-200.0,200,0,False,False,True
rules,1,3ea68f0c2d0f8e086d6a00b63222c560528a71c1cd9b1033e4a503d62e5fc3fd,108,108,-2000.0,200,200,False,False,True
rules,1,3ea68f0c2d0f8e086d6a00b63222c560528a71c1cd9b1033e4a503d62e5fc3fd,109,109,-200.0,200,0,False,False,True
rules,1,3ea68f0c2d0f8e086d6a00b63222c560528a71c1cd9b1033e4a503d62e5fc3fd,111,111,-2000.0,200,200,False,False,True
rules,1,3ea68f0c2d0f8e086d6a00b63222c560528a71c1cd9b1033e4a503d62e5fc3fd,112,212,-1991.0,200,199,False,False,True
rules,1,3ea68f0c2d0f8e086d6a00b63222c560528a71c1cd9b1033e4a503d62e5fc3fd,113,13,-200.0,200,0,False,False,True
rules,1,3ea68f0c2d0f8e086d6a00b63222c560528a71c1cd9b1033e4a503d62e5fc3fd,114,414,-200.0,200,0,False,False,True
rules,1,3ea68f0c2d0f8e086d6a00b63222c560528a71c1cd9b1033e4a503d62e5fc3fd,121,121,-200.0,200,0,False,False,True
rules,1,3ea68f0c2d0f8e086d6a00b63222c560528a71c1cd9b1033e4a503d62e5fc3fd,122,122,-200.0,200,0,False,False,True
rules,1,3ea68f0c2d0f8e086d6a00b63222c560528a71c1cd9b1033e4a503d62e5fc3fd,123,123,-200.0,200,0,False,False,True
rules,1,3ea68f0c2d0f8e086d6a00b63222c560528a71c1cd9b1033e4a503d62e5fc3fd,124,224,-1991.0,200,199,False,False,True
rules,1,3ea68f0c2d0f8e086d6a00b63222c560528a71c1cd9b1033e4a503d62e5fc3fd,126,226,-1991.0,200,199,False,False,True
rules,1,3ea68f0c2d0f8e086d6a00b63222c560528a71c1cd9b1033e4a503d62e5fc3fd,127,227,-1991.0,200,199,False,False,True
rules,1,3ea68f0c2d0f8e086d6a00b63222c560528a71c1cd9b1033e4a503d62e5fc3fd,128,128,-2000.0,200,200,False,False,True
rules,1,3ea68f0c2d0f8e086d6a00b63222c560528a71c1cd9b1033e4a503d62e5fc3fd,129,129,-2000.0,200,200,False,False,True
rules,1,3ea68f0c2d0f8e086d6a00b63222c560528a71c1cd9b1033e4a503d62e5fc3fd,131,131,-2000.0,200,200,False,False,True
rules,1,3ea68f0c2d0f8e086d6a00b63222c560528a71c1cd9b1033e4a503d62e5fc3fd,132,132,-2000.0,200,200,False,False,True
rules,1,3ea68f0c2d0f8e086d6a00b63222c560528a71c1cd9b1033e4a503d62e5fc3fd,133,133,-2000.0,200,200,False,False,True
rules,1,3ea68f0c2d0f8e086d6a00b63222c560528a71c1cd9b1033e4a503d62e5fc3fd,134,134,-2000.0,200,200,False,False,True
rules,1,3ea68f0c2d0f8e086d6a00b63222c560528a71c1cd9b1033e4a503d62e5fc3fd,141,481,-200.0,200,0,False,False,True
rules,1,3ea68f0c2d0f8e086d6a00b63222c560528a71c1cd9b1033e4a503d62e5fc3fd,142,482,-200.0,200,0,False,False,True
rules,1,3ea68f0c2d0f8e086d6a00b63222c560528a71c1cd9b1033e4a503d62e5fc3fd,143,283,-1973.0,200,197,False,False,True
rules,1,3ea68f0c2d0f8e086d6a00b63222c560528a71c1cd9b1033e4a503d62e5fc3fd,144,244,-1991.0,200,199,False,False,True
rules,1,3ea68f0c2d0f8e086d6a00b63222c560528a71c1cd9b1033e4a503d62e5fc3fd,146,246,-1991.0,200,199,False,False,True
rules,1,3ea68f0c2d0f8e086d6a00b63222c560528a71c1cd9b1033e4a503d62e5fc3fd,147,247,-1991.0,200,199,False,False,True
rules,1,3ea68f0c2d0f8e086d6a00b63222c560528a71c1cd9b1033e4a503d62e5fc3fd,148,148,-2000.0,200,200,False,False,True
rules,1,3ea68f0c2d0f8e086d6a00b63222c560528a71c1cd9b1033e4a503d62e5fc3fd,149,149,-2000.0,200,200,False,False,True
rules,1,3ea68f0c2d0f8e086d6a00b63222c560528a71c1cd9b1033e4a503d62e5fc3fd,151,151,-2000.0,200,200,False,False,True
rules,1,3ea68f0c2d0f8e086d6a00b63222c560528a71c1cd9b1033e4a503d62e5fc3fd,152,152,-2000.0,200,200,False,False,True
rules,1,3ea68f0c2d0f8e086d6a00b63222c560528a71c1cd9b1033e4a503d62e5fc3fd,153,273,-1982.0,200,198,False,False,True
rules,1,3ea68f0c2d0f8e086d6a00b63222c560528a71c1cd9b1033e4a503d62e5fc3fd,154,274,-1982.0,200,198,False,False,True
rules,1,3ea68f0c2d0f8e086d6a00b63222c560528a71c1cd9b1033e4a503d62e5fc3fd,161,481,-200.0,200,0,False,False,True
rules,1,3ea68f0c2d0f8e086d6a00b63222c560528a71c1cd9b1033e4a503d62e5fc3fd,162,482,-200.0,200,0,False,False,True
rules,1,3ea68f0c2d0f8e086d6a00b63222c560528a71c1cd9b1033e4a503d62e5fc3fd,163,283,-1982.0,200,198,False,False,True
rules,1,3ea68f0c2d0f8e086d6a00b63222c560528a71c1cd9b1033e4a503d62e5fc3fd,164,164,-2000.0,200,200,False,False,True
rules,1,3ea68f0c2d0f8e086d6a00b63222c560528a71c1cd9b1033e4a503d62e5fc3fd,166,66,-1991.0,200,199,False,False,True
rules,1,3ea68f0c2d0f8e086d6a00b63222c560528a71c1cd9b1033e4a503d62e5fc3fd,167,67,-1991.0,200,199,False,False,True
rules,1,3ea68f0c2d0f8e086d6a00b63222c560528a71c1cd9b1033e4a503d62e5fc3fd,168,168,-2000.0,200,200,False,False,True
rules,1,3ea68f0c2d0f8e086d6a00b63222c560528a71c1cd9b1033e4a503d62e5fc3fd,169,169,-2000.0,200,200,False,False,True
rules,1,3ea68f0c2d0f8e086d6a00b63222c560528a71c1cd9b1033e4a503d62e5fc3fd,171,171,-2000.0,200,200,False,False,True
rules,1,3ea68f0c2d0f8e086d6a00b63222c560528a71c1cd9b1033e4a503d62e5fc3fd,172,272,-1991.0,200,199,False,False,True
rules,1,3ea68f0c2d0f8e086d6a00b63222c560528a71c1cd9b1033e4a503d62e5fc3fd,173,273,-1991.0,200,199,False,False,True
rules,1,3ea68f0c2d0f8e086d6a00b63222c560528a71c1cd9b1033e4a503d62e5fc3fd,174,274,-1991.0,200,199,False,False,True
rules,1,3ea68f0c2d0f8e086d6a00b63222c560528a71c1cd9b1033e4a503d62e5fc3fd,181,481,-200.0,200,0,False,False,True
rules,1,3ea68f0c2d0f8e086d6a00b63222c560528a71c1cd9b1033e4a503d62e5fc3fd,182,482,-200.0,200,0,False,False,True
rules,1,3ea68f0c2d0f8e086d6a00b63222c560528a71c1cd9b1033e4a503d62e5fc3fd,183,283,-1991.0,200,199,False,False,True
rules,1,3ea68f0c2d0f8e086d6a00b63222c560528a71c1cd9b1033e4a503d62e5fc3fd,184,284,-1991.0,200,199,False,False,True
rules,1,3ea68f0c2d0f8e086d6a00b63222c560528a71c1cd9b1033e4a503d62e5fc3fd,186,286,-1991.0,200,199,False,False,True
rules,1,3ea68f0c2d0f8e086d6a00b63222c560528a71c1cd9b1033e4a503d62e5fc3fd,187,287,-1991.0,200,199,False,False,True
rules,1,3ea68f0c2d0f8e086d6a00b63222c560528a71c1cd9b1033e4a503d62e5fc3fd,188,488,-200.0,200,0,False,False,True
rules,1,3ea68f0c2d0f8e086d6a00b63222c560528a71c1cd9b1033e4a503d62e5fc3fd,189,469,-200.0,200,0,False,False,True
rules,1,3ea68f0c2d0f8e086d6a00b63222c560528a71c1cd9b1033e4a503d62e5fc3fd,191,191,-2000.0,200,200,False,False,True
rules,1,3ea68f0c2d0f8e086d6a00b63222c560528a71c1cd9b1033e4a503d62e5fc3fd,192,292,-1991.0,200,199,False,False,True
rules,1,3ea68f0c2d0f8e086d6a00b63222c560528a71c1cd9b1033e4a503d62e5fc3fd,193,293,-1991.0,200,199,False,False,True
rules,1,3ea68f0c2d0f8e086d6a00b63222c560528a71c1cd9b1033e4a503d62e5fc3fd,194,394,-1982.0,200,198,False,False,True
rules,1,3ea68f0c2d0f8e086d6a00b63222c560528a71c1cd9b1033e4a503d62e5fc3fd,201,201,-200.0,200,0,False,False,True
rules,1,3ea68f0c2d0f8e086d6a00b63222c560528a71c1cd9b1033e4a503d62e5fc3fd,202,202,-200.0,200,0,False,False,True
rules,1,3ea68f0c2d0f8e086d6a00b63222c560528a71c1cd9b1033e4a503d62e5fc3fd,203,203,-2000.0,200,200,False,False,True
rules,1,3ea68f0c2d0f8e086d6a00b63222c560528a71c1cd9b1033e4a503d62e5fc3fd,204,204,-2000.0,200,200,False,False,True
rules,1,3ea68f0c2d0f8e086d6a00b63222c560528a71c1cd9b1033e4a503d62e5fc3fd,206,406,-200.0,200,0,False,False,True
rules,1,3ea68f0c2d0f8e086d6a00b63222c560528a71c1cd9b1033e4a503d62e5fc3fd,207,407,-200.0,200,0,False,False,True
rules,1,3ea68f0c2d0f8e086d6a00b63222c560528a71c1cd9b1033e4a503d62e5fc3fd,208,208,-2000.0,200,200,False,False,True
rules,1,3ea68f0c2d0f8e086d6a00b63222c560528a71c1cd9b1033e4a503d62e5fc3fd,209,209,-200.0,200,0,False,False,True
rules,1,3ea68f0c2d0f8e086d6a00b63222c560528a71c1cd9b1033e4a503d62e5fc3fd,211,211,-200.0,200,0,False,False,True
rules,1,3ea68f0c2d0f8e086d6a00b63222c560528a71c1cd9b1033e4a503d62e5fc3fd,212,212,-2000.0,200,200,False,False,True
rules,1,3ea68f0c2d0f8e086d6a00b63222c560528a71c1cd9b1033e4a503d62e5fc3fd,213,213,-2000.0,200,200,False,False,True
rules,1,3ea68f0c2d0f8e086d6a00b63222c560528a71c1cd9b1033e4a503d62e5fc3fd,214,414,-200.0,200,0,False,False,True
rules,1,3ea68f0c2d0f8e086d6a00b63222c560528a71c1cd9b1033e4a503d62e5fc3fd,221,221,-2000.0,200,200,False,False,True
rules,1,3ea68f0c2d0f8e086d6a00b63222c560528a71c1cd9b1033e4a503d62e5fc3fd,222,222,-2000.0,200,200,False,False,True
rules,1,3ea68f0c2d0f8e086d6a00b63222c560528a71c1cd9b1033e4a503d62e5fc3fd,223,223,-2000.0,200,200,False,False,True
rules,1,3ea68f0c2d0f8e086d6a00b63222c560528a71c1cd9b1033e4a503d62e5fc3fd,224,224,-2000.0,200,200,False,False,True
rules,1,3ea68f0c2d0f8e086d6a00b63222c560528a71c1cd9b1033e4a503d62e5fc3fd,226,226,-2000.0,200,200,False,False,True
rules,1,3ea68f0c2d0f8e086d6a00b63222c560528a71c1cd9b1033e4a503d62e5fc3fd,227,227,-2000.0,200,200,False,False,True
rules,1,3ea68f0c2d0f8e086d6a00b63222c560528a71c1cd9b1033e4a503d62e5fc3fd,228,228,-2000.0,200,200,False,False,True
rules,1,3ea68f0c2d0f8e086d6a00b63222c560528a71c1cd9b1033e4a503d62e5fc3fd,229,229,-2000.0,200,200,False,False,True
rules,1,3ea68f0c2d0f8e086d6a00b63222c560528a71c1cd9b1033e4a503d62e5fc3fd,231,231,-2000.0,200,200,False,False,True
rules,1,3ea68f0c2d0f8e086d6a00b63222c560528a71c1cd9b1033e4a503d62e5fc3fd,232,232,-2000.0,200,200,False,False,True
rules,1,3ea68f0c2d0f8e086d6a00b63222c560528a71c1cd9b1033e4a503d62e5fc3fd,233,233,-2000.0,200,200,False,False,True
rules,1,3ea68f0c2d0f8e086d6a00b63222c560528a71c1cd9b1033e4a503d62e5fc3fd,234,234,-2000.0,200,200,False,False,True
rules,1,3ea68f0c2d0f8e086d6a00b63222c560528a71c1cd9b1033e4a503d62e5fc3fd,241,241,-2000.0,200,200,False,False,True
rules,1,3ea68f0c2d0f8e086d6a00b63222c560528a71c1cd9b1033e4a503d62e5fc3fd,242,242,-2000.0,200,200,False,False,True
rules,1,3ea68f0c2d0f8e086d6a00b63222c560528a71c1cd9b1033e4a503d62e5fc3fd,243,243,-2000.0,200,200,False,False,True
rules,1,3ea68f0c2d0f8e086d6a00b63222c560528a71c1cd9b1033e4a503d62e5fc3fd,244,244,-2000.0,200,200,False,False,True
rules,1,3ea68f0c2d0f8e086d6a00b63222c560528a71c1cd9b1033e4a503d62e5fc3fd,246,246,-2000.0,200,200,False,False,True
rules,1,3ea68f0c2d0f8e086d6a00b63222c560528a71c1cd9b1033e4a503d62e5fc3fd,247,247,-2000.0,200,200,False,False,True
rules,1,3ea68f0c2d0f8e086d6a00b63222c560528a71c1cd9b1033e4a503d62e5fc3fd,248,248,-2000.0,200,200,False,False,True
rules,1,3ea68f0c2d0f8e086d6a00b63222c560528a71c1cd9b1033e4a503d62e5fc3fd,249,249,-2000.0,200,200,False,False,True
rules,1,3ea68f0c2d0f8e086d6a00b63222c560528a71c1cd9b1033e4a503d62e5fc3fd,251,251,-2000.0,200,200,False,False,True
rules,1,3ea68f0c2d0f8e086d6a00b63222c560528a71c1cd9b1033e4a503d62e5fc3fd,252,252,-2000.0,200,200,False,False,True
rules,1,3ea68f0c2d0f8e086d6a00b63222c560528a71c1cd9b1033e4a503d62e5fc3fd,253,253,-2000.0,200,200,False,False,True
rules,1,3ea68f0c2d0f8e086d6a00b63222c560528a71c1cd9b1033e4a503d62e5fc3fd,254,254,-2000.0,200,200,False,False,True
rules,1,3ea68f0c2d0f8e086d6a00b63222c560528a71c1cd9b1033e4a503d62e5fc3fd,261,261,-2000.0,200,200,False,False,True
rules,1,3ea68f0c2d0f8e086d6a00b63222c560528a71c1cd9b1033e4a503d62e5fc3fd,262,262,-2000.0,200,200,False,False,True
rules,1,3ea68f0c2d0f8e086d6a00b63222c560528a71c1cd9b1033e4a503d62e5fc3fd,263,263,-2000.0,200,200,False,False,True
rules,1,3ea68f0c2d0f8e086d6a00b63222c560528a71c1cd9b1033e4a503d62e5fc3fd,264,264,-2000.0,200,200,False,False,True
rules,1,3ea68f0c2d0f8e086d6a00b63222c560528a71c1cd9b1033e4a503d62e5fc3fd,266,466,-200.0,200,0,False,False,True
rules,1,3ea68f0c2d0f8e086d6a00b63222c560528a71c1cd9b1033e4a503d62e5fc3fd,267,267,-2000.0,200,200,False,False,True
rules,1,3ea68f0c2d0f8e086d6a00b63222c560528a71c1cd9b1033e4a503d62e5fc3fd,268,268,-2000.0,200,200,False,False,True
rules,1,3ea68f0c2d0f8e086d6a00b63222c560528a71c1cd9b1033e4a503d62e5fc3fd,269,269,-2000.0,200,200,False,False,True
rules,1,3ea68f0c2d0f8e086d6a00b63222c560528a71c1cd9b1033e4a503d62e5fc3fd,271,271,-2000.0,200,200,False,False,True
rules,1,3ea68f0c2d0f8e086d6a00b63222c560528a71c1cd9b1033e4a503d62e5fc3fd,272,272,-2000.0,200,200,False,False,True
rules,1,3ea68f0c2d0f8e086d6a00b63222c560528a71c1cd9b1033e4a503d62e5fc3fd,273,273,-2000.0,200,200,False,False,True
rules,1,3ea68f0c2d0f8e086d6a00b63222c560528a71c1cd9b1033e4a503d62e5fc3fd,274,274,-2000.0,200,200,False,False,True
rules,1,3ea68f0c2d0f8e086d6a00b63222c560528a71c1cd9b1033e4a503d62e5fc3fd,281,481,-200.0,200,0,False,False,True
rules,1,3ea68f0c2d0f8e086d6a00b63222c560528a71c1cd9b1033e4a503d62e5fc3fd,282,482,-200.0,200,0,False,False,True
rules,1,3ea68f0c2d0f8e086d6a00b63222c560528a71c1cd9b1033e4a503d62e5fc3fd,283,283,-2000.0,200,200,False,False,True
rules,1,3ea68f0c2d0f8e086d6a00b63222c560528a71c1cd9b1033e4a503d62e5fc3fd,284,284,-2000.0,200,200,False,False,True
rules,1,3ea68f0c2d0f8e086d6a00b63222c560528a71c1cd9b1033e4a503d62e5fc3fd,286,286,-2000.0,200,200,False,False,True
rules,1,3ea68f0c2d0f8e086d6a00b63222c560528a71c1cd9b1033e4a503d62e5fc3fd,287,287,-2000.0,200,200,False,False,True
rules,1,3ea68f0c2d0f8e086d6a00b63222c560528a71c1cd9b1033e4a503d62e5fc3fd,288,488,-200.0,200,0,False,False,True
rules,1,3ea68f0c2d0f8e086d6a00b63222c560528a71c1cd9b1033e4a503d62e5fc3fd,289,469,-200.0,200,0,False,False,True
rules,1,3ea68f0c2d0f8e086d6a00b63222c560528a71c1cd9b1033e4a503d62e5fc3fd,291,391,-1991.0,200,199,False,False,True
rules,1,3ea68f0c2d0f8e086d6a00b63222c560528a71c1cd9b1033e4a503d62e5fc3fd,292,292,-2000.0,200,200,False,False,True
rules,1,3ea68f0c2d0f8e086d6a00b63222c560528a71c1cd9b1033e4a503d62e5fc3fd,293,293,-2000.0,200,200,False,False,True
rules,1,3ea68f0c2d0f8e086d6a00b63222c560528a71c1cd9b1033e4a503d62e5fc3fd,294,394,-1991.0,200,199,False,False,True
rules,1,3ea68f0c2d0f8e086d6a00b63222c560528a71c1cd9b1033e4a503d62e5fc3fd,301,301,-200.0,200,0,False,False,True
rules,1,3ea68f0c2d0f8e086d6a00b63222c560528a71c1cd9b1033e4a503d62e5fc3fd,302,302,-200.0,200,0,False,False,True
rules,1,3ea68f0c2d0f8e086d6a00b63222c560528a71c1cd9b1033e4a503d62e5fc3fd,303,303,-200.0,200,0,False,False,True
rules,1,3ea68f0c2d0f8e086d6a00b63222c560528a71c1cd9b1033e4a503d62e5fc3fd,304,404,-1991.0,200,199,False,False,True
rules,1,3ea68f0c2d0f8e086d6a00b63222c560528a71c1cd9b1033e4a503d62e5fc3fd,306,306,-200.0,200,0,False,False,True
rules,1,3ea68f0c2d0f8e086d6a00b63222c560528a71c1cd9b1033e4a503d62e5fc3fd,307,307,-200.0,200,0,False,False,True
rules,1,3ea68f0c2d0f8e086d6a00b63222c560528a71c1cd9b1033e4a503d62e5fc3fd,308,308,-2000.0,200,200,False,False,True
rules,1,3ea68f0c2d0f8e086d6a00b63222c560528a71c1cd9b1033e4a503d62e5fc3fd,309,309,-200.0,200,0,False,False,True
rules,1,3ea68f0c2d0f8e086d6a00b63222c560528a71c1cd9b1033e4a503d62e5fc3fd,311,311,-200.0,200,0,False,False,True
rules,1,3ea68f0c2d0f8e086d6a00b63222c560528a71c1cd9b1033e4a503d62e5fc3fd,312,312,-2000.0,200,200,False,False,True
rules,1,3ea68f0c2d0f8e086d6a00b63222c560528a71c1cd9b1033e4a503d62e5fc3fd,313,413,-200.0,200,0,False,False,True
rules,1,3ea68f0c2d0f8e086d6a00b63222c560528a71c1cd9b1033e4a503d62e5fc3fd,314,414,-200.0,200,0,False,False,True
rules,1,3ea68f0c2d0f8e086d6a00b63222c560528a71c1cd9b1033e4a503d62e5fc3fd,321,341,-1991.0,200,199,False,False,True
rules,1,3ea68f0c2d0f8e086d6a00b63222c560528a71c1cd9b1033e4a503d62e5fc3fd,322,342,-200.0,200,0,False,False,True
rules,1,3ea68f0c2d0f8e086d6a00b63222c560528a71c1cd9b1033e4a503d62e5fc3fd,323,343,-200.0,200,0,False,False,True
rules,1,3ea68f0c2d0f8e086d6a00b63222c560528a71c1cd9b1033e4a503d62e5fc3fd,324,324,-2000.0,200,200,False,False,True
rules,1,3ea68f0c2d0f8e086d6a00b63222c560528a71c1cd9b1033e4a503d62e5fc3fd,326,326,-2000.0,200,200,False,False,True
rules,1,3ea68f0c2d0f8e086d6a00b63222c560528a71c1cd9b1033e4a503d62e5fc3fd,327,327,-2000.0,200,200,False,False,True
rules,1,3ea68f0c2d0f8e086d6a00b63222c560528a71c1cd9b1033e4a503d62e5fc3fd,328,328,-2000.0,200,200,False,False,True
rules,1,3ea68f0c2d0f8e086d6a00b63222c560528a71c1cd9b1033e4a503d62e5fc3fd,329,329,-2000.0,200,200,False,False,True
rules,1,3ea68f0c2d0f8e086d6a00b63222c560528a71c1cd9b1033e4a503d62e5fc3fd,331,331,-2000.0,200,200,False,False,True
rules,1,3ea68f0c2d0f8e086d6a00b63222c560528a71c1cd9b1033e4a503d62e5fc3fd,332,332,-2000.0,200,200,False,False,True
rules,1,3ea68f0c2d0f8e086d6a00b63222c560528a71c1cd9b1033e4a503d62e5fc3fd,333,333,-2000.0,200,200,False,False,True
rules,1,3ea68f0c2d0f8e086d6a00b63222c560528a71c1cd9b1033e4a503d62e5fc3fd,334,334,-2000.0,200,200,False,False,True
rules,1,3ea68f0c2d0f8e086d6a00b63222c560528a71c1cd9b1033e4a503d62e5fc3fd,341,341,-2000.0,200,200,False,False,True
rules,1,3ea68f0c2d0f8e086d6a00b63222c560528a71c1cd9b1033e4a503d62e5fc3fd,342,342,-200.0,200,0,False,False,True
rules,1,3ea68f0c2d0f8e086d6a00b63222c560528a71c1cd9b1033e4a503d62e5fc3fd,343,343,-200.0,200,0,False,False,True
rules,1,3ea68f0c2d0f8e086d6a00b63222c560528a71c1cd9b1033e4a503d62e5fc3fd,344,344,-2000.0,200,200,False,False,True
rules,1,3ea68f0c2d0f8e086d6a00b63222c560528a71c1cd9b1033e4a503d62e5fc3fd,346,346,-2000.0,200,200,False,False,True
rules,1,3ea68f0c2d0f8e086d6a00b63222c560528a71c1cd9b1033e4a503d62e5fc3fd,347,347,-2000.0,200,200,False,False,True
rules,1,3ea68f0c2d0f8e086d6a00b63222c560528a71c1cd9b1033e4a503d62e5fc3fd,348,348,-2000.0,200,200,False,False,True
rules,1,3ea68f0c2d0f8e086d6a00b63222c560528a71c1cd9b1033e4a503d62e5fc3fd,349,329,-1991.0,200,199,False,False,True
rules,1,3ea68f0c2d0f8e086d6a00b63222c560528a71c1cd9b1033e4a503d62e5fc3fd,351,351,-2000.0,200,200,False,False,True
rules,1,3ea68f0c2d0f8e086d6a00b63222c560528a71c1cd9b1033e4a503d62e5fc3fd,352,352,-2000.0,200,200,False,False,True
rules,1,3ea68f0c2d0f8e086d6a00b63222c560528a71c1cd9b1033e4a503d62e5fc3fd,353,353,-2000.0,200,200,False,False,True
rules,1,3ea68f0c2d0f8e086d6a00b63222c560528a71c1cd9b1033e4a503d62e5fc3fd,354,354,-2000.0,200,200,False,False,True
rules,1,3ea68f0c2d0f8e086d6a00b63222c560528a71c1cd9b1033e4a503d62e5fc3fd,361,481,-200.0,200,0,False,False,True
rules,1,3ea68f0c2d0f8e086d6a00b63222c560528a71c1cd9b1033e4a503d62e5fc3fd,362,482,-200.0,200,0,False,False,True
rules,1,3ea68f0c2d0f8e086d6a00b63222c560528a71c1cd9b1033e4a503d62e5fc3fd,363,483,-200.0,200,0,False,False,True
rules,1,3ea68f0c2d0f8e086d6a00b63222c560528a71c1cd9b1033e4a503d62e5fc3fd,364,364,-2000.0,200,200,False,False,True
rules,1,3ea68f0c2d0f8e086d6a00b63222c560528a71c1cd9b1033e4a503d62e5fc3fd,366,466,-200.0,200,0,False,False,True
rules,1,3ea68f0c2d0f8e086d6a00b63222c560528a71c1cd9b1033e4a503d62e5fc3fd,367,467,-200.0,200,0,False,False,True
rules,1,3ea68f0c2d0f8e086d6a00b63222c560528a71c1cd9b1033e4a503d62e5fc3fd,368,368,-2000.0,200,200,False,False,True
rules,1,3ea68f0c2d0f8e086d6a00b63222c560528a71c1cd9b1033e4a503d62e5fc3fd,369,369,-2000.0,200,200,False,False,True
rules,1,3ea68f0c2d0f8e086d6a00b63222c560528a71c1cd9b1033e4a503d62e5fc3fd,371,371,-2000.0,200,200,False,False,True
rules,1,3ea68f0c2d0f8e086d6a00b63222c560528a71c1cd9b1033e4a503d62e5fc3fd,372,372,-2000.0,200,200,False,False,True
rules,1,3ea68f0c2d0f8e086d6a00b63222c560528a71c1cd9b1033e4a503d62e5fc3fd,373,373,-2000.0,200,200,False,False,True
rules,1,3ea68f0c2d0f8e086d6a00b63222c560528a71c1cd9b1033e4a503d62e5fc3fd,374,374,-2000.0,200,200,False,False,True
rules,1,3ea68f0c2d0f8e086d6a00b63222c560528a71c1cd9b1033e4a503d62e5fc3fd,381,481,-200.0,200,0,False,False,True
rules,1,3ea68f0c2d0f8e086d6a00b63222c560528a71c1cd9b1033e4a503d62e5fc3fd,382,482,-200.0,200,0,False,False,True
rules,1,3ea68f0c2d0f8e086d6a00b63222c560528a71c1cd9b1033e4a503d62e5fc3fd,383,483,-200.0,200,0,False,False,True
rules,1,3ea68f0c2d0f8e086d6a00b63222c560528a71c1cd9b1033e4a503d62e5fc3fd,384,484,-1991.0,200,199,False,False,True
rules,1,3ea68f0c2d0f8e086d6a00b63222c560528a71c1cd9b1033e4a503d62e5fc3fd,386,486,-200.0,200,0,False,False,True
rules,1,3ea68f0c2d0f8e086d6a00b63222c560528a71c1cd9b1033e4a503d62e5fc3fd,387,487,-200.0,200,0,False,False,True
rules,1,3ea68f0c2d0f8e086d6a00b63222c560528a71c1cd9b1033e4a503d62e5fc3fd,388,488,-200.0,200,0,False,False,True
rules,1,3ea68f0c2d0f8e086d6a00b63222c560528a71c1cd9b1033e4a503d62e5fc3fd,389,469,-200.0,200,0,False,False,True
rules,1,3ea68f0c2d0f8e086d6a00b63222c560528a71c1cd9b1033e4a503d62e5fc3fd,391,391,-2000.0,200,200,False,False,True
rules,1,3ea68f0c2d0f8e086d6a00b63222c560528a71c1cd9b1033e4a503d62e5fc3fd,392,392,-2000.0,200,200,False,False,True
rules,1,3ea68f0c2d0f8e086d6a00b63222c560528a71c1cd9b1033e4a503d62e5fc3fd,393,393,-2000.0,200,200,False,False,True
rules,1,3ea68f0c2d0f8e086d6a00b63222c560528a71c1cd9b1033e4a503d62e5fc3fd,394,394,-2000.0,200,200,False,False,True
rules,1,3ea68f0c2d0f8e086d6a00b63222c560528a71c1cd9b1033e4a503d62e5fc3fd,401,401,-200.0,200,0,False,False,True
rules,1,3ea68f0c2d0f8e086d6a00b63222c560528a71c1cd9b1033e4a503d62e5fc3fd,402,402,-200.0,200,0,False,False,True
rules,1,3ea68f0c2d0f8e086d6a00b63222c560528a71c1cd9b1033e4a503d62e5fc3fd,403,303,-200.0,200,0,False,False,True
rules,1,3ea68f0c2d0f8e086d6a00b63222c560528a71c1cd9b1033e4a503d62e5fc3fd,404,404,-2000.0,200,200,False,False,True
rules,1,3ea68f0c2d0f8e086d6a00b63222c560528a71c1cd9b1033e4a503d62e5fc3fd,406,406,-200.0,200,0,False,False,True
rules,1,3ea68f0c2d0f8e086d6a00b63222c560528a71c1cd9b1033e4a503d62e5fc3fd,407,407,-200.0,200,0,False,False,True
rules,1,3ea68f0c2d0f8e086d6a00b63222c560528a71c1cd9b1033e4a503d62e5fc3fd,408,408,-200.0,200,0,False,False,True
rules,1,3ea68f0c2d0f8e086d6a00b63222c560528a71c1cd9b1033e4a503d62e5fc3fd,409,409,-200.0,200,0,False,False,True
rules,1,3ea68f0c2d0f8e086d6a00b63222c560528a71c1cd9b1033e4a503d62e5fc3fd,411,411,-200.0,200,0,False,False,True
rules,1,3ea68f0c2d0f8e086d6a00b63222c560528a71c1cd9b1033e4a503d62e5fc3fd,412,412,-200.0,200,0,False,False,True
rules,1,3ea68f0c2d0f8e086d6a00b63222c560528a71c1cd9b1033e4a503d62e5fc3fd,413,413,-200.0,200,0,False,False,True
rules,1,3ea68f0c2d0f8e086d6a00b63222c560528a71c1cd9b1033e4a503d62e5fc3fd,414,414,-200.0,200,0,False,False,True
rules,1,3ea68f0c2d0f8e086d6a00b63222c560528a71c1cd9b1033e4a503d62e5fc3fd,421,441,-200.0,200,0,False,False,True
rules,1,3ea68f0c2d0f8e086d6a00b63222c560528a71c1cd9b1033e4a503d62e5fc3fd,422,442,-200.0,200,0,False,False,True
rules,1,3ea68f0c2d0f8e086d6a00b63222c560528a71c1cd9b1033e4a503d62e5fc3fd,423,443,-200.0,200,0,False,False,True
rules,1,3ea68f0c2d0f8e086d6a00b63222c560528a71c1cd9b1033e4a503d62e5fc3fd,424,424,-2000.0,200,200,False,False,True
rules,1,3ea68f0c2d0f8e086d6a00b63222c560528a71c1cd9b1033e4a503d62e5fc3fd,426,446,-1991.0,200,199,False,False,True
rules,1,3ea68f0c2d0f8e086d6a00b63222c560528a71c1cd9b1033e4a503d62e5fc3fd,427,427,-2000.0,200,200,False,False,True
rules,1,3ea68f0c2d0f8e086d6a00b63222c560528a71c1cd9b1033e4a503d62e5fc3fd,428,428,-2000.0,200,200,False,False,True
rules,1,3ea68f0c2d0f8e086d6a00b63222c560528a71c1cd9b1033e4a503d62e5fc3fd,429,429,-200.0,200,0,False,False,True
rules,1,3ea68f0c2d0f8e086d6a00b63222c560528a71c1cd9b1033e4a503d62e5fc3fd,431,431,-200.0,200,0,False,False,True
rules,1,3ea68f0c2d0f8e086d6a00b63222c560528a71c1cd9b1033e4a503d62e5fc3fd,432,432,-2000.0,200,200,False,False,True
rules,1,3ea68f0c2d0f8e086d6a00b63222c560528a71c1cd9b1033e4a503d62e5fc3fd,433,433,-2000.0,200,200,False,False,True
rules,1,3ea68f0c2d0f8e086d6a00b63222c560528a71c1cd9b1033e4a503d62e5fc3fd,434,434,-2000.0,200,200,False,False,True
rules,1,3ea68f0c2d0f8e086d6a00b63222c560528a71c1cd9b1033e4a503d62e5fc3fd,441,441,-200.0,200,0,False,False,True
rules,1,3ea68f0c2d0f8e086d6a00b63222c560528a71c1cd9b1033e4a503d62e5fc3fd,442,442,-200.0,200,0,False,False,True
rules,1,3ea68f0c2d0f8e086d6a00b63222c560528a71c1cd9b1033e4a503d62e5fc3fd,443,443,-200.0,200,0,False,False,True
rules,1,3ea68f0c2d0f8e086d6a00b63222c560528a71c1cd9b1033e4a503d62e5fc3fd,444,444,-2000.0,200,200,False,False,True
rules,1,3ea68f0c2d0f8e086d6a00b63222c560528a71c1cd9b1033e4a503d62e5fc3fd,446,446,-2000.0,200,200,False,False,True
rules,1,3ea68f0c2d0f8e086d6a00b63222c560528a71c1cd9b1033e4a503d62e5fc3fd,447,447,-2000.0,200,200,False,False,True
rules,1,3ea68f0c2d0f8e086d6a00b63222c560528a71c1cd9b1033e4a503d62e5fc3fd,448,448,-2000.0,200,200,False,False,True
rules,1,3ea68f0c2d0f8e086d6a00b63222c560528a71c1cd9b1033e4a503d62e5fc3fd,449,429,-200.0,200,0,False,False,True
rules,1,3ea68f0c2d0f8e086d6a00b63222c560528a71c1cd9b1033e4a503d62e5fc3fd,451,451,-200.0,200,0,False,False,True
rules,1,3ea68f0c2d0f8e086d6a00b63222c560528a71c1cd9b1033e4a503d62e5fc3fd,452,452,-2000.0,200,200,False,False,True
rules,1,3ea68f0c2d0f8e086d6a00b63222c560528a71c1cd9b1033e4a503d62e5fc3fd,453,453,-2000.0,200,200,False,False,True
rules,1,3ea68f0c2d0f8e086d6a00b63222c560528a71c1cd9b1033e4a503d62e5fc3fd,454,454,-2000.0,200,200,False,False,True
rules,1,3ea68f0c2d0f8e086d6a00b63222c560528a71c1cd9b1033e4a503d62e5fc3fd,461,481,-200.0,200,0,False,False,True
rules,1,3ea68f0c2d0f8e086d6a00b63222c560528a71c1cd9b1033e4a503d62e5fc3fd,462,482,-200.0,200,0,False,False,True
rules,1,3ea68f0c2d0f8e086d6a00b63222c560528a71c1cd9b1033e4a503d62e5fc3fd,463,483,-200.0,200,0,False,False,True
rules,1,3ea68f0c2d0f8e086d6a00b63222c560528a71c1cd9b1033e4a503d62e5fc3fd,464,464,-2000.0,200,200,False,False,True
rules,1,3ea68f0c2d0f8e086d6a00b63222c560528a71c1cd9b1033e4a503d62e5fc3fd,466,466,-200.0,200,0,False,False,True
rules,1,3ea68f0c2d0f8e086d6a00b63222c560528a71c1cd9b1033e4a503d62e5fc3fd,467,467,-200.0,200,0,False,False,True
rules,1,3ea68f0c2d0f8e086d6a00b63222c560528a71c1cd9b1033e4a503d62e5fc3fd,468,468,-200.0,200,0,False,False,True
rules,1,3ea68f0c2d0f8e086d6a00b63222c560528a71c1cd9b1033e4a503d62e5fc3fd,469,469,-200.0,200,0,False,False,True
rules,1,3ea68f0c2d0f8e086d6a00b63222c560528a71c1cd9b1033e4a503d62e5fc3fd,471,471,-200.0,200,0,False,False,True
rules,1,3ea68f0c2d0f8e086d6a00b63222c560528a71c1cd9b1033e4a503d62e5fc3fd,472,476,-1991.0,200,199,False,False,True
rules,1,3ea68f0c2d0f8e086d6a00b63222c560528a71c1cd9b1033e4a503d62e5fc3fd,473,477,-200.0,200,0,False,False,True
rules,1,3ea68f0c2d0f8e086d6a00b63222c560528a71c1cd9b1033e4a503d62e5fc3fd,474,478,-200.0,200,0,False,False,True
rules,1,3ea68f0c2d0f8e086d6a00b63222c560528a71c1cd9b1033e4a503d62e5fc3fd,481,481,-200.0,200,0,False,False,True
rules,1,3ea68f0c2d0f8e086d6a00b63222c560528a71c1cd9b1033e4a503d62e5fc3fd,482,482,-200.0,200,0,False,False,True
rules,1,3ea68f0c2d0f8e086d6a00b63222c560528a71c1cd9b1033e4a503d62e5fc3fd,483,483,-200.0,200,0,False,False,True
rules,1,3ea68f0c2d0f8e086d6a00b63222c560528a71c1cd9b1033e4a503d62e5fc3fd,484,484,-2000.0,200,200,False,False,True
rules,1,3ea68f0c2d0f8e086d6a00b63222c560528a71c1cd9b1033e4a503d62e5fc3fd,486,486,-200.0,200,0,False,False,True
rules,1,3ea68f0c2d0f8e086d6a00b63222c560528a71c1cd9b1033e4a503d62e5fc3fd,487,487,-200.0,200,0,False,False,True
rules,1,3ea68f0c2d0f8e086d6a00b63222c560528a71c1cd9b1033e4a503d62e5fc3fd,488,488,-200.0,200,0,False,False,True
rules,1,3ea68f0c2d0f8e086d6a00b63222c560528a71c1cd9b1033e4a503d62e5fc3fd,489,469,-200.0,200,0,False,False,True
rules,1,3ea68f0c2d0f8e086d6a00b63222c560528a71c1cd9b1033e4a503d62e5fc3fd,491,491,-200.0,200,0,False,False,True
rules,1,3ea68f0c2d0f8e086d6a00b63222c560528a71c1cd9b1033e4a503d62e5fc3fd,492,492,-2000.0,200,200,False,False,True
rules,1,3ea68f0c2d0f8e086d6a00b63222c560528a71c1cd9b1033e4a503d62e5fc3fd,493,493,-2000.0,200,200,False,False,True
rules,1,3ea68f0c2d0f8e086d6a00b63222c560528a71c1cd9b1033e4a503d62e5fc3fd,494,494,-2000.0,200,200,False,False,True
rules,2,8db93ccc4865e089db3128a000e03efe3e2055798460c889d1362fe55fd02017,1,21,-200.0,200,0,False,False,True
rules,2,8db93ccc4865e089db3128a000e03efe3e2055798460c889d1362fe55fd02017,2,22,-200.0,200,0,False,False,True
rules,2,8db93ccc4865e089db3128a000e03efe3e2055798460c889d1362fe55fd02017,3,23,-200.0,200,0,False,False,True
rules,2,8db93ccc4865e089db3128a000e03efe3e2055798460c889d1362fe55fd02017,4,4,-200.0,200,0,False,False,True
rules,2,8db93ccc4865e089db3128a000e03efe3e2055798460c889d1362fe55fd02017,6,26,-200.0,200,0,False,False,True
rules,2,8db93ccc4865e089db3128a000e03efe3e2055798460c889d1362fe55fd02017,7,27,-200.0,200,0,False,False,True
rules,2,8db93ccc4865e089db3128a000e03efe3e2055798460c889d1362fe55fd02017,8,8,-200.0,200,0,False,False,True
rules,2,8db93ccc4865e089db3128a000e03efe3e2055798460c889d1362fe55fd02017,9,29,-200.0,200,0,False,False,True
rules,2,8db93ccc4865e089db3128a000e03efe3e2055798460c889d1362fe55fd02017,11,31,-200.0,200,0,False,False,True
rules,2,8db93ccc4865e089db3128a000e03efe3e2055798460c889d1362fe55fd02017,12,12,-200.0,200,0,False,False,True
rules,2,8db93ccc4865e089db3128a000e03efe3e2055798460c889d1362fe55fd02017,13,33,-200.0,200,0,False,False,True
rules,2,8db93ccc4865e089db3128a000e03efe3e2055798460c889d1362fe55fd02017,14,34,-200.0,200,0,False,False,True
rules,2,8db93ccc4865e089db3128a000e03efe3e2055798460c889d1362fe55fd02017,21,21,-200.0,200,0,False,False,True
rules,2,8db93ccc4865e089db3128a000e03efe3e2055798460c889d1362fe55fd02017,22,22,-200.0,200,0,False,False,True
rules,2,8db93ccc4865e089db3128a000e03efe3e2055798460c889d1362fe55fd02017,23,23,-200.0,200,0,False,False,True
rules,2,8db93ccc4865e089db3128a000e03efe3e2055798460c889d1362fe55fd02017,24,24,-200.0,200,0,False,False,True
rules,2,8db93ccc4865e089db3128a000e03efe3e2055798460c889d1362fe55fd02017,26,26,-200.0,200,0,False,False,True
rules,2,8db93ccc4865e089db3128a000e03efe3e2055798460c889d1362fe55fd02017,27,27,-200.0,200,0,False,False,True
rules,2,8db93ccc4865e089db3128a000e03efe3e2055798460c889d1362fe55fd02017,28,28,-200.0,200,0,False,False,True
rules,2,8db93ccc4865e089db3128a000e03efe3e2055798460c889d1362fe55fd02017,29,29,-200.0,200,0,False,False,True
rules,2,8db93ccc4865e089db3128a000e03efe3e2055798460c889d1362fe55fd02017,31,31,-200.0,200,0,False,False,True
rules,2,8db93ccc4865e089db3128a000e03efe3e2055798460c889d1362fe55fd02017,32,32,-200.0,200,0,False,False,True
rules,2,8db93ccc4865e089db3128a000e03efe3e2055798460c889d1362fe55fd02017,33,33,-200.0,200,0,False,False,True
rules,2,8db93ccc4865e089db3128a000e03efe3e2055798460c889d1362fe55fd02017,34,34,-200.0,200,0,False,False,True
rules,2,8db93ccc4865e089db3128a000e03efe3e2055798460c889d1362fe55fd02017,41,81,-200.0,200,0,False,False,True
rules,2,8db93ccc4865e089db3128a000e03efe3e2055798460c889d1362fe55fd02017,42,82,-200.0,200,0,False,False,True
rules,2,8db93ccc4865e089db3128a000e03efe3e2055798460c889d1362fe55fd02017,43,83,-200.0,200,0,False,False,True
rules,2,8db93ccc4865e089db3128a000e03efe3e2055798460c889d1362fe55fd02017,44,44,-200.0,200,0,False,False,True
rules,2,8db93ccc4865e089db3128a000e03efe3e2055798460c889d1362fe55fd02017,46,86,-200.0,200,0,False,False,True
rules,2,8db93ccc4865e089db3128a000e03efe3e2055798460c889d1362fe55fd02017,47,47,-200.0,200,0,False,False,True
rules,2,8db93ccc4865e089db3128a000e03efe3e2055798460c889d1362fe55fd02017,48,48,-200.0,200,0,False,False,True
rules,2,8db93ccc4865e089db3128a000e03efe3e2055798460c889d1362fe55fd02017,49,89,-200.0,200,0,False,False,True
rules,2,8db93ccc4865e089db3128a000e03efe3e2055798460c889d1362fe55fd02017,51,91,-200.0,200,0,False,False,True
rules,2,8db93ccc4865e089db3128a000e03efe3e2055798460c889d1362fe55fd02017,52,52,-200.0,200,0,False,False,True
rules,2,8db93ccc4865e089db3128a000e03efe3e2055798460c889d1362fe55fd02017,53,93,-200.0,200,0,False,False,True
rules,2,8db93ccc4865e089db3128a000e03efe3e2055798460c889d1362fe55fd02017,54,94,-200.0,200,0,False,False,True
rules,2,8db93ccc4865e089db3128a000e03efe3e2055798460c889d1362fe55fd02017,61,81,-200.0,200,0,False,False,True
rules,2,8db93ccc4865e089db3128a000e03efe3e2055798460c889d1362fe55fd02017,62,82,-200.0,200,0,False,False,True
rules,2,8db93ccc4865e089db3128a000e03efe3e2055798460c889d1362fe55fd02017,63,83,-200.0,200,0,False,False,True
rules,2,8db93ccc4865e089db3128a000e03efe3e2055798460c889d1362fe55fd02017,64,64,-200.0,200,0,False,False,True
rules,2,8db93ccc4865e089db3128a000e03efe3e2055798460c889d1362fe55fd02017,66,86,-200.0,200,0,False,False,True
rules,2,8db93ccc4865e089db3128a000e03efe3e2055798460c889d1362fe55fd02017,67,87,-200.0,200,0,False,False,True
rules,2,8db93ccc4865e089db3128a000e03efe3e2055798460c889d1362fe55fd02017,68,88,-200.0,200,0,False,False,True
rules,2,8db93ccc4865e089db3128a000e03efe3e2055798460c889d1362fe55fd02017,69,89,-200.0,200,0,False,False,True
rules,2,8db93ccc4865e089db3128a000e03efe3e2055798460c889d1362fe55fd02017,71,91,-200.0,200,0,False,False,True
rules,2,8db93ccc4865e089db3128a000e03efe3e2055798460c889d1362fe55fd02017,72,92,-200.0,200,0,False,False,True
rules,2,8db93ccc4865e089db3128a000e03efe3e2055798460c889d1362fe55fd02017,73,93,-200.0,200,0,False,False,True
rules,2,8db93ccc4865e089db3128a000e03efe3e2055798460c889d1362fe55fd02017,74,94,-200.0,200,0,False,False,True
rules,2,8db93ccc4865e089db3128a000e03efe3e2055798460c889d1362fe55fd02017,81,81,-200.0,200,0,False,False,True
rules,2,8db93ccc4865e089db3128a000e03efe3e2055798460c889d1362fe55fd02017,82,82,-200.0,200,0,False,False,True
rules,2,8db93ccc4865e089db3128a000e03efe3e2055798460c889d1362fe55fd02017,83,83,-200.0,200,0,False,False,True
rules,2,8db93ccc4865e089db3128a000e03efe3e2055798460c889d1362fe55fd02017,84,84,-200.0,200,0,False,False,True
rules,2,8db93ccc4865e089db3128a000e03efe3e2055798460c889d1362fe55fd02017,86,86,-200.0,200,0,False,False,True
rules,2,8db93ccc4865e089db3128a000e03efe3e2055798460c889d1362fe55fd02017,87,87,-200.0,200,0,False,False,True
rules,2,8db93ccc4865e089db3128a000e03efe3e2055798460c889d1362fe55fd02017,88,88,-200.0,200,0,False,False,True
rules,2,8db93ccc4865e089db3128a000e03efe3e2055798460c889d1362fe55fd02017,89,89,-200.0,200,0,False,False,True
rules,2,8db93ccc4865e089db3128a000e03efe3e2055798460c889d1362fe55fd02017,91,91,-200.0,200,0,False,False,True
rules,2,8db93ccc4865e089db3128a000e03efe3e2055798460c889d1362fe55fd02017,92,92,-200.0,200,0,False,False,True
rules,2,8db93ccc4865e089db3128a000e03efe3e2055798460c889d1362fe55fd02017,93,93,-200.0,200,0,False,False,True
rules,2,8db93ccc4865e089db3128a000e03efe3e2055798460c889d1362fe55fd02017,94,94,-200.0,200,0,False,False,True
rules,2,8db93ccc4865e089db3128a000e03efe3e2055798460c889d1362fe55fd02017,101,121,-200.0,200,0,False,False,True
rules,2,8db93ccc4865e089db3128a000e03efe3e2055798460c889d1362fe55fd02017,102,122,-200.0,200,0,False,False,True
rules,2,8db93ccc4865e089db3128a000e03efe3e2055798460c889d1362fe55fd02017,103,123,-200.0,200,0,False,False,True
rules,2,8db93ccc4865e089db3128a000e03efe3e2055798460c889d1362fe55fd02017,104,24,-200.0,200,0,False,False,True
rules,2,8db93ccc4865e089db3128a000e03efe3e2055798460c889d1362fe55fd02017,106,126,-200.0,200,0,False,False,True
rules,2,8db93ccc4865e089db3128a000e03efe3e2055798460c889d1362fe55fd02017,107,27,-200.0,200,0,False,False,True
rules,2,8db93ccc4865e089db3128a000e03efe3e2055798460c889d1362fe55fd02017,108,128,-200.0,200,0,False,False,True
rules,2,8db93ccc4865e089db3128a000e03efe3e2055798460c889d1362fe55fd02017,109,129,-200.0,200,0,False,False,True
rules,2,8db93ccc4865e089db3128a000e03efe3e2055798460c889d1362fe55fd02017,111,131,-200.0,200,0,False,False,True
rules,2,8db93ccc4865e089db3128a000e03efe3e2055798460c889d1362fe55fd02017,112,32,-200.0,200,0,False,False,True
rules,2,8db93ccc4865e089db3128a000e03efe3e2055798460c889d1362fe55fd02017,113,33,-200.0,200,0,False,False,True
rules,2,8db93ccc4865e089db3128a000e03efe3e2055798460c889d1362fe55fd02017,114,134,-200.0,200,0,False,False,True
rules,2,8db93ccc4865e089db3128a000e03efe3e2055798460c889d1362fe55fd02017,121,121,-200.0,200,0,False,False,True
rules,2,8db93ccc4865e089db3128a000e03efe3e2055798460c889d1362fe55fd02017,122,122,-200.0,200,0,False,False,True
rules,2,8db93ccc4865e089db3128a000e03efe3e2055798460c889d1362fe55fd02017,123,123,-200.0,200,0,False,False,True
rules,2,8db93ccc4865e089db3128a000e03efe3e2055798460c889d1362fe55fd02017,124,24,-200.0,200,0,False,False,True
rules,2,8db93ccc4865e089db3128a000e03efe3e2055798460c889d1362fe55fd02017,126,126,-200.0,200,0,False,False,True
rules,2,8db93ccc4865e089db3128a000e03efe3e2055798460c889d1362fe55fd02017,127,27,-200.0,200,0,False,False,True
rules,2,8db93ccc4865e089db3128a000e03efe3e2055798460c889d1362fe55fd02017,128,128,-200.0,200,0,False,False,True
rules,2,8db93ccc4865e089db3128a000e03efe3e2055798460c889d1362fe55fd02017,129,129,-200.0,200,0,False,False,True
rules,2,8db93ccc4865e089db3128a000e03efe3e2055798460c889d1362fe55fd02017,131,131,-200.0,200,0,False,False,True
rules,2,8db93ccc4865e089db3128a000e03efe3e2055798460c889d1362fe55fd02017,132,32,-200.0,200,0,False,False,True
rules,2,8db93ccc4865e089db3128a000e03efe3e2055798460c889d1362fe55fd02017,133,33,-200.0,200,0,False,False,True
rules,2,8db93ccc4865e089db3128a000e03efe3e2055798460c889d1362fe55fd02017,134,134,-200.0,200,0,False,False,True
rules,2,8db93ccc4865e089db3128a000e03efe3e2055798460c889d1362fe55fd02017,141,181,-200.0,200,0,False,False,True
rules,2,8db93ccc4865e089db3128a000e03efe3e2055798460c889d1362fe55fd02017,142,182,-200.0,200,0,False,False,True
rules,2,8db93ccc4865e089db3128a000e03efe3e2055798460c889d1362fe55fd02017,143,183,-200.0,200,0,False,False,True
rules,2,8db93ccc4865e089db3128a000e03efe3e2055798460c889d1362fe55fd02017,144,44,-200.0,200,0,False,False,True
rules,2,8db93ccc4865e089db3128a000e03efe3e2055798460c889d1362fe55fd02017,146,186,-200.0,200,0,False,False,True
rules,2,8db93ccc4865e089db3128a000e03efe3e2055798460c889d1362fe55fd02017,147,47,-200.0,200,0,False,False,True
rules,2,8db93ccc4865e089db3128a000e03efe3e2055798460c889d1362fe55fd02017,148,188,-200.0,200,0,False,False,True
rules,2,8db93ccc4865e089db3128a000e03efe3e2055798460c889d1362fe55fd02017,149,189,-200.0,200,0,False,False,True
rules,2,8db93ccc4865e089db3128a000e03efe3e2055798460c889d1362fe55fd02017,151,191,-200.0,200,0,False,False,True
rules,2,8db93ccc4865e089db3128a000e03efe3e2055798460c889d1362fe55fd02017,152,52,-200.0,200,0,False,False,True
rules,2,8db93ccc4865e089db3128a000e03efe3e2055798460c889d1362fe55fd02017,153,93,-200.0,200,0,False,False,True
rules,2,8db93ccc4865e089db3128a000e03efe3e2055798460c889d1362fe55fd02017,154,194,-200.0,200,0,False,False,True
rules,2,8db93ccc4865e089db3128a000e03efe3e2055798460c889d1362fe55fd02017,161,181,-200.0,200,0,False,False,True
rules,2,8db93ccc4865e089db3128a000e03efe3e2055798460c889d1362fe55fd02017,162,182,-200.0,200,0,False,False,True
rules,2,8db93ccc4865e089db3128a000e03efe3e2055798460c889d1362fe55fd02017,163,183,-200.0,200,0,False,False,True
rules,2,8db93ccc4865e089db3128a000e03efe3e2055798460c889d1362fe55fd02017,164,84,-200.0,200,0,False,False,True
rules,2,8db93ccc4865e089db3128a000e03efe3e2055798460c889d1362fe55fd02017,166,186,-200.0,200,0,False,False,True
rules,2,8db93ccc4865e089db3128a000e03efe3e2055798460c889d1362fe55fd02017,167,187,-200.0,200,0,False,False,True
rules,2,8db93ccc4865e089db3128a000e03efe3e2055798460c889d1362fe55fd02017,168,188,-200.0,200,0,False,False,True
rules,2,8db93ccc4865e089db3128a000e03efe3e2055798460c889d1362fe55fd02017,169,189,-200.0,200,0,False,False,True
rules,2,8db93ccc4865e089db3128a000e03efe3e2055798460c889d1362fe55fd02017,171,191,-200.0,200,0,False,False,True
rules,2,8db93ccc4865e089db3128a000e03efe3e2055798460c889d1362fe55fd02017,172,192,-200.0,200,0,False,False,True
rules,2,8db93ccc4865e089db3128a000e03efe3e2055798460c889d1362fe55fd02017,173,93,-200.0,200,0,False,False,True
rules,2,8db93ccc4865e089db3128a000e03efe3e2055798460c889d1362fe55fd02017,174,194,-200.0,200,0,False,False,True
rules,2,8db93ccc4865e089db3128a000e03efe3e2055798460c889d1362fe55fd02017,181,181,-200.0,200,0,False,False,True
rules,2,8db93ccc4865e089db3128a000e03efe3e2055798460c889d1362fe55fd02017,182,182,-200.0,200,0,False,False,True
rules,2,8db93ccc4865e089db3128a000e03efe3e2055798460c889d1362fe55fd02017,183,183,-200.0,200,0,False,False,True
rules,2,8db93ccc4865e089db3128a000e03efe3e2055798460c889d1362fe55fd02017,184,84,-200.0,200,0,False,False,True
rules,2,8db93ccc4865e089db3128a000e03efe3e2055798460c889d1362fe55fd02017,186,186,-200.0,200,0,False,False,True
rules,2,8db93ccc4865e089db3128a000e03efe3e2055798460c889d1362fe55fd02017,187,187,-200.0,200,0,False,False,True
rules,2,8db93ccc4865e089db3128a000e03efe3e2055798460c889d1362fe55fd02017,188,188,-200.0,200,0,False,False,True
rules,2,8db93ccc4865e089db3128a000e03efe3e2055798460c889d1362fe55fd02017,189,189,-200.0,200,0,False,False,True
rules,2,8db93ccc4865e089db3128a000e03efe3e2055798460c889d1362fe55fd02017,191,191,-200.0,200,0,False,False,True
rules,2,8db93ccc4865e089db3128a000e03efe3e2055798460c889d1362fe55fd02017,192,192,-200.0,200,0,False,False,True
rules,2,8db93ccc4865e089db3128a000e03efe3e2055798460c889d1362fe55fd02017,193,93,-200.0,200,0,False,False,True
rules,2,8db93ccc4865e089db3128a000e03efe3e2055798460c889d1362fe55fd02017,194,194,-200.0,200,0,False,False,True
rules,2,8db93ccc4865e089db3128a000e03efe3e2055798460c889d1362fe55fd02017,201,281,-200.0,200,0,False,False,True
rules,2,8db93ccc4865e089db3128a000e03efe3e2055798460c889d1362fe55fd02017,202,282,-200.0,200,0,False,False,True
rules,2,8db93ccc4865e089db3128a000e03efe3e2055798460c889d1362fe55fd02017,203,283,-200.0,200,0,False,False,True
rules,2,8db93ccc4865e089db3128a000e03efe3e2055798460c889d1362fe55fd02017,204,44,-200.0,200,0,False,False,True
rules,2,8db93ccc4865e089db3128a000e03efe3e2055798460c889d1362fe55fd02017,206,286,-200.0,200,0,False,False,True
rules,2,8db93ccc4865e089db3128a000e03efe3e2055798460c889d1362fe55fd02017,207,287,-200.0,200,0,False,False,True
rules,2,8db93ccc4865e089db3128a000e03efe3e2055798460c889d1362fe55fd02017,208,288,-200.0,200,0,False,False,True
rules,2,8db93ccc4865e089db3128a000e03efe3e2055798460c889d1362fe55fd02017,209,289,-200.0,200,0,False,False,True
rules,2,8db93ccc4865e089db3128a000e03efe3e2055798460c889d1362fe55fd02017,211,291,-200.0,200,0,False,False,True
rules,2,8db93ccc4865e089db3128a000e03efe3e2055798460c889d1362fe55fd02017,212,292,-200.0,200,0,False,False,True
rules,2,8db93ccc4865e089db3128a000e03efe3e2055798460c889d1362fe55fd02017,213,293,-200.0,200,0,False,False,True
rules,2,8db93ccc4865e089db3128a000e03efe3e2055798460c889d1362fe55fd02017,214,294,-200.0,200,0,False,False,True
rules,2,8db93ccc4865e089db3128a000e03efe3e2055798460c889d1362fe55fd02017,221,281,-200.0,200,0,False,False,True
rules,2,8db93ccc4865e089db3128a000e03efe3e2055798460c889d1362fe55fd02017,222,282,-200.0,200,0,False,False,True
rules,2,8db93ccc4865e089db3128a000e03efe3e2055798460c889d1362fe55fd02017,223,283,-200.0,200,0,False,False,True
rules,2,8db93ccc4865e089db3128a000e03efe3e2055798460c889d1362fe55fd02017,224,44,-200.0,200,0,False,False,True
rules,2,8db93ccc4865e089db3128a000e03efe3e2055798460c889d1362fe55fd02017,226,286,-200.0,200,0,False,False,True
rules,2,8db93ccc4865e089db3128a000e03efe3e2055798460c889d1362fe55fd02017,227,287,-200.0,200,0,False,False,True
rules,2,8db93ccc4865e089db3128a000e03efe3e2055798460c889d1362fe55fd02017,228,288,-200.0,200,0,False,False,True
rules,2,8db93ccc4865e089db3128a000e03efe3e2055798460c889d1362fe55fd02017,229,289,-200.0,200,0,False,False,True
rules,2,8db93ccc4865e089db3128a000e03efe3e2055798460c889d1362fe55fd02017,231,291,-200.0,200,0,False,False,True
rules,2,8db93ccc4865e089db3128a000e03efe3e2055798460c889d1362fe55fd02017,232,292,-200.0,200,0,False,False,True
rules,2,8db93ccc4865e089db3128a000e03efe3e2055798460c889d1362fe55fd02017,233,293,-200.0,200,0,False,False,True
rules,2,8db93ccc4865e089db3128a000e03efe3e2055798460c889d1362fe55fd02017,234,294,-200.0,200,0,False,False,True
rules,2,8db93ccc4865e089db3128a000e03efe3e2055798460c889d1362fe55fd02017,241,281,-200.0,200,0,False,False,True
rules,2,8db93ccc4865e089db3128a000e03efe3e2055798460c889d1362fe55fd02017,242,282,-200.0,200,0,False,False,True
rules,2,8db93ccc4865e089db3128a000e03efe3e2055798460c889d1362fe55fd02017,243,283,-200.0,200,0,False,False,True
rules,2,8db93ccc4865e089db3128a000e03efe3e2055798460c889d1362fe55fd02017,244,44,-200.0,200,0,False,False,True
rules,2,8db93ccc4865e089db3128a000e03efe3e2055798460c889d1362fe55fd02017,246,286,-200.0,200,0,False,False,True
rules,2,8db93ccc4865e089db3128a000e03efe3e2055798460c889d1362fe55fd02017,247,287,-200.0,200,0,False,False,True
rules,2,8db93ccc4865e089db3128a000e03efe3e2055798460c889d1362fe55fd02017,248,288,-200.0,200,0,False,False,True
rules,2,8db93ccc4865e089db3128a000e03efe3e2055798460c889d1362fe55fd02017,249,289,-200.0,200,0,False,False,True
rules,2,8db93ccc4865e089db3128a000e03efe3e2055798460c889d1362fe55fd02017,251,291,-200.0,200,0,False,False,True
rules,2,8db93ccc4865e089db3128a000e03efe3e2055798460c889d1362fe55fd02017,252,292,-200.0,200,0,False,False,True
rules,2,8db93ccc4865e089db3128a000e03efe3e2055798460c889d1362fe55fd02017,253,293,-200.0,200,0,False,False,True
rules,2,8db93ccc4865e089db3128a000e03efe3e2055798460c889d1362fe55fd02017,254,294,-200.0,200,0,False,False,True
rules,2,8db93ccc4865e089db3128a000e03efe3e2055798460c889d1362fe55fd02017,261,281,-200.0,200,0,False,False,True
rules,2,8db93ccc4865e089db3128a000e03efe3e2055798460c889d1362fe55fd02017,262,282,-200.0,200,0,False,False,True
rules,2,8db93ccc4865e089db3128a000e03efe3e2055798460c889d1362fe55fd02017,263,283,-200.0,200,0,False,False,True
rules,2,8db93ccc4865e089db3128a000e03efe3e2055798460c889d1362fe55fd02017,264,284,-200.0,200,0,False,False,True
rules,2,8db93ccc4865e089db3128a000e03efe3e2055798460c889d1362fe55fd02017,266,286,-200.0,200,0,False,False,True
rules,2,8db93ccc4865e089db3128a000e03efe3e2055798460c889d1362fe55fd02017,267,287,-200.0,200,0,False,False,True
rules,2,8db93ccc4865e089db3128a000e03efe3e2055798460c889d1362fe55fd02017,268,288,-200.0,200,0,False,False,True
rules,2,8db93ccc4865e089db3128a000e03efe3e2055798460c889d1362fe55fd02017,269,289,-200.0,200,0,False,False,True
rules,2,8db93ccc4865e089db3128a000e03efe3e2055798460c889d1362fe55fd02017,271,291,-200.0,200,0,False,False,True
rules,2,8db93ccc4865e089db3128a000e03efe3e2055798460c889d1362fe55fd02017,272,292,-200.0,200,0,False,False,True
rules,2,8db93ccc4865e089db3128a000e03efe3e2055798460c889d1362fe55fd02017,273,293,-200.0,200,0,False,False,True
rules,2,8db93ccc4865e089db3128a000e03efe3e2055798460c889d1362fe55fd02017,274,294,-200.0,200,0,False,False,True
rules,2,8db93ccc4865e089db3128a000e03efe3e2055798460c889d1362fe55fd02017,281,281,-200.0,200,0,False,False,True
rules,2,8db93ccc4865e089db3128a000e03efe3e2055798460c889d1362fe55fd02017,282,282,-200.0,200,0,False,False,True
rules,2,8db93ccc4865e089db3128a000e03efe3e2055798460c889d1362fe55fd02017,283,283,-200.0,200,0,False,False,True
rules,2,8db93ccc4865e089db3128a000e03efe3e2055798460c889d1362fe55fd02017,284,284,-200.0,200,0,False,False,True
rules,2,8db93ccc4865e089db3128a000e03efe3e2055798460c889d1362fe55fd02017,286,286,-200.0,200,0,False,False,True
rules,2,8db93ccc4865e089db3128a000e03efe3e2055798460c889d1362fe55fd02017,287,287,-200.0,200,0,False,False,True
rules,2,8db93ccc4865e089db3128a000e03efe3e2055798460c889d1362fe55fd02017,288,288,-200.0,200,0,False,False,True
rules,2,8db93ccc4865e089db3128a000e03efe3e2055798460c889d1362fe55fd02017,289,289,-200.0,200,0,False,False,True
rules,2,8db93ccc4865e089db3128a000e03efe3e2055798460c889d1362fe55fd02017,291,291,-200.0,200,0,False,False,True
rules,2,8db93ccc4865e089db3128a000e03efe3e2055798460c889d1362fe55fd02017,292,292,-200.0,200,0,False,False,True
rules,2,8db93ccc4865e089db3128a000e03efe3e2055798460c889d1362fe55fd02017,293,293,-200.0,200,0,False,False,True
rules,2,8db93ccc4865e089db3128a000e03efe3e2055798460c889d1362fe55fd02017,294,294,-200.0,200,0,False,False,True
rules,2,8db93ccc4865e089db3128a000e03efe3e2055798460c889d1362fe55fd02017,301,281,-200.0,200,0,False,False,True
rules,2,8db93ccc4865e089db3128a000e03efe3e2055798460c889d1362fe55fd02017,302,302,-200.0,200,0,False,False,True
rules,2,8db93ccc4865e089db3128a000e03efe3e2055798460c889d1362fe55fd02017,303,303,-200.0,200,0,False,False,True
rules,2,8db93ccc4865e089db3128a000e03efe3e2055798460c889d1362fe55fd02017,304,44,-200.0,200,0,False,False,True
rules,2,8db93ccc4865e089db3128a000e03efe3e2055798460c889d1362fe55fd02017,306,286,-200.0,200,0,False,False,True
rules,2,8db93ccc4865e089db3128a000e03efe3e2055798460c889d1362fe55fd02017,307,287,-200.0,200,0,False,False,True
rules,2,8db93ccc4865e089db3128a000e03efe3e2055798460c889d1362fe55fd02017,308,288,-200.0,200,0,False,False,True
rules,2,8db93ccc4865e089db3128a000e03efe3e2055798460c889d1362fe55fd02017,309,289,-200.0,200,0,False,False,True
rules,2,8db93ccc4865e089db3128a000e03efe3e2055798460c889d1362fe55fd02017,311,291,-200.0,200,0,False,False,True
rules,2,8db93ccc4865e089db3128a000e03efe3e2055798460c889d1362fe55fd02017,312,292,-200.0,200,0,False,False,True
rules,2,8db93ccc4865e089db3128a000e03efe3e2055798460c889d1362fe55fd02017,313,293,-200.0,200,0,False,False,True
rules,2,8db93ccc4865e089db3128a000e03efe3e2055798460c889d1362fe55fd02017,314,294,-200.0,200,0,False,False,True
rules,2,8db93ccc4865e089db3128a000e03efe3e2055798460c889d1362fe55fd02017,321,281,-200.0,200,0,False,False,True
rules,2,8db93ccc4865e089db3128a000e03efe3e2055798460c889d1362fe55fd02017,322,342,-200.0,200,0,False,False,True
rules,2,8db93ccc4865e089db3128a000e03efe3e2055798460c889d1362fe55fd02017,323,343,-200.0,200,0,False,False,True
rules,2,8db93ccc4865e089db3128a000e03efe3e2055798460c889d1362fe55fd02017,324,44,-200.0,200,0,False,False,True
rules,2,8db93ccc4865e089db3128a000e03efe3e2055798460c889d1362fe55fd02017,326,286,-200.0,200,0,False,False,True
rules,2,8db93ccc4865e089db3128a000e03efe3e2055798460c889d1362fe55fd02017,327,287,-200.0,200,0,False,False,True
rules,2,8db93ccc4865e089db3128a000e03efe3e2055798460c889d1362fe55fd02017,328,288,-200.0,200,0,False,False,True
rules,2,8db93ccc4865e089db3128a000e03efe3e2055798460c889d1362fe55fd02017,329,289,-200.0,200,0,False,False,True
rules,2,8db93ccc4865e089db3128a000e03efe3e2055798460c889d1362fe55fd02017,331,291,-200.0,200,0,False,False,True
rules,2,8db93ccc4865e089db3128a000e03efe3e2055798460c889d1362fe55fd02017,332,292,-200.0,200,0,False,False,True
rules,2,8db93ccc4865e089db3128a000e03efe3e2055798460c889d1362fe55fd02017,333,293,-200.0,200,0,False,False,True
rules,2,8db93ccc4865e089db3128a000e03efe3e2055798460c889d1362fe55fd02017,334,294,-200.0,200,0,False,False,True
rules,2,8db93ccc4865e089db3128a000e03efe3e2055798460c889d1362fe55fd02017,341,281,-200.0,200,0,False,False,True
rules,2,8db93ccc4865e089db3128a000e03efe3e2055798460c889d1362fe55fd02017,342,342,-200.0,200,0,False,False,True
rules,2,8db93ccc4865e089db3128a000e03efe3e2055798460c889d1362fe55fd02017,343,343,-200.0,200,0,False,False,True
rules,2,8db93ccc4865e089db3128a000e03efe3e2055798460c889d1362fe55fd02017,344,44,-200.0,200,0,False,False,True
rules,2,8db93ccc4865e089db3128a000e03efe3e2055798460c889d1362fe55fd02017,346,286,-200.0,200,0,False,False,True
rules,2,8db93ccc4865e089db3128a000e03efe3e2055798460c889d1362fe55fd02017,347,287,-200.0,200,0,False,False,True
rules,2,8db93ccc4865e089db3128a000e03efe3e2055798460c889d1362fe55fd02017,348,288,-200.0,200,0,False,False,True
rules,2,8db93ccc4865e089db3128a000e03efe3e2055798460c889d1362fe55fd02017,349,289,-200.0,200,0,False,False,True
rules,2,8db93ccc4865e089db3128a000e03efe3e2055798460c889d1362fe55fd02017,351,291,-200.0,200,0,False,False,True
rules,2,8db93ccc4865e089db3128a000e03efe3e2055798460c889d1362fe55fd02017,352,292,-200.0,200,0,False,False,True
rules,2,8db93ccc4865e089db3128a000e03efe3e2055798460c889d1362fe55fd02017,353,293,-200.0,200,0,False,False,True
rules,2,8db93ccc4865e089db3128a000e03efe3e2055798460c889d1362fe55fd02017,354,294,-200.0,200,0,False,False,True
rules,2,8db93ccc4865e089db3128a000e03efe3e2055798460c889d1362fe55fd02017,361,281,-200.0,200,0,False,False,True
rules,2,8db93ccc4865e089db3128a000e03efe3e2055798460c889d1362fe55fd02017,362,382,-200.0,200,0,False,False,True
rules,2,8db93ccc4865e089db3128a000e03efe3e2055798460c889d1362fe55fd02017,363,383,-200.0,200,0,False,False,True
rules,2,8db93ccc4865e089db3128a000e03efe3e2055798460c889d1362fe55fd02017,364,284,-200.0,200,0,False,False,True
rules,2,8db93ccc4865e089db3128a000e03efe3e2055798460c889d1362fe55fd02017,366,286,-200.0,200,0,False,False,True
rules,2,8db93ccc4865e089db3128a000e03efe3e2055798460c889d1362fe55fd02017,367,287,-200.0,200,0,False,False,True
rules,2,8db93ccc4865e089db3128a000e03efe3e2055798460c889d1362fe55fd02017,368,288,-200.0,200,0,False,False,True
rules,2,8db93ccc4865e089db3128a000e03efe3e2055798460c889d1362fe55fd02017,369,289,-200.0,200,0,False,False,True
rules,2,8db93ccc4865e089db3128a000e03efe3e2055798460c889d1362fe55fd02017,371,291,-200.0,200,0,False,False,True
rules,2,8db93ccc4865e089db3128a000e03efe3e2055798460c889d1362fe55fd02017,372,292,-200.0,200,0,False,False,True
rules,2,8db93ccc4865e089db3128a000e03efe3e2055798460c889d1362fe55fd02017,373,293,-200.0,200,0,False,False,True
rules,2,8db93ccc4865e089db3128a000e03efe3e2055798460c889d1362fe55fd02017,374,374,-200.0,200,0,False,False,True
rules,2,8db93ccc4865e089db3128a000e03efe3e2055798460c889d1362fe55fd02017,381,281,-200.0,200,0,False,False,True
rules,2,8db93ccc4865e089db3128a000e03efe3e2055798460c889d1362fe55fd02017,382,382,-200.0,200,0,False,False,True
rules,2,8db93ccc4865e089db3128a000e03efe3e2055798460c889d1362fe55fd02017,383,383,-200.0,200,0,False,False,True
rules,2,8db93ccc4865e089db3128a000e03efe3e2055798460c889d1362fe55fd02017,384,284,-200.0,200,0,False,False,True
rules,2,8db93ccc4865e089db3128a000e03efe3e2055798460c889d1362fe55fd02017,386,286,-200.0,200,0,False,False,True
rules,2,8db93ccc4865e089db3128a000e03efe3e2055798460c889d1362fe55fd02017,387,287,-200.0,200,0,False,False,True
rules,2,8db93ccc4865e089db3128a000e03efe3e2055798460c889d1362fe55fd02017,388,288,-200.0,200,0,False,False,True
rules,2,8db93ccc4865e089db3128a000e03efe3e2055798460c889d1362fe55fd02017,389,289,-200.0,200,0,False,False,True
rules,2,8db93ccc4865e089db3128a000e03efe3e2055798460c889d1362fe55fd02017,391,291,-200.0,200,0,False,False,True
rules,2,8db93ccc4865e089db3128a000e03efe3e2055798460c889d1362fe55fd02017,392,292,-200.0,200,0,False,False,True
rules,2,8db93ccc4865e089db3128a000e03efe3e2055798460c889d1362fe55fd02017,393,293,-200.0,200,0,False,False,True
rules,2,8db93ccc4865e089db3128a000e03efe3e2055798460c889d1362fe55fd02017,394,294,-200.0,200,0,False,False,True
rules,2,8db93ccc4865e089db3128a000e03efe3e2055798460c889d1362fe55fd02017,401,401,-200.0,200,0,False,False,True
rules,2,8db93ccc4865e089db3128a000e03efe3e2055798460c889d1362fe55fd02017,402,402,-200.0,200,0,False,False,True
rules,2,8db93ccc4865e089db3128a000e03efe3e2055798460c889d1362fe55fd02017,403,403,-200.0,200,0,False,False,True
rules,2,8db93ccc4865e089db3128a000e03efe3e2055798460c889d1362fe55fd02017,404,404,-200.0,200,0,False,False,True
rules,2,8db93ccc4865e089db3128a000e03efe3e2055798460c889d1362fe55fd02017,406,406,-200.0,200,0,False,False,True
rules,2,8db93ccc4865e089db3128a000e03efe3e2055798460c889d1362fe55fd02017,407,407,-200.0,200,0,False,False,True
rules,2,8db93ccc4865e089db3128a000e03efe3e2055798460c889d1362fe55fd02017,408,408,-200.0,200,0,False,False,True
rules,2,8db93ccc4865e089db3128a000e03efe3e2055798460c889d1362fe55fd02017,409,409,-200.0,200,0,False,False,True
rules,2,8db93ccc4865e089db3128a000e03efe3e2055798460c889d1362fe55fd02017,411,411,-200.0,200,0,False,False,True
rules,2,8db93ccc4865e089db3128a000e03efe3e2055798460c889d1362fe55fd02017,412,412,-200.0,200,0,False,False,True
rules,2,8db93ccc4865e089db3128a000e03efe3e2055798460c889d1362fe55fd02017,413,413,-200.0,200,0,False,False,True
rules,2,8db93ccc4865e089db3128a000e03efe3e2055798460c889d1362fe55fd02017,414,414,-200.0,200,0,False,False,True
rules,2,8db93ccc4865e089db3128a000e03efe3e2055798460c889d1362fe55fd02017,421,441,-200.0,200,0,False,False,True
rules,2,8db93ccc4865e089db3128a000e03efe3e2055798460c889d1362fe55fd02017,422,442,-200.0,200,0,False,False,True
rules,2,8db93ccc4865e089db3128a000e03efe3e2055798460c889d1362fe55fd02017,423,443,-200.0,200,0,False,False,True
rules,2,8db93ccc4865e089db3128a000e03efe3e2055798460c889d1362fe55fd02017,424,444,-200.0,200,0,False,False,True
rules,2,8db93ccc4865e089db3128a000e03efe3e2055798460c889d1362fe55fd02017,426,446,-200.0,200,0,False,False,True
rules,2,8db93ccc4865e089db3128a000e03efe3e2055798460c889d1362fe55fd02017,427,447,-200.0,200,0,False,False,True
rules,2,8db93ccc4865e089db3128a000e03efe3e2055798460c889d1362fe55fd02017,428,448,-200.0,200,0,False,False,True
rules,2,8db93ccc4865e089db3128a000e03efe3e2055798460c889d1362fe55fd02017,429,449,-200.0,200,0,False,False,True
rules,2,8db93ccc4865e089db3128a000e03efe3e2055798460c889d1362fe55fd02017,431,451,-200.0,200,0,False,False,True
rules,2,8db93ccc4865e089db3128a000e03efe3e2055798460c889d1362fe55fd02017,432,452,-200.0,200,0,False,False,True
rules,2,8db93ccc4865e089db3128a000e03efe3e2055798460c889d1362fe55fd02017,433,453,-200.0,200,0,False,False,True
rules,2,8db93ccc4865e089db3128a000e03efe3e2055798460c889d1362fe55fd02017,434,454,-200.0,200,0,False,False,True
rules,2,8db93ccc4865e089db3128a000e03efe3e2055798460c889d1362fe55fd02017,441,441,-200.0,200,0,False,False,True
rules,2,8db93ccc4865e089db3128a000e03efe3e2055798460c889d1362fe55fd02017,442,442,-200.0,200,0,False,False,True
rules,2,8db93ccc4865e089db3128a000e03efe3e2055798460c889d1362fe55fd02017,443,443,-200.0,200,0,False,False,True
rules,2,8db93ccc4865e089db3128a000e03efe3e2055798460c889d1362fe55fd02017,444,444,-200.0,200,0,False,False,True
rules,2,8db93ccc4865e089db3128a000e03efe3e2055798460c889d1362fe55fd02017,446,446,-200.0,200,0,False,False,True
rules,2,8db93ccc4865e089db3128a000e03efe3e2055798460c889d1362fe55fd02017,447,447,-200.0,200,0,False,False,True
rules,2,8db93ccc4865e089db3128a000e03efe3e2055798460c889d1362fe55fd02017,448,448,-200.0,200,0,False,False,True
rules,2,8db93ccc4865e089db3128a000e03efe3e2055798460c889d1362fe55fd02017,449,449,-200.0,200,0,False,False,True
rules,2,8db93ccc4865e089db3128a000e03efe3e2055798460c889d1362fe55fd02017,451,451,-200.0,200,0,False,False,True
rules,2,8db93ccc4865e089db3128a000e03efe3e2055798460c889d1362fe55fd02017,452,452,-200.0,200,0,False,False,True
rules,2,8db93ccc4865e089db3128a000e03efe3e2055798460c889d1362fe55fd02017,453,453,-200.0,200,0,False,False,True
rules,2,8db93ccc4865e089db3128a000e03efe3e2055798460c889d1362fe55fd02017,454,454,-200.0,200,0,False,False,True
rules,2,8db93ccc4865e089db3128a000e03efe3e2055798460c889d1362fe55fd02017,461,481,-200.0,200,0,False,False,True
rules,2,8db93ccc4865e089db3128a000e03efe3e2055798460c889d1362fe55fd02017,462,482,-200.0,200,0,False,False,True
rules,2,8db93ccc4865e089db3128a000e03efe3e2055798460c889d1362fe55fd02017,463,483,-200.0,200,0,False,False,True
rules,2,8db93ccc4865e089db3128a000e03efe3e2055798460c889d1362fe55fd02017,464,484,-200.0,200,0,False,False,True
rules,2,8db93ccc4865e089db3128a000e03efe3e2055798460c889d1362fe55fd02017,466,486,-200.0,200,0,False,False,True
rules,2,8db93ccc4865e089db3128a000e03efe3e2055798460c889d1362fe55fd02017,467,487,-200.0,200,0,False,False,True
rules,2,8db93ccc4865e089db3128a000e03efe3e2055798460c889d1362fe55fd02017,468,488,-200.0,200,0,False,False,True
rules,2,8db93ccc4865e089db3128a000e03efe3e2055798460c889d1362fe55fd02017,469,489,-200.0,200,0,False,False,True
rules,2,8db93ccc4865e089db3128a000e03efe3e2055798460c889d1362fe55fd02017,471,491,-200.0,200,0,False,False,True
rules,2,8db93ccc4865e089db3128a000e03efe3e2055798460c889d1362fe55fd02017,472,492,-200.0,200,0,False,False,True
rules,2,8db93ccc4865e089db3128a000e03efe3e2055798460c889d1362fe55fd02017,473,493,-200.0,200,0,False,False,True
rules,2,8db93ccc4865e089db3128a000e03efe3e2055798460c889d1362fe55fd02017,474,494,-200.0,200,0,False,False,True
rules,2,8db93ccc4865e089db3128a000e03efe3e2055798460c889d1362fe55fd02017,481,481,-200.0,200,0,False,False,True
rules,2,8db93ccc4865e089db3128a000e03efe3e2055798460c889d1362fe55fd02017,482,482,-200.0,200,0,False,False,True
rules,2,8db93ccc4865e089db3128a000e03efe3e2055798460c889d1362fe55fd02017,483,483,-200.0,200,0,False,False,True
rules,2,8db93ccc4865e089db3128a000e03efe3e2055798460c889d1362fe55fd02017,484,484,-200.0,200,0,False,False,True
rules,2,8db93ccc4865e089db3128a000e03efe3e2055798460c889d1362fe55fd02017,486,486,-200.0,200,0,False,False,True
rules,2,8db93ccc4865e089db3128a000e03efe3e2055798460c889d1362fe55fd02017,487,487,-200.0,200,0,False,False,True
rules,2,8db93ccc4865e089db3128a000e03efe3e2055798460c889d1362fe55fd02017,488,488,-200.0,200,0,False,False,True
rules,2,8db93ccc4865e089db3128a000e03efe3e2055798460c889d1362fe55fd02017,489,489,-200.0,200,0,False,False,True
rules,2,8db93ccc4865e089db3128a000e03efe3e2055798460c889d1362fe55fd02017,491,491,-200.0,200,0,False,False,True
rules,2,8db93ccc4865e089db3128a000e03efe3e2055798460c889d1362fe55fd02017,492,492,-200.0,200,0,False,False,True
rules,2,8db93ccc4865e089db3128a000e03efe3e2055798460c889d1362fe55fd02017,493,493,-200.0,200,0,False,False,True
rules,2,8db93ccc4865e089db3128a000e03efe3e2055798460c889d1362fe55fd02017,494,494,-200.0,200,0,False,False,True
rules,3,e90b040e148bb1252c07d3423ccf6438a9344f1312daa8e5625f1a92cbbec393,1,1,-2000.0,200,200,False,False,True
rules,3,e90b040e148bb1252c07d3423ccf6438a9344f1312daa8e5625f1a92cbbec393,2,2,-200.0,200,0,False,False,True
rules,3,e90b040e148bb1252c07d3423ccf6438a9344f1312daa8e5625f1a92cbbec393,3,403,-200.0,200,0,False,False,True
rules,3,e90b040e148bb1252c07d3423ccf6438a9344f1312daa8e5625f1a92cbbec393,4,4,-200.0,200,0,False,False,True
rules,3,e90b040e148bb1252c07d3423ccf6438a9344f1312daa8e5625f1a92cbbec393,6,6,-200.0,200,0,False,False,True
rules,3,e90b040e148bb1252c07d3423ccf6438a9344f1312daa8e5625f1a92cbbec393,7,7,-200.0,200,0,False,False,True
rules,3,e90b040e148bb1252c07d3423ccf6438a9344f1312daa8e5625f1a92cbbec393,8,108,-1991.0,200,199,False,False,True
rules,3,e90b040e148bb1252c07d3423ccf6438a9344f1312daa8e5625f1a92cbbec393,9,9,-200.0,200,0,False,False,True
rules,3,e90b040e148bb1252c07d3423ccf6438a9344f1312daa8e5625f1a92cbbec393,11,211,-1982.0,200,198,False,False,True
rules,3,e90b040e148bb1252c07d3423ccf6438a9344f1312daa8e5625f1a92cbbec393,12,12,-200.0,200,0,False,False,True
rules,3,e90b040e148bb1252c07d3423ccf6438a9344f1312daa8e5625f1a92cbbec393,13,13,-200.0,200,0,False,False,True
rules,3,e90b040e148bb1252c07d3423ccf6438a9344f1312daa8e5625f1a92cbbec393,14,14,-200.0,200,0,False,False,True
rules,3,e90b040e148bb1252c07d3423ccf6438a9344f1312daa8e5625f1a92cbbec393,21,1,-1991.0,200,199,False,False,True
rules,3,e90b040e148bb1252c07d3423ccf6438a9344f1312daa8e5625f1a92cbbec393,22,222,-1982.0,200,198,False,False,True
rules,3,e90b040e148bb1252c07d3423ccf6438a9344f1312daa8e5625f1a92cbbec393,23,423,-200.0,200,0,False,False,True
rules,3,e90b040e148bb1252c07d3423ccf6438a9344f1312daa8e5625f1a92cbbec393,24,24,-200.0,200,0,False,False,True
rules,3,e90b040e148bb1252c07d3423ccf6438a9344f1312daa8e5625f1a92cbbec393,26,26,-200.0,200,0,False,False,True
rules,3,e90b040e148bb1252c07d3423ccf6438a9344f1312daa8e5625f1a92cbbec393,27,27,-200.0,200,0,False,False,True
rules,3,e90b040e148bb1252c07d3423ccf6438a9344f1312daa8e5625f1a92cbbec393,28,228,-1982.0,200,198,False,False,True
rules,3,e90b040e148bb1252c07d3423ccf6438a9344f1312daa8e5625f1a92cbbec393,29,29,-200.0,200,0,False,False,True
rules,3,e90b040e148bb1252c07d3423ccf6438a9344f1312daa8e5625f1a92cbbec393,31,431,-200.0,200,0,False,False,True
rules,3,e90b040e148bb1252c07d3423ccf6438a9344f1312daa8e5625f1a92cbbec393,32,12,-200.0,200,0,False,False,True
rules,3,e90b040e148bb1252c07d3423ccf6438a9344f1312daa8e5625f1a92cbbec393,33,13,-200.0,200,0,False,False,True
rules,3,e90b040e148bb1252c07d3423ccf6438a9344f1312daa8e5625f1a92cbbec393,34,234,-1982.0,200,198,False,False,True
rules,3,e90b040e148bb1252c07d3423ccf6438a9344f1312daa8e5625f1a92cbbec393,41,41,-200.0,200,0,False,False,True
rules,3,e90b040e148bb1252c07d3423ccf6438a9344f1312daa8e5625f1a92cbbec393,42,42,-200.0,200,0,False,False,True
rules,3,e90b040e148bb1252c07d3423ccf6438a9344f1312daa8e5625f1a92cbbec393,43,43,-200.0,200,0,False,False,True
rules,3,e90b040e148bb1252c07d3423ccf6438a9344f1312daa8e5625f1a92cbbec393,44,44,-200.0,200,0,False,False,True
rules,3,e90b040e148bb1252c07d3423ccf6438a9344f1312daa8e5625f1a92cbbec393,46,46,-200.0,200,0,False,False,True
rules,3,e90b040e148bb1252c07d3423ccf6438a9344f1312daa8e5625f1a92cbbec393,47,47,-200.0,200,0,False,False,True
rules,3,e90b040e148bb1252c07d3423ccf6438a9344f1312daa8e5625f1a92cbbec393,48,48,-200.0,200,0,False,False,True
rules,3,e90b040e148bb1252c07d3423ccf6438a9344f1312daa8e5625f1a92cbbec393,49,49,-200.0,200,0,False,False,True
rules,3,e90b040e148bb1252c07d3423ccf6438a9344f1312daa8e5625f1a92cbbec393,51,51,-200.0,200,0,False,False,True
rules,3,e90b040e148bb1252c07d3423ccf6438a9344f1312daa8e5625f1a92cbbec393,52,52,-200.0,200,0,False,False,True
rules,3,e90b040e148bb1252c07d3423ccf6438a9344f1312daa8e5625f1a92cbbec393,53,53,-200.0,200,0,False,False,True
rules,3,e90b040e148bb1252c07d3423ccf6438a9344f1312daa8e5625f1a92cbbec393,54,54,-200.0,200,0,False,False,True
rules,3,e90b040e148bb1252c07d3423ccf6438a9344f1312daa8e5625f1a92cbbec393,61,41,-200.0,200,0,False,False,True
rules,3,e90b040e148bb1252c07d3423ccf6438a9344f1312daa8e5625f1a92cbbec393,62,42,-200.0,200,0,False,False,True
rules,3,e90b040e148bb1252c07d3423ccf6438a9344f1312daa8e5625f1a92cbbec393,63,43,-200.0,200,0,False,False,True
rules,3,e90b040e148bb1252c07d3423ccf6438a9344f1312daa8e5625f1a92cbbec393,64,44,-200.0,200,0,False,False,True
rules,3,e90b040e148bb1252c07d3423ccf6438a9344f1312daa8e5625f1a92cbbec393,66,46,-200.0,200,0,False,False,True
rules,3,e90b040e148bb1252c07d3423ccf6438a9344f1312daa8e5625f1a92cbbec393,67,67,-2000.0,200,200,False,False,True
rules,3,e90b040e148bb1252c07d3423ccf6438a9344f1312daa8e5625f1a92cbbec393,68,48,-200.0,200,0,False,False,True
rules,3,e90b040e148bb1252c07d3423ccf6438a9344f1312daa8e5625f1a92cbbec393,69,49,-200.0,200,0,False,False,True
rules,3,e90b040e148bb1252c07d3423ccf6438a9344f1312daa8e5625f1a92cbbec393,71,51,-200.0,200,0,False,False,True
rules,3,e90b040e148bb1252c07d3423ccf6438a9344f1312daa8e5625f1a92cbbec393,72,52,-200.0,200,0,False,False,True
rules,3,e90b040e148bb1252c07d3423ccf6438a9344f1312daa8e5625f1a92cbbec393,73,53,-200.0,200,0,False,False,True
rules,3,e90b040e148bb1252c07d3423ccf6438a9344f1312daa8e5625f1a92cbbec393,74,54,-200.0,200,0,False,False,True
rules,3,e90b040e148bb1252c07d3423ccf6438a9344f1312daa8e5625f1a92cbbec393,81,41,-200.0,200,0,False,False,True
rules,3,e90b040e148bb1252c07d3423ccf6438a9344f1312daa8e5625f1a92cbbec393,82,42,-200.0,200,0,False,False,True
rules,3,e90b040e148bb1252c07d3423ccf6438a9344f1312daa8e5625f1a92cbbec393,83,43,-200.0,200,0,False,False,True
rules,3,e90b040e148bb1252c07d3423ccf6438a9344f1312daa8e5625f1a92cbbec393,84,84,-2000.0,200,200,False,False,True
rules,3,e90b040e148bb1252c07d3423ccf6438a9344f1312daa8e5625f1a92cbbec393,86,286,-1982.0,200,198,False,False,True
rules,3,e90b040e148bb1252c07d3423ccf6438a9344f1312daa8e5625f1a92cbbec393,87,59,-200.0,200,0,False,False,True
rules,3,e90b040e148bb1252c07d3423ccf6438a9344f1312daa8e5625f1a92cbbec393,88,48,-200.0,200,0,False,False,True
rules,3,e90b040e148bb1252c07d3423ccf6438a9344f1312daa8e5625f1a92cbbec393,89,49,-200.0,200,0,False,False,True
rules,3,e90b040e148bb1252c07d3423ccf6438a9344f1312daa8e5625f1a92cbbec393,91,51,-200.0,200,0,False,False,True
rules,3,e90b040e148bb1252c07d3423ccf6438a9344f1312daa8e5625f1a92cbbec393,92,52,-200.0,200,0,False,False,True
rules,3,e90b040e148bb1252c07d3423ccf6438a9344f1312daa8e5625f1a92cbbec393,93,53,-200.0,200,0,False,False,True
rules,3,e90b040e148bb1252c07d3423ccf6438a9344f1312daa8e5625f1a92cbbec393,94,54,-200.0,200,0,False,False,True
rules,3,e90b040e148bb1252c07d3423ccf6438a9344f1312daa8e5625f1a92cbbec393,101,101,-2000.0,200,200,False,False,True
rules,3,e90b040e148bb1252c07d3423ccf6438a9344f1312daa8e5625f1a92cbbec393,102,102,-200.0,200,0,False,False,True
rules,3,e90b040e148bb1252c07d3423ccf6438a9344f1312daa8e5625f1a92cbbec393,103,403,-200.0,200,0,False,False,True
rules,3,e90b040e148bb1252c07d3423ccf6438a9344f1312daa8e5625f1a92cbbec393,104,104,-2000.0,200,200,False,False,True
rules,3,e90b040e148bb1252c07d3423ccf6438a9344f1312daa8e5625f1a92cbbec393,106,206,-1991.0,200,199,False,False,True
rules,3,e90b040e148bb1252c07d3423ccf6438a9344f1312daa8e5625f1a92cbbec393,107,207,-1991.0,200,199,False,False,True
rules,3,e90b040e148bb1252c07d3423ccf6438a9344f1312daa8e5625f1a92cbbec393,108,108,-2000.0,200,200,False,False,True
rules,3,e90b040e148bb1252c07d3423ccf6438a9344f1312daa8e5625f1a92cbbec393,109,109,-2000.0,200,200,False,False,True
rules,3,e90b040e148bb1252c07d3423ccf6438a9344f1312daa8e5625f1a92cbbec393,111,211,-1991.0,200,199,False,False,True
rules,3,e90b040e148bb1252c07d3423ccf6438a9344f1312daa8e5625f1a92cbbec393,112,112,-2000.0,200,200,False,False,True
rules,3,e90b040e148bb1252c07d3423ccf6438a9344f1312daa8e5625f1a92cbbec393,113,113,-200.0,200,0,False,False,True
rules,3,e90b040e148bb1252c07d3423ccf6438a9344f1312daa8e5625f1a92cbbec393,114,114,-200.0,200,0,False,False,True
rules,3,e90b040e148bb1252c07d3423ccf6438a9344f1312daa8e5625f1a92cbbec393,121,101,-1991.0,200,199,False,False,True
rules,3,e90b040e148bb1252c07d3423ccf6438a9344f1312daa8e5625f1a92cbbec393,122,222,-1991.0,200,199,False,False,True
rules,3,e90b040e148bb1252c07d3423ccf6438a9344f1312daa8e5625f1a92cbbec393,123,423,-200.0,200,0,False,False,True
rules,3,e90b040e148bb1252c07d3423ccf6438a9344f1312daa8e5625f1a92cbbec393,124,124,-2000.0,200,200,False,False,True
rules,3,e90b040e148bb1252c07d3423ccf6438a9344f1312daa8e5625f1a92cbbec393,126,226,-1991.0,200,199,False,False,True
rules,3,e90b040e148bb1252c07d3423ccf6438a9344f1312daa8e5625f1a92cbbec393,127,427,-200.0,200,0,False,False,True
rules,3,e90b040e148bb1252c07d3423ccf6438a9344f1312daa8e5625f1a92cbbec393,128,228,-1991.0,200,199,False,False,True
rules,3,e90b040e148bb1252c07d3423ccf6438a9344f1312daa8e5625f1a92cbbec393,129,29,-200.0,200,0,False,False,True
rules,3,e90b040e148bb1252c07d3423ccf6438a9344f1312daa8e5625f1a92cbbec393,131,431,-200.0,200,0,False,False,True
rules,3,e90b040e148bb1252c07d3423ccf6438a9344f1312daa8e5625f1a92cbbec393,132,232,-1991.0,200,199,False,False,True
rules,3,e90b040e148bb1252c07d3423ccf6438a9344f1312daa8e5625f1a92cbbec393,133,13,-200.0,200,0,False,False,True
rules,3,e90b040e148bb1252c07d3423ccf6438a9344f1312daa8e5625f1a92cbbec393,134,234,-1991.0,200,199,False,False,True
rules,3,e90b040e148bb1252c07d3423ccf6438a9344f1312daa8e5625f1a92cbbec393,141,141,-200.0,200,0,False,False,True
rules,3,e90b040e148bb1252c07d3423ccf6438a9344f1312daa8e5625f1a92cbbec393,142,142,-200.0,200,0,False,False,True
rules,3,e90b040e148bb1252c07d3423ccf6438a9344f1312daa8e5625f1a92cbbec393,143,143,-200.0,200,0,False,False,True
rules,3,e90b040e148bb1252c07d3423ccf6438a9344f1312daa8e5625f1a92cbbec393,144,144,-200.0,200,0,False,False,True
rules,3,e90b040e148bb1252c07d3423ccf6438a9344f1312daa8e5625f1a92cbbec393,146,146,-200.0,200,0,False,False,True
rules,3,e90b040e148bb1252c07d3423ccf6438a9344f1312daa8e5625f1a92cbbec393,147,147,-200.0,200,0,False,False,True
rules,3,e90b040e148bb1252c07d3423ccf6438a9344f1312daa8e5625f1a92cbbec393,148,148,-200.0,200,0,False,False,True
rules,3,e90b040e148bb1252c07d3423ccf6438a9344f1312daa8e5625f1a92cbbec393,149,149,-200.0,200,0,False,False,True
rules,3,e90b040e148bb1252c07d3423ccf6438a9344f1312daa8e5625f1a92cbbec393,151,151,-200.0,200,0,False,False,True
rules,3,e90b040e148bb1252c07d3423ccf6438a9344f1312daa8e5625f1a92cbbec393,152,152,-200.0,200,0,False,False,True
rules,3,e90b040e148bb1252c07d3423ccf6438a9344f1312daa8e5625f1a92cbbec393,153,153,-200.0,200,0,False,False,True
rules,3,e90b040e148bb1252c07d3423ccf6438a9344f1312daa8e5625f1a92cbbec393,154,154,-200.0,200,0,False,False,True
rules,3,e90b040e148bb1252c07d3423ccf6438a9344f1312daa8e5625f1a92cbbec393,161,141,-200.0,200,0,False,False,True
rules,3,e90b040e148bb1252c07d3423ccf6438a9344f1312daa8e5625f1a92cbbec393,162,142,-200.0,200,0,False,False,True
rules,3,e90b040e148bb1252c07d3423ccf6438a9344f1312daa8e5625f1a92cbbec393,163,143,-200.0,200,0,False,False,True
rules,3,e90b040e148bb1252c07d3423ccf6438a9344f1312daa8e5625f1a92cbbec393,164,144,-200.0,200,0,False,False,True
rules,3,e90b040e148bb1252c07d3423ccf6438a9344f1312daa8e5625f1a92cbbec393,166,146,-200.0,200,0,False,False,True
rules,3,e90b040e148bb1252c07d3423ccf6438a9344f1312daa8e5625f1a92cbbec393,167,147,-200.0,200,0,False,False,True
rules,3,e90b040e148bb1252c07d3423ccf6438a9344f1312daa8e5625f1a92cbbec393,168,148,-200.0,200,0,False,False,True
rules,3,e90b040e148bb1252c07d3423ccf6438a9344f1312daa8e5625f1a92cbbec393,169,149,-200.0,200,0,False,False,True
rules,3,e90b040e148bb1252c07d3423ccf6438a9344f1312daa8e5625f1a92cbbec393,171,151,-200.0,200,0,False,False,True
rules,3,e90b040e148bb1252c07d3423ccf6438a9344f1312daa8e5625f1a92cbbec393,172,152,-200.0,200,0,False,False,True
rules,3,e90b040e148bb1252c07d3423ccf6438a9344f1312daa8e5625f1a92cbbec393,173,153,-200.0,200,0,False,False,True
rules,3,e90b040e148bb1252c07d3423ccf6438a9344f1312daa8e5625f1a92cbbec393,174,154,-200.0,200,0,False,False,True
rules,3,e90b040e148bb1252c07d3423ccf6438a9344f1312daa8e5625f1a92cbbec393,181,141,-200.0,200,0,False,False,True
rules,3,e90b040e148bb1252c07d3423ccf6438a9344f1312daa8e5625f1a92cbbec393,182,142,-200.0,200,0,False,False,True
rules,3,e90b040e148bb1252c07d3423ccf6438a9344f1312daa8e5625f1a92cbbec393,183,143,-200.0,200,0,False,False,True
rules,3,e90b040e148bb1252c07d3423ccf6438a9344f1312daa8e5625f1a92cbbec393,184,184,-2000.0,200,200,False,False,True
rules,3,e90b040e148bb1252c07d3423ccf6438a9344f1312daa8e5625f1a92cbbec393,186,286,-1991.0,200,199,False,False,True
rules,3,e90b040e148bb1252c07d3423ccf6438a9344f1312daa8e5625f1a92cbbec393,187,287,-1991.0,200,199,False,False,True
rules,3,e90b040e148bb1252c07d3423ccf6438a9344f1312daa8e5625f1a92cbbec393,188,288,-1991.0,200,199,False,False,True
rules,3,e90b040e148bb1252c07d3423ccf6438a9344f1312daa8e5625f1a92cbbec393,189,149,-200.0,200,0,False,False,True
rules,3,e90b040e148bb1252c07d3423ccf6438a9344f1312daa8e5625f1a92cbbec393,191,391,-1982.0,200,198,False,False,True
rules,3,e90b040e148bb1252c07d3423ccf6438a9344f1312daa8e5625f1a92cbbec393,192,152,-200.0,200,0,False,False,True
rules,3,e90b040e148bb1252c07d3423ccf6438a9344f1312daa8e5625f1a92cbbec393,193,153,-200.0,200,0,False,False,True
rules,3,e90b040e148bb1252c07d3423ccf6438a9344f1312daa8e5625f1a92cbbec393,194,154,-200.0,200,0,False,False,True
rules,3,e90b040e148bb1252c07d3423ccf6438a9344f1312daa8e5625f1a92cbbec393,201,201,-2000.0,200,200,False,False,True
rules,3,e90b040e148bb1252c07d3423ccf6438a9344f1312daa8e5625f1a92cbbec393,202,202,-2000.0,200,200,False,False,True
rules,3,e90b040e148bb1252c07d3423ccf6438a9344f1312daa8e5625f1a92cbbec393,203,403,-200.0,200,0,False,False,True
rules,3,e90b040e148bb1252c07d3423ccf6438a9344f1312daa8e5625f1a92cbbec393,204,204,-2000.0,200,200,False,False,True
rules,3,e90b040e148bb1252c07d3423ccf6438a9344f1312daa8e5625f1a92cbbec393,206,206,-2000.0,200,200,False,False,True
rules,3,e90b040e148bb1252c07d3423ccf6438a9344f1312daa8e5625f1a92cbbec393,207,207,-2000.0,200,200,False,False,True
rules,3,e90b040e148bb1252c07d3423ccf6438a9344f1312daa8e5625f1a92cbbec393,208,208,-2000.0,200,200,False,False,True
rules,3,e90b040e148bb1252c07d3423ccf6438a9344f1312daa8e5625f1a92cbbec393,209,209,-2000.0,200,200,False,False,True
rules,3,e90b040e148bb1252c07d3423ccf6438a9344f1312daa8e5625f1a92cbbec393,211,211,-2000.0,200,200,False,False,True
rules,3,e90b040e148bb1252c07d3423ccf6438a9344f1312daa8e5625f1a92cbbec393,212,212,-2000.0,200,200,False,False,True
rules,3,e90b040e148bb1252c07d3423ccf6438a9344f1312daa8e5625f1a92cbbec393,213,213,-2000.0,200,200,False,False,True
rules,3,e90b040e148bb1252c07d3423ccf6438a9344f1312daa8e5625f1a92cbbec393,214,214,-2000.0,200,200,False,False,True
rules,3,e90b040e148bb1252c07d3423ccf6438a9344f1312daa8e5625f1a92cbbec393,221,201,-1991.0,200,199,False,False,True
rules,3,e90b040e148bb1252c07d3423ccf6438a9344f1312daa8e5625f1a92cbbec393,222,222,-2000.0,200,200,False,False,True
rules,3,e90b040e148bb1252c07d3423ccf6438a9344f1312daa8e5625f1a92cbbec393,223,423,-200.0,200,0,False,False,True
rules,3,e90b040e148bb1252c07d3423ccf6438a9344f1312daa8e5625f1a92cbbec393,224,224,-2000.0,200,200,False,False,True
rules,3,e90b040e148bb1252c07d3423ccf6438a9344f1312daa8e5625f1a92cbbec393,226,226,-2000.0,200,200,False,False,True
rules,3,e90b040e148bb1252c07d3423ccf6438a9344f1312daa8e5625f1a92cbbec393,227,427,-200.0,200,0,False,False,True
rules,3,e90b040e148bb1252c07d3423ccf6438a9344f1312daa8e5625f1a92cbbec393,228,228,-2000.0,200,200,False,False,True
rules,3,e90b040e148bb1252c07d3423ccf6438a9344f1312daa8e5625f1a92cbbec393,229,229,-2000.0,200,200,False,False,True
rules,3,e90b040e148bb1252c07d3423ccf6438a9344f1312daa8e5625f1a92cbbec393,231,431,-200.0,200,0,False,False,True
rules,3,e90b040e148bb1252c07d3423ccf6438a9344f1312daa8e5625f1a92cbbec393,232,232,-2000.0,200,200,False,False,True
rules,3,e90b040e148bb1252c07d3423ccf6438a9344f1312daa8e5625f1a92cbbec393,233,233,-2000.0,200,200,False,False,True
rules,3,e90b040e148bb1252c07d3423ccf6438a9344f1312daa8e5625f1a92cbbec393,234,234,-2000.0,200,200,False,False,True
rules,3,e90b040e148bb1252c07d3423ccf6438a9344f1312daa8e5625f1a92cbbec393,241,201,-1982.0,200,198,False,False,True
rules,3,e90b040e148bb1252c07d3423ccf6438a9344f1312daa8e5625f1a92cbbec393,242,222,-1991.0,200,199,False,False,True
rules,3,e90b040e148bb1252c07d3423ccf6438a9344f1312daa8e5625f1a92cbbec393,243,423,-200.0,200,0,False,False,True
rules,3,e90b040e148bb1252c07d3423ccf6438a9344f1312daa8e5625f1a92cbbec393,244,224,-1991.0,200,199,False,False,True
rules,3,e90b040e148bb1252c07d3423ccf6438a9344f1312daa8e5625f1a92cbbec393,246,226,-1991.0,200,199,False,False,True
rules,3,e90b040e148bb1252c07d3423ccf6438a9344f1312daa8e5625f1a92cbbec393,247,427,-200.0,200,0,False,False,True
rules,3,e90b040e148bb1252c07d3423ccf6438a9344f1312daa8e5625f1a92cbbec393,248,228,-1991.0,200,199,False,False,True
rules,3,e90b040e148bb1252c07d3423ccf6438a9344f1312daa8e5625f1a92cbbec393,249,229,-1991.0,200,199,False,False,True
rules,3,e90b040e148bb1252c07d3423ccf6438a9344f1312daa8e5625f1a92cbbec393,251,431,-200.0,200,0,False,False,True
rules,3,e90b040e148bb1252c07d3423ccf6438a9344f1312daa8e5625f1a92cbbec393,252,232,-1991.0,200,199,False,False,True
rules,3,e90b040e148bb1252c07d3423ccf6438a9344f1312daa8e5625f1a92cbbec393,253,233,-1991.0,200,199,False,False,True
rules,3,e90b040e148bb1252c07d3423ccf6438a9344f1312daa8e5625f1a92cbbec393,254,234,-1991.0,200,199,False,False,True
rules,3,e90b040e148bb1252c07d3423ccf6438a9344f1312daa8e5625f1a92cbbec393,261,201,-1973.0,200,197,False,False,True
rules,3,e90b040e148bb1252c07d3423ccf6438a9344f1312daa8e5625f1a92cbbec393,262,222,-1982.0,200,198,False,False,True
rules,3,e90b040e148bb1252c07d3423ccf6438a9344f1312daa8e5625f1a92cbbec393,263,423,-200.0,200,0,False,False,True
rules,3,e90b040e148bb1252c07d3423ccf6438a9344f1312daa8e5625f1a92cbbec393,264,264,-2000.0,200,200,False,False,True
rules,3,e90b040e148bb1252c07d3423ccf6438a9344f1312daa8e5625f1a92cbbec393,266,226,-1982.0,200,198,False,False,True
rules,3,e90b040e148bb1252c07d3423ccf6438a9344f1312daa8e5625f1a92cbbec393,267,267,-2000.0,200,200,False,False,True
rules,3,e90b040e148bb1252c07d3423ccf6438a9344f1312daa8e5625f1a92cbbec393,268,228,-1982.0,200,198,False,False,True
rules,3,e90b040e148bb1252c07d3423ccf6438a9344f1312daa8e5625f1a92cbbec393,269,229,-1982.0,200,198,False,False,True
rules,3,e90b040e148bb1252c07d3423ccf6438a9344f1312daa8e5625f1a92cbbec393,271,271,-2000.0,200,200,False,False,True
rules,3,e90b040e148bb1252c07d3423ccf6438a9344f1312daa8e5625f1a92cbbec393,272,272,-2000.0,200,200,False,False,True
rules,3,e90b040e148bb1252c07d3423ccf6438a9344f1312daa8e5625f1a92cbbec393,273,233,-1982.0,200,198,False,False,True
rules,3,e90b040e148bb1252c07d3423ccf6438a9344f1312daa8e5625f1a92cbbec393,274,234,-1982.0,200,198,False,False,True
rules,3,e90b040e148bb1252c07d3423ccf6438a9344f1312daa8e5625f1a92cbbec393,281,201,-1964.0,200,196,False,False,True
rules,3,e90b040e148bb1252c07d3423ccf6438a9344f1312daa8e5625f1a92cbbec393,282,222,-1973.0,200,197,False,False,True
rules,3,e90b040e148bb1252c07d3423ccf6438a9344f1312daa8e5625f1a92cbbec393,283,423,-200.0,200,0,False,False,True
rules,3,e90b040e148bb1252c07d3423ccf6438a9344f1312daa8e5625f1a92cbbec393,284,284,-2000.0,200,200,False,False,True
rules,3,e90b040e148bb1252c07d3423ccf6438a9344f1312daa8e5625f1a92cbbec393,286,286,-2000.0,200,200,False,False,True
rules,3,e90b040e148bb1252c07d3423ccf6438a9344f1312daa8e5625f1a92cbbec393,287,287,-2000.0,200,200,False,False,True
rules,3,e90b040e148bb1252c07d3423ccf6438a9344f1312daa8e5625f1a92cbbec393,288,288,-2000.0,200,200,False,False,True
rules,3,e90b040e148bb1252c07d3423ccf6438a9344f1312daa8e5625f1a92cbbec393,289,289,-2000.0,200,200,False,False,True
rules,3,e90b040e148bb1252c07d3423ccf6438a9344f1312daa8e5625f1a92cbbec393,291,391,-1991.0,200,199,False,False,True
rules,3,e90b040e148bb1252c07d3423ccf6438a9344f1312daa8e5625f1a92cbbec393,292,292,-2000.0,200,200,False,False,True
rules,3,e90b040e148bb1252c07d3423ccf6438a9344f1312daa8e5625f1a92cbbec393,293,293,-2000.0,200,200,False,False,True
rules,3,e90b040e148bb1252c07d3423ccf6438a9344f1312daa8e5625f1a92cbbec393,294,294,-2000.0,200,200,False,False,True
rules,3,e90b040e148bb1252c07d3423ccf6438a9344f1312daa8e5625f1a92cbbec393,301,301,-2000.0,200,200,False,False,True
rules,3,e90b040e148bb1252c07d3423ccf6438a9344f1312daa8e5625f1a92cbbec393,302,302,-2000.0,200,200,False,False,True
rules,3,e90b040e148bb1252c07d3423ccf6438a9344f1312daa8e5625f1a92cbbec393,303,403,-200.0,200,0,False,False,True
rules,3,e90b040e148bb1252c07d3423ccf6438a9344f1312daa8e5625f1a92cbbec393,304,304,-2000.0,200,200,False,False,True
rules,3,e90b040e148bb1252c07d3423ccf6438a9344f1312daa8e5625f1a92cbbec393,306,306,-2000.0,200,200,False,False,True
rules,3,e90b040e148bb1252c07d3423ccf6438a9344f1312daa8e5625f1a92cbbec393,307,307,-2000.0,200,200,False,False,True
rules,3,e90b040e148bb1252c07d3423ccf6438a9344f1312daa8e5625f1a92cbbec393,308,308,-2000.0,200,200,False,False,True
rules,3,e90b040e148bb1252c07d3423ccf6438a9344f1312daa8e5625f1a92cbbec393,309,309,-2000.0,200,200,False,False,True
rules,3,e90b040e148bb1252c07d3423ccf6438a9344f1312daa8e5625f1a92cbbec393,311,311,-2000.0,200,200,False,False,True
rules,3,e90b040e148bb1252c07d3423ccf6438a9344f1312daa8e5625f1a92cbbec393,312,312,-2000.0,200,200,False,False,True
rules,3,e90b040e148bb1252c07d3423ccf6438a9344f1312daa8e5625f1a92cbbec393,313,313,-2000.0,200,200,False,False,True
rules,3,e90b040e148bb1252c07d3423ccf6438a9344f1312daa8e5625f1a92cbbec393,314,314,-2000.0,200,200,False,False,True
rules,3,e90b040e148bb1252c07d3423ccf6438a9344f1312daa8e5625f1a92cbbec393,321,321,-2000.0,200,200,False,False,True
rules,3,e90b040e148bb1252c07d3423ccf6438a9344f1312daa8e5625f1a92cbbec393,322,422,-200.0,200,0,False,False,True
rules,3,e90b040e148bb1252c07d3423ccf6438a9344f1312daa8e5625f1a92cbbec393,323,423,-200.0,200,0,False,False,True
rules,3,e90b040e148bb1252c07d3423ccf6438a9344f1312daa8e5625f1a92cbbec393,324,324,-2000.0,200,200,False,False,True
rules,3,e90b040e148bb1252c07d3423ccf6438a9344f1312daa8e5625f1a92cbbec393,326,426,-200.0,200,0,False,False,True
rules,3,e90b040e148bb1252c07d3423ccf6438a9344f1312daa8e5625f1a92cbbec393,327,427,-200.0,200,0,False,False,True
rules,3,e90b040e148bb1252c07d3423ccf6438a9344f1312daa8e5625f1a92cbbec393,328,428,-200.0,200,0,False,False,True
rules,3,e90b040e148bb1252c07d3423ccf6438a9344f1312daa8e5625f1a92cbbec393,329,329,-2000.0,200,200,False,False,True
rules,3,e90b040e148bb1252c07d3423ccf6438a9344f1312daa8e5625f1a92cbbec393,331,431,-200.0,200,0,False,False,True
rules,3,e90b040e148bb1252c07d3423ccf6438a9344f1312daa8e5625f1a92cbbec393,332,332,-2000.0,200,200,False,False,True
rules,3,e90b040e148bb1252c07d3423ccf6438a9344f1312daa8e5625f1a92cbbec393,333,333,-2000.0,200,200,False,False,True
rules,3,e90b040e148bb1252c07d3423ccf6438a9344f1312daa8e5625f1a92cbbec393,334,434,-200.0,200,0,False,False,True
rules,3,e90b040e148bb1252c07d3423ccf6438a9344f1312daa8e5625f1a92cbbec393,341,321,-1991.0,200,199,False,False,True
rules,3,e90b040e148bb1252c07d3423ccf6438a9344f1312daa8e5625f1a92cbbec393,342,422,-200.0,200,0,False,False,True
rules,3,e90b040e148bb1252c07d3423ccf6438a9344f1312daa8e5625f1a92cbbec393,343,423,-200.0,200,0,False,False,True
rules,3,e90b040e148bb1252c07d3423ccf6438a9344f1312daa8e5625f1a92cbbec393,344,344,-2000.0,200,200,False,False,True
rules,3,e90b040e148bb1252c07d3423ccf6438a9344f1312daa8e5625f1a92cbbec393,346,346,-2000.0,200,200,False,False,True
rules,3,e90b040e148bb1252c07d3423ccf6438a9344f1312daa8e5625f1a92cbbec393,347,427,-200.0,200,0,False,False,True
rules,3,e90b040e148bb1252c07d3423ccf6438a9344f1312daa8e5625f1a92cbbec393,348,348,-2000.0,200,200,False,False,True
rules,3,e90b040e148bb1252c07d3423ccf6438a9344f1312daa8e5625f1a92cbbec393,349,349,-2000.0,200,200,False,False,True
rules,3,e90b040e148bb1252c07d3423ccf6438a9344f1312daa8e5625f1a92cbbec393,351,451,-200.0,200,0,False,False,True
rules,3,e90b040e148bb1252c07d3423ccf6438a9344f1312daa8e5625f1a92cbbec393,352,332,-1991.0,200,199,False,False,True
rules,3,e90b040e148bb1252c07d3423ccf6438a9344f1312daa8e5625f1a92cbbec393,353,333,-1991.0,200,199,False,False,True
rules,3,e90b040e148bb1252c07d3423ccf6438a9344f1312daa8e5625f1a92cbbec393,354,354,-2000.0,200,200,False,False,True
rules,3,e90b040e148bb1252c07d3423ccf6438a9344f1312daa8e5625f1a92cbbec393,361,361,-200.0,200,0,False,False,True
rules,3,e90b040e148bb1252c07d3423ccf6438a9344f1312daa8e5625f1a92cbbec393,362,362,-200.0,200,0,False,False,True
rules,3,e90b040e148bb1252c07d3423ccf6438a9344f1312daa8e5625f1a92cbbec393,363,363,-200.0,200,0,False,False,True
rules,3,e90b040e148bb1252c07d3423ccf6438a9344f1312daa8e5625f1a92cbbec393,364,364,-2000.0,200,200,False,False,True
rules,3,e90b040e148bb1252c07d3423ccf6438a9344f1312daa8e5625f1a92cbbec393,366,466,-200.0,200,0,False,False,True
rules,3,e90b040e148bb1252c07d3423ccf6438a9344f1312daa8e5625f1a92cbbec393,367,367,-2000.0,200,200,False,False,True
rules,3,e90b040e148bb1252c07d3423ccf6438a9344f1312daa8e5625f1a92cbbec393,368,368,-2000.0,200,200,False,False,True
rules,3,e90b040e148bb1252c07d3423ccf6438a9344f1312daa8e5625f1a92cbbec393,369,369,-2000.0,200,200,False,False,True
rules,3,e90b040e148bb1252c07d3423ccf6438a9344f1312daa8e5625f1a92cbbec393,371,371,-2000.0,200,200,False,False,True
rules,3,e90b040e148bb1252c07d3423ccf6438a9344f1312daa8e5625f1a92cbbec393,372,372,-2000.0,200,200,False,False,True
rules,3,e90b040e148bb1252c07d3423ccf6438a9344f1312daa8e5625f1a92cbbec393,373,373,-2000.0,200,200,False,False,True
rules,3,e90b040e148bb1252c07d3423ccf6438a9344f1312daa8e5625f1a92cbbec393,374,374,-2000.0,200,200,False,False,True
rules,3,e90b040e148bb1252c07d3423ccf6438a9344f1312daa8e5625f1a92cbbec393,381,381,-2000.0,200,200,False,False,True
rules,3,e90b040e148bb1252c07d3423ccf6438a9344f1312daa8e5625f1a92cbbec393,382,382,-2000.0,200,200,False,False,True
rules,3,e90b040e148bb1252c07d3423ccf6438a9344f1312daa8e5625f1a92cbbec393,383,383,-2000.0,200,200,False,False,True
rules,3,e90b040e148bb1252c07d3423ccf6438a9344f1312daa8e5625f1a92cbbec393,384,384,-2000.0,200,200,False,False,True
rules,3,e90b040e148bb1252c07d3423ccf6438a9344f1312daa8e5625f1a92cbbec393,386,386,-2000.0,200,200,False,False,True
rules,3,e90b040e148bb1252c07d3423ccf6438a9344f1312daa8e5625f1a92cbbec393,387,387,-2000.0,200,200,False,False,True
rules,3,e90b040e148bb1252c07d3423ccf6438a9344f1312daa8e5625f1a92cbbec393,388,388,-2000.0,200,200,False,False,True
rules,3,e90b040e148bb1252c07d3423ccf6438a9344f1312daa8e5625f1a92cbbec393,389,389,-2000.0,200,200,False,False,True
rules,3,e90b040e148bb1252c07d3423ccf6438a9344f1312daa8e5625f1a92cbbec393,391,391,-2000.0,200,200,False,False,True
rules,3,e90b040e148bb1252c07d3423ccf6438a9344f1312daa8e5625f1a92cbbec393,392,392,-2000.0,200,200,False,False,True
rules,3,e90b040e148bb1252c07d3423ccf6438a9344f1312daa8e5625f1a92cbbec393,393,393,-2000.0,200,200,False,False,True
rules,3,e90b040e148bb1252c07d3423ccf6438a9344f1312daa8e5625f1a92cbbec393,394,394,-2000.0,200,200,False,False,True
rules,3,e90b040e148bb1252c07d3423ccf6438a9344f1312daa8e5625f1a92cbbec393,401,401,-200.0,200,0,False,False,True
rules,3,e90b040e148bb1252c07d3423ccf6438a9344f1312daa8e5625f1a92cbbec393,402,402,-200.0,200,0,False,False,True
rules,3,e90b040e148bb1252c07d3423ccf6438a9344f1312daa8e5625f1a92cbbec393,403,403,-200.0,200,0,False,False,True
rules,3,e90b040e148bb1252c07d3423ccf6438a9344f1312daa8e5625f1a92cbbec393,404,404,-200.0,200,0,False,False,True
rules,3,e90b040e148bb1252c07d3423ccf6438a9344f1312daa8e5625f1a92cbbec393,406,406,-200.0,200,0,False,False,True
rules,3,e90b040e148bb1252c07d3423ccf6438a9344f1312daa8e5625f1a92cbbec393,407,407,-200.0,200,0,False,False,True
rules,3,e90b040e148bb1252c07d3423ccf6438a9344f1312daa8e5625f1a92cbbec393,408,408,-200.0,200,0,False,False,True
rules,3,e90b040e148bb1252c07d3423ccf6438a9344f1312daa8e5625f1a92cbbec393,409,409,-200.0,200,0,False,False,True
rules,3,e90b040e148bb1252c07d3423ccf6438a9344f1312daa8e5625f1a92cbbec393,411,411,-200.0,200,0,False,False,True
rules,3,e90b040e148bb1252c07d3423ccf6438a9344f1312daa8e5625f1a92cbbec393,412,412,-200.0,200,0,False,False,True
rules,3,e90b040e148bb1252c07d3423ccf6438a9344f1312daa8e5625f1a92cbbec393,413,413,-200.0,200,0,False,False,True
rules,3,e90b040e148bb1252c07d3423ccf6438a9344f1312daa8e5625f1a92cbbec393,414,414,-200.0,200,0,False,False,True
rules,3,e90b040e148bb1252c07d3423ccf6438a9344f1312daa8e5625f1a92cbbec393,421,421,-200.0,200,0,False,False,True
rules,3,e90b040e148bb1252c07d3423ccf6438a9344f1312daa8e5625f1a92cbbec393,422,422,-200.0,200,0,False,False,True
rules,3,e90b040e148bb1252c07d3423ccf6438a9344f1312daa8e5625f1a92cbbec393,423,423,-200.0,200,0,False,False,True
rules,3,e90b040e148bb1252c07d3423ccf6438a9344f1312daa8e5625f1a92cbbec393,424,424,-200.0,200,0,False,False,True
rules,3,e90b040e148bb1252c07d3423ccf6438a9344f1312daa8e5625f1a92cbbec393,426,426,-200.0,200,0,False,False,True
rules,3,e90b040e148bb1252c07d3423ccf6438a9344f1312daa8e5625f1a92cbbec393,427,427,-200.0,200,0,False,False,True
rules,3,e90b040e148bb1252c07d3423ccf6438a9344f1312daa8e5625f1a92cbbec393,428,428,-200.0,200,0,False,False,True
rules,3,e90b040e148bb1252c07d3423ccf6438a9344f1312daa8e5625f1a92cbbec393,429,429,-200.0,200,0,False,False,True
rules,3,e90b040e148bb1252c07d3423ccf6438a9344f1312daa8e5625f1a92cbbec393,431,431,-200.0,200,0,False,False,True
rules,3,e90b040e148bb1252c07d3423ccf6438a9344f1312daa8e5625f1a92cbbec393,432,432,-200.0,200,0,False,False,True
rules,3,e90b040e148bb1252c07d3423ccf6438a9344f1312daa8e5625f1a92cbbec393,433,433,-200.0,200,0,False,False,True
rules,3,e90b040e148bb1252c07d3423ccf6438a9344f1312daa8e5625f1a92cbbec393,434,434,-200.0,200,0,False,False,True
rules,3,e90b040e148bb1252c07d3423ccf6438a9344f1312daa8e5625f1a92cbbec393,441,421,-200.0,200,0,False,False,True
rules,3,e90b040e148bb1252c07d3423ccf6438a9344f1312daa8e5625f1a92cbbec393,442,422,-200.0,200,0,False,False,True
rules,3,e90b040e148bb1252c07d3423ccf6438a9344f1312daa8e5625f1a92cbbec393,443,423,-200.0,200,0,False,False,True
rules,3,e90b040e148bb1252c07d3423ccf6438a9344f1312daa8e5625f1a92cbbec393,444,424,-200.0,200,0,False,False,True
rules,3,e90b040e148bb1252c07d3423ccf6438a9344f1312daa8e5625f1a92cbbec393,446,446,-200.0,200,0,False,False,True
rules,3,e90b040e148bb1252c07d3423ccf6438a9344f1312daa8e5625f1a92cbbec393,447,427,-200.0,200,0,False,False,True
rules,3,e90b040e148bb1252c07d3423ccf6438a9344f1312daa8e5625f1a92cbbec393,448,428,-200.0,200,0,False,False,True
rules,3,e90b040e148bb1252c07d3423ccf6438a9344f1312daa8e5625f1a92cbbec393,449,429,-200.0,200,0,False,False,True
rules,3,e90b040e148bb1252c07d3423ccf6438a9344f1312daa8e5625f1a92cbbec393,451,451,-200.0,200,0,False,False,True
rules,3,e90b040e148bb1252c07d3423ccf6438a9344f1312daa8e5625f1a92cbbec393,452,432,-200.0,200,0,False,False,True
rules,3,e90b040e148bb1252c07d3423ccf6438a9344f1312daa8e5625f1a92cbbec393,453,433,-200.0,200,0,False,False,True
rules,3,e90b040e148bb1252c07d3423ccf6438a9344f1312daa8e5625f1a92cbbec393,454,434,-200.0,200,0,False,False,True
rules,3,e90b040e148bb1252c07d3423ccf6438a9344f1312daa8e5625f1a92cbbec393,461,461,-200.0,200,0,False,False,True
rules,3,e90b040e148bb1252c07d3423ccf6438a9344f1312daa8e5625f1a92cbbec393,462,462,-200.0,200,0,False,False,True
rules,3,e90b040e148bb1252c07d3423ccf6438a9344f1312daa8e5625f1a92cbbec393,463,463,-200.0,200,0,False,False,True
rules,3,e90b040e148bb1252c07d3423ccf6438a9344f1312daa8e5625f1a92cbbec393,464,464,-200.0,200,0,False,False,True
rules,3,e90b040e148bb1252c07d3423ccf6438a9344f1312daa8e5625f1a92cbbec393,466,466,-200.0,200,0,False,False,True
rules,3,e90b040e148bb1252c07d3423ccf6438a9344f1312daa8e5625f1a92cbbec393,467,467,-200.0,200,0,False,False,True
rules,3,e90b040e148bb1252c07d3423ccf6438a9344f1312daa8e5625f1a92cbbec393,468,468,-200.0,200,0,False,False,True
rules,3,e90b040e148bb1252c07d3423ccf6438a9344f1312daa8e5625f1a92cbbec393,469,469,-200.0,200,0,False,False,True
rules,3,e90b040e148bb1252c07d3423ccf6438a9344f1312daa8e5625f1a92cbbec393,471,471,-200.0,200,0,False,False,True
rules,3,e90b040e148bb1252c07d3423ccf6438a9344f1312daa8e5625f1a92cbbec393,472,472,-200.0,200,0,False,False,True
rules,3,e90b040e148bb1252c07d3423ccf6438a9344f1312daa8e5625f1a92cbbec393,473,473,-200.0,200,0,False,False,True
rules,3,e90b040e148bb1252c07d3423ccf6438a9344f1312daa8e5625f1a92cbbec393,474,474,-200.0,200,0,False,False,True
rules,3,e90b040e148bb1252c07d3423ccf6438a9344f1312daa8e5625f1a92cbbec393,481,481,-200.0,200,0,False,False,True
rules,3,e90b040e148bb1252c07d3423ccf6438a9344f1312daa8e5625f1a92cbbec393,482,482,-200.0,200,0,False,False,True
rules,3,e90b040e148bb1252c07d3423ccf6438a9344f1312daa8e5625f1a92cbbec393,483,483,-200.0,200,0,False,False,True
rules,3,e90b040e148bb1252c07d3423ccf6438a9344f1312daa8e5625f1a92cbbec393,484,484,-200.0,200,0,False,False,True
rules,3,e90b040e148bb1252c07d3423ccf6438a9344f1312daa8e5625f1a92cbbec393,486,486,-200.0,200,0,False,False,True
rules,3,e90b040e148bb1252c07d3423ccf6438a9344f1312daa8e5625f1a92cbbec393,487,487,-200.0,200,0,False,False,True
rules,3,e90b040e148bb1252c07d3423ccf6438a9344f1312daa8e5625f1a92cbbec393,488,488,-200.0,200,0,False,False,True
rules,3,e90b040e148bb1252c07d3423ccf6438a9344f1312daa8e5625f1a92cbbec393,489,469,-200.0,200,0,False,False,True
rules,3,e90b040e148bb1252c07d3423ccf6438a9344f1312daa8e5625f1a92cbbec393,491,491,-200.0,200,0,False,False,True
rules,3,e90b040e148bb1252c07d3423ccf6438a9344f1312daa8e5625f1a92cbbec393,492,492,-200.0,200,0,False,False,True
rules,3,e90b040e148bb1252c07d3423ccf6438a9344f1312daa8e5625f1a92cbbec393,493,493,-200.0,200,0,False,False,True
rules,3,e90b040e148bb1252c07d3423ccf6438a9344f1312daa8e5625f1a92cbbec393,494,494,-200.0,200,0,False,False,True
rules,4,331b028e2fd6660275287014b29544fc86ac3162e256dab2f3ac183b9984d0ba,1,1,-200.0,200,0,False,False,True
rules,4,331b028e2fd6660275287014b29544fc86ac3162e256dab2f3ac183b9984d0ba,2,2,-200.0,200,0,False,False,True
rules,4,331b028e2fd6660275287014b29544fc86ac3162e256dab2f3ac183b9984d0ba,3,3,-200.0,200,0,False,False,True
rules,4,331b028e2fd6660275287014b29544fc86ac3162e256dab2f3ac183b9984d0ba,4,4,-200.0,200,0,False,False,True
rules,4,331b028e2fd6660275287014b29544fc86ac3162e256dab2f3ac183b9984d0ba,6,6,-200.0,200,0,False,False,True
rules,4,331b028e2fd6660275287014b29544fc86ac3162e256dab2f3ac183b9984d0ba,7,7,-200.0,200,0,False,False,True
rules,4,331b028e2fd6660275287014b29544fc86ac3162e256dab2f3ac183b9984d0ba,8,8,-2000.0,200,200,False,False,True
rules,4,331b028e2fd6660275287014b29544fc86ac3162e256dab2f3ac183b9984d0ba,9,9,-200.0,200,0,False,False,True
rules,4,331b028e2fd6660275287014b29544fc86ac3162e256dab2f3ac183b9984d0ba,11,11,-200.0,200,0,False,False,True
rules,4,331b028e2fd6660275287014b29544fc86ac3162e256dab2f3ac183b9984d0ba,12,12,-2000.0,200,200,False,False,True
rules,4,331b028e2fd6660275287014b29544fc86ac3162e256dab2f3ac183b9984d0ba,13,13,-200.0,200,0,False,False,True
rules,4,331b028e2fd6660275287014b29544fc86ac3162e256dab2f3ac183b9984d0ba,14,14,-200.0,200,0,False,False,True
rules,4,331b028e2fd6660275287014b29544fc86ac3162e256dab2f3ac183b9984d0ba,21,21,-200.0,200,0,False,False,True
rules,4,331b028e2fd6660275287014b29544fc86ac3162e256dab2f3ac183b9984d0ba,22,22,-200.0,200,0,False,False,True
rules,4,331b028e2fd6660275287014b29544fc86ac3162e256dab2f3ac183b9984d0ba,23,23,-200.0,200,0,False,False,True
rules,4,331b028e2fd6660275287014b29544fc86ac3162e256dab2f3ac183b9984d0ba,24,24,-200.0,200,0,False,False,True
rules,4,331b028e2fd6660275287014b29544fc86ac3162e256dab2f3ac183b9984d0ba,26,26,-200.0,200,0,False,False,True
rules,4,331b028e2fd6660275287014b29544fc86ac3162e256dab2f3ac183b9984d0ba,27,27,-200.0,200,0,False,False,True
rules,4,331b028e2fd6660275287014b29544fc86ac3162e256dab2f3ac183b9984d0ba,28,28,-2000.0,200,200,False,False,True
rules,4,331b028e2fd6660275287014b29544fc86ac3162e256dab2f3ac183b9984d0ba,29,29,-200.0,200,0,False,False,True
rules,4,331b028e2fd6660275287014b29544fc86ac3162e256dab2f3ac183b9984d0ba,31,31,-200.0,200,0,False,False,True
rules,4,331b028e2fd6660275287014b29544fc86ac3162e256dab2f3ac183b9984d0ba,32,32,-200.0,200,0,False,False,True
rules,4,331b028e2fd6660275287014b29544fc86ac3162e256dab2f3ac183b9984d0ba,33,33,-200.0,200,0,False,False,True
rules,4,331b028e2fd6660275287014b29544fc86ac3162e256dab2f3ac183b9984d0ba,34,34,-200.0,200,0,False,False,True
rules,4,331b028e2fd6660275287014b29544fc86ac3162e256dab2f3ac183b9984d0ba,41,41,-200.0,200,0,False,False,True
rules,4,331b028e2fd6660275287014b29544fc86ac3162e256dab2f3ac183b9984d0ba,42,42,-200.0,200,0,False,False,True
rules,4,331b028e2fd6660275287014b29544fc86ac3162e256dab2f3ac183b9984d0ba,43,43,-200.0,200,0,False,False,True
rules,4,331b028e2fd6660275287014b29544fc86ac3162e256dab2f3ac183b9984d0ba,44,44,-200.0,200,0,False,False,True
rules,4,331b028e2fd6660275287014b29544fc86ac3162e256dab2f3ac183b9984d0ba,46,46,-200.0,200,0,False,False,True
rules,4,331b028e2fd6660275287014b29544fc86ac3162e256dab2f3ac183b9984d0ba,47,47,-200.0,200,0,False,False,True
rules,4,331b028e2fd6660275287014b29544fc86ac3162e256dab2f3ac183b9984d0ba,48,48,-2000.0,200,200,False,False,True
rules,4,331b028e2fd6660275287014b29544fc86ac3162e256dab2f3ac183b9984d0ba,49,49,-200.0,200,0,False,False,True
rules,4,331b028e2fd6660275287014b29544fc86ac3162e256dab2f3ac183b9984d0ba,51,51,-200.0,200,0,False,False,True
rules,4,331b028e2fd6660275287014b29544fc86ac3162e256dab2f3ac183b9984d0ba,52,52,-200.0,200,0,False,False,True
rules,4,331b028e2fd6660275287014b29544fc86ac3162e256dab2f3ac183b9984d0ba,53,53,-200.0,200,0,False,False,True
rules,4,331b028e2fd6660275287014b29544fc86ac3162e256dab2f3ac183b9984d0ba,54,54,-200.0,200,0,False,False,True
rules,4,331b028e2fd6660275287014b29544fc86ac3162e256dab2f3ac183b9984d0ba,61,41,-200.0,200,0,False,False,True
rules,4,331b028e2fd6660275287014b29544fc86ac3162e256dab2f3ac183b9984d0ba,62,42,-200.0,200,0,False,False,True
rules,4,331b028e2fd6660275287014b29544fc86ac3162e256dab2f3ac183b9984d0ba,63,63,-200.0,200,0,False,False,True
rules,4,331b028e2fd6660275287014b29544fc86ac3162e256dab2f3ac183b9984d0ba,64,44,-200.0,200,0,False,False,True
rules,4,331b028e2fd6660275287014b29544fc86ac3162e256dab2f3ac183b9984d0ba,66,46,-200.0,200,0,False,False,True
rules,4,331b028e2fd6660275287014b29544fc86ac3162e256dab2f3ac183b9984d0ba,67,67,-200.0,200,0,False,False,True
rules,4,331b028e2fd6660275287014b29544fc86ac3162e256dab2f3ac183b9984d0ba,68,68,-2000.0,200,200,False,False,True
rules,4,331b028e2fd6660275287014b29544fc86ac3162e256dab2f3ac183b9984d0ba,69,49,-200.0,200,0,False,False,True
rules,4,331b028e2fd6660275287014b29544fc86ac3162e256dab2f3ac183b9984d0ba,71,71,-200.0,200,0,False,False,True
rules,4,331b028e2fd6660275287014b29544fc86ac3162e256dab2f3ac183b9984d0ba,72,72,-2000.0,200,200,False,False,True
rules,4,331b028e2fd6660275287014b29544fc86ac3162e256dab2f3ac183b9984d0ba,73,73,-200.0,200,0,False,False,True
rules,4,331b028e2fd6660275287014b29544fc86ac3162e256dab2f3ac183b9984d0ba,74,54,-200.0,200,0,False,False,True
rules,4,331b028e2fd6660275287014b29544fc86ac3162e256dab2f3ac183b9984d0ba,81,81,-200.0,200,0,False,False,True
rules,4,331b028e2fd6660275287014b29544fc86ac3162e256dab2f3ac183b9984d0ba,82,82,-200.0,200,0,False,False,True
rules,4,331b028e2fd6660275287014b29544fc86ac3162e256dab2f3ac183b9984d0ba,83,83,-200.0,200,0,False,False,True
rules,4,331b028e2fd6660275287014b29544fc86ac3162e256dab2f3ac183b9984d0ba,84,84,-200.0,200,0,False,False,True
rules,4,331b028e2fd6660275287014b29544fc86ac3162e256dab2f3ac183b9984d0ba,86,86,-200.0,200,0,False,False,True
rules,4,331b028e2fd6660275287014b29544fc86ac3162e256dab2f3ac183b9984d0ba,87,87,-200.0,200,0,False,False,True
rules,4,331b028e2fd6660275287014b29544fc86ac3162e256dab2f3ac183b9984d0ba,88,88,-2000.0,200,200,False,False,True
rules,4,331b028e2fd6660275287014b29544fc86ac3162e256dab2f3ac183b9984d0ba,89,89,-200.0,200,0,False,False,True
rules,4,331b028e2fd6660275287014b29544fc86ac3162e256dab2f3ac183b9984d0ba,91,91,-200.0,200,0,False,False,True
rules,4,331b028e2fd6660275287014b29544fc86ac3162e256dab2f3ac183b9984d0ba,92,92,-200.0,200,0,False,False,True
rules,4,331b028e2fd6660275287014b29544fc86ac3162e256dab2f3ac183b9984d0ba,93,93,-200.0,200,0,False,False,True
rules,4,331b028e2fd6660275287014b29544fc86ac3162e256dab2f3ac183b9984d0ba,94,94,-200.0,200,0,False,False,True
rules,4,331b028e2fd6660275287014b29544fc86ac3162e256dab2f3ac183b9984d0ba,101,1,-200.0,200,0,False,False,True
rules,4,331b028e2fd6660275287014b29544fc86ac3162e256dab2f3ac183b9984d0ba,102,2,-200.0,200,0,False,False,True
rules,4,331b028e2fd6660275287014b29544fc86ac3162e256dab2f3ac183b9984d0ba,103,3,-200.0,200,0,False,False,True
rules,4,331b028e2fd6660275287014b29544fc86ac3162e256dab2f3ac183b9984d0ba,104,4,-200.0,200,0,False,False,True
rules,4,331b028e2fd6660275287014b29544fc86ac3162e256dab2f3ac183b9984d0ba,106,6,-200.0,200,0,False,False,True
rules,4,331b028e2fd6660275287014b29544fc86ac3162e256dab2f3ac183b9984d0ba,107,7,-200.0,200,0,False,False,True
rules,4,331b028e2fd6660275287014b29544fc86ac3162e256dab2f3ac183b9984d0ba,108,108,-2000.0,200,200,False,False,True
rules,4,331b028e2fd6660275287014b29544fc86ac3162e256dab2f3ac183b9984d0ba,109,9,-200.0,200,0,False,False,True
rules,4,331b028e2fd6660275287014b29544fc86ac3162e256dab2f3ac183b9984d0ba,111,11,-200.0,200,0,False,False,True
rules,4,331b028e2fd6660275287014b29544fc86ac3162e256dab2f3ac183b9984d0ba,112,112,-2000.0,200,200,False,False,True
rules,4,331b028e2fd6660275287014b29544fc86ac3162e256dab2f3ac183b9984d0ba,113,13,-200.0,200,0,False,False,True
rules,4,331b028e2fd6660275287014b29544fc86ac3162e256dab2f3ac183b9984d0ba,114,14,-200.0,200,0,False,False,True
rules,4,331b028e2fd6660275287014b29544fc86ac3162e256dab2f3ac183b9984d0ba,121,21,-200.0,200,0,False,False,True
rules,4,331b028e2fd6660275287014b29544fc86ac3162e256dab2f3ac183b9984d0ba,122,22,-200.0,200,0,False,False,True
rules,4,331b028e2fd6660275287014b29544fc86ac3162e256dab2f3ac183b9984d0ba,123,23,-200.0,200,0,False,False,True
rules,4,331b028e2fd6660275287014b29544fc86ac3162e256dab2f3ac183b9984d0ba,124,24,-200.0,200,0,False,False,True
rules,4,331b028e2fd6660275287014b29544fc86ac3162e256dab2f3ac183b9984d0ba,126,26,-200.0,200,0,False,False,True
rules,4,331b028e2fd6660275287014b29544fc86ac3162e256dab2f3ac183b9984d0ba,127,27,-200.0,200,0,False,False,True
rules,4,331b028e2fd6660275287014b29544fc86ac3162e256dab2f3ac183b9984d0ba,128,128,-2000.0,200,200,False,False,True
rules,4,331b028e2fd6660275287014b29544fc86ac3162e256dab2f3ac183b9984d0ba,129,29,-200.0,200,0,False,False,True
rules,4,331b028e2fd6660275287014b29544fc86ac3162e256dab2f3ac183b9984d0ba,131,31,-200.0,200,0,False,False,True
rules,4,331b028e2fd6660275287014b29544fc86ac3162e256dab2f3ac183b9984d0ba,132,132,-2000.0,200,200,False,False,True
rules,4,331b028e2fd6660275287014b29544fc86ac3162e256dab2f3ac183b9984d0ba,133,33,-200.0,200,0,False,False,True
rules,4,331b028e2fd6660275287014b29544fc86ac3162e256dab2f3ac183b9984d0ba,134,34,-200.0,200,0,False,False,True
rules,4,331b028e2fd6660275287014b29544fc86ac3162e256dab2f3ac183b9984d0ba,141,41,-200.0,200,0,False,False,True
rules,4,331b028e2fd6660275287014b29544fc86ac3162e256dab2f3ac183b9984d0ba,142,42,-200.0,200,0,False,False,True
rules,4,331b028e2fd6660275287014b29544fc86ac3162e256dab2f3ac183b9984d0ba,143,43,-200.0,200,0,False,False,True
rules,4,331b028e2fd6660275287014b29544fc86ac3162e256dab2f3ac183b9984d0ba,144,44,-200.0,200,0,False,False,True
rules,4,331b028e2fd6660275287014b29544fc86ac3162e256dab2f3ac183b9984d0ba,146,46,-200.0,200,0,False,False,True
rules,4,331b028e2fd6660275287014b29544fc86ac3162e256dab2f3ac183b9984d0ba,147,47,-200.0,200,0,False,False,True
rules,4,331b028e2fd6660275287014b29544fc86ac3162e256dab2f3ac183b9984d0ba,148,148,-2000.0,200,200,False,False,True
rules,4,331b028e2fd6660275287014b29544fc86ac3162e256dab2f3ac183b9984d0ba,149,49,-200.0,200,0,False,False,True
rules,4,331b028e2fd6660275287014b29544fc86ac3162e256dab2f3ac183b9984d0ba,151,51,-200.0,200,0,False,False,True
rules,4,331b028e2fd6660275287014b29544fc86ac3162e256dab2f3ac183b9984d0ba,152,52,-200.0,200,0,False,False,True
rules,4,331b028e2fd6660275287014b29544fc86ac3162e256dab2f3ac183b9984d0ba,153,53,-200.0,200,0,False,False,True
rules,4,331b028e2fd6660275287014b29544fc86ac3162e256dab2f3ac183b9984d0ba,154,54,-200.0,200,0,False,False,True
rules,4,331b028e2fd6660275287014b29544fc86ac3162e256dab2f3ac183b9984d0ba,161,41,-200.0,200,0,False,False,True
rules,4,331b028e2fd6660275287014b29544fc86ac3162e256dab2f3ac183b9984d0ba,162,42,-200.0,200,0,False,False,True
rules,4,331b028e2fd6660275287014b29544fc86ac3162e256dab2f3ac183b9984d0ba,163,63,-200.0,200,0,False,False,True
rules,4,331b028e2fd6660275287014b29544fc86ac3162e256dab2f3ac183b9984d0ba,164,44,-200.0,200,0,False,False,True
rules,4,331b028e2fd6660275287014b29544fc86ac3162e256dab2f3ac183b9984d0ba,166,46,-200.0,200,0,False,False,True
rules,4,331b028e2fd6660275287014b29544fc86ac3162e256dab2f3ac183b9984d0ba,167,67,-200.0,200,0,False,False,True
rules,4,331b028e2fd6660275287014b29544fc86ac3162e256dab2f3ac183b9984d0ba,168,168,-2000.0,200,200,False,False,True
rules,4,331b028e2fd6660275287014b29544fc86ac3162e256dab2f3ac183b9984d0ba,169,49,-200.0,200,0,False,False,True
rules,4,331b028e2fd6660275287014b29544fc86ac3162e256dab2f3ac183b9984d0ba,171,71,-200.0,200,0,False,False,True
rules,4,331b028e2fd6660275287014b29544fc86ac3162e256dab2f3ac183b9984d0ba,172,172,-2000.0,200,200,False,False,True
rules,4,331b028e2fd6660275287014b29544fc86ac3162e256dab2f3ac183b9984d0ba,173,73,-200.0,200,0,False,False,True
rules,4,331b028e2fd6660275287014b29544fc86ac3162e256dab2f3ac183b9984d0ba,174,174,-2000.0,200,200,False,False,True
rules,4,331b028e2fd6660275287014b29544fc86ac3162e256dab2f3ac183b9984d0ba,181,81,-200.0,200,0,False,False,True
rules,4,331b028e2fd6660275287014b29544fc86ac3162e256dab2f3ac183b9984d0ba,182,82,-200.0,200,0,False,False,True
rules,4,331b028e2fd6660275287014b29544fc86ac3162e256dab2f3ac183b9984d0ba,183,83,-200.0,200,0,False,False,True
rules,4,331b028e2fd6660275287014b29544fc86ac3162e256dab2f3ac183b9984d0ba,184,44,-200.0,200,0,False,False,True
rules,4,331b028e2fd6660275287014b29544fc86ac3162e256dab2f3ac183b9984d0ba,186,86,-200.0,200,0,False,False,True
rules,4,331b028e2fd6660275287014b29544fc86ac3162e256dab2f3ac183b9984d0ba,187,87,-200.0,200,0,False,False,True
rules,4,331b028e2fd6660275287014b29544fc86ac3162e256dab2f3ac183b9984d0ba,188,188,-2000.0,200,200,False,False,True
rules,4,331b028e2fd6660275287014b29544fc86ac3162e256dab2f3ac183b9984d0ba,189,89,-200.0,200,0,False,False,True
rules,4,331b028e2fd6660275287014b29544fc86ac3162e256dab2f3ac183b9984d0ba,191,91,-200.0,200,0,False,False,True
rules,4,331b028e2fd6660275287014b29544fc86ac3162e256dab2f3ac183b9984d0ba,192,92,-200.0,200,0,False,False,True
rules,4,331b028e2fd6660275287014b29544fc86ac3162e256dab2f3ac183b9984d0ba,193,93,-200.0,200,0,False,False,True
rules,4,331b028e2fd6660275287014b29544fc86ac3162e256dab2f3ac183b9984d0ba,194,94,-200.0,200,0,False,False,True
rules,4,331b028e2fd6660275287014b29544fc86ac3162e256dab2f3ac183b9984d0ba,201,1,-200.0,200,0,False,False,True
rules,4,331b028e2fd6660275287014b29544fc86ac3162e256dab2f3ac183b9984d0ba,202,2,-200.0,200,0,False,False,True
rules,4,331b028e2fd6660275287014b29544fc86ac3162e256dab2f3ac183b9984d0ba,203,3,-200.0,200,0,False,False,True
rules,4,331b028e2fd6660275287014b29544fc86ac3162e256dab2f3ac183b9984d0ba,204,204,-200.0,200,0,False,False,True
rules,4,331b028e2fd6660275287014b29544fc86ac3162e256dab2f3ac183b9984d0ba,206,6,-200.0,200,0,False,False,True
rules,4,331b028e2fd6660275287014b29544fc86ac3162e256dab2f3ac183b9984d0ba,207,7,-200.0,200,0,False,False,True
rules,4,331b028e2fd6660275287014b29544fc86ac3162e256dab2f3ac183b9984d0ba,208,208,-2000.0,200,200,False,False,True
rules,4,331b028e2fd6660275287014b29544fc86ac3162e256dab2f3ac183b9984d0ba,209,209,-2000.0,200,200,False,False,True
rules,4,331b028e2fd6660275287014b29544fc86ac3162e256dab2f3ac183b9984d0ba,211,211,-2000.0,200,200,False,False,True
rules,4,331b028e2fd6660275287014b29544fc86ac3162e256dab2f3ac183b9984d0ba,212,212,-2000.0,200,200,False,False,True
rules,4,331b028e2fd6660275287014b29544fc86ac3162e256dab2f3ac183b9984d0ba,213,13,-200.0,200,0,False,False,True
rules,4,331b028e2fd6660275287014b29544fc86ac3162e256dab2f3ac183b9984d0ba,214,14,-200.0,200,0,False,False,True
rules,4,331b028e2fd6660275287014b29544fc86ac3162e256dab2f3ac183b9984d0ba,221,21,-200.0,200,0,False,False,True
rules,4,331b028e2fd6660275287014b29544fc86ac3162e256dab2f3ac183b9984d0ba,222,22,-200.0,200,0,False,False,True
rules,4,331b028e2fd6660275287014b29544fc86ac3162e256dab2f3ac183b9984d0ba,223,23,-200.0,200,0,False,False,True
rules,4,331b028e2fd6660275287014b29544fc86ac3162e256dab2f3ac183b9984d0ba,224,224,-2000.0,200,200,False,False,True
rules,4,331b028e2fd6660275287014b29544fc86ac3162e256dab2f3ac183b9984d0ba,226,26,-200.0,200,0,False,False,True
rules,4,331b028e2fd6660275287014b29544fc86ac3162e256dab2f3ac183b9984d0ba,227,27,-200.0,200,0,False,False,True
rules,4,331b028e2fd6660275287014b29544fc86ac3162e256dab2f3ac183b9984d0ba,228,228,-2000.0,200,200,False,False,True
rules,4,331b028e2fd6660275287014b29544fc86ac3162e256dab2f3ac183b9984d0ba,229,29,-200.0,200,0,False,False,True
rules,4,331b028e2fd6660275287014b29544fc86ac3162e256dab2f3ac183b9984d0ba,231,31,-200.0,200,0,False,False,True
rules,4,331b028e2fd6660275287014b29544fc86ac3162e256dab2f3ac183b9984d0ba,232,232,-2000.0,200,200,False,False,True
rules,4,331b028e2fd6660275287014b29544fc86ac3162e256dab2f3ac183b9984d0ba,233,33,-200.0,200,0,False,False,True
rules,4,331b028e2fd6660275287014b29544fc86ac3162e256dab2f3ac183b9984d0ba,234,34,-200.0,200,0,False,False,True
rules,4,331b028e2fd6660275287014b29544fc86ac3162e256dab2f3ac183b9984d0ba,241,41,-200.0,200,0,False,False,True
rules,4,331b028e2fd6660275287014b29544fc86ac3162e256dab2f3ac183b9984d0ba,242,42,-200.0,200,0,False,False,True
rules,4,331b028e2fd6660275287014b29544fc86ac3162e256dab2f3ac183b9984d0ba,243,43,-200.0,200,0,False,False,True
rules,4,331b028e2fd6660275287014b29544fc86ac3162e256dab2f3ac183b9984d0ba,244,244,-200.0,200,0,False,False,True
rules,4,331b028e2fd6660275287014b29544fc86ac3162e256dab2f3ac183b9984d0ba,246,46,-200.0,200,0,False,False,True
rules,4,331b028e2fd6660275287014b29544fc86ac3162e256dab2f3ac183b9984d0ba,247,47,-200.0,200,0,False,False,True
rules,4,331b028e2fd6660275287014b29544fc86ac3162e256dab2f3ac183b9984d0ba,248,248,-2000.0,200,200,False,False,True
rules,4,331b028e2fd6660275287014b29544fc86ac3162e256dab2f3ac183b9984d0ba,249,249,-200.0,200,0,False,False,True
rules,4,331b028e2fd6660275287014b29544fc86ac3162e256dab2f3ac183b9984d0ba,251,51,-200.0,200,0,False,False,True
rules,4,331b028e2fd6660275287014b29544fc86ac3162e256dab2f3ac183b9984d0ba,252,252,-200.0,200,0,False,False,True
rules,4,331b028e2fd6660275287014b29544fc86ac3162e256dab2f3ac183b9984d0ba,253,53,-200.0,200,0,False,False,True
rules,4,331b028e2fd6660275287014b29544fc86ac3162e256dab2f3ac183b9984d0ba,254,54,-200.0,200,0,False,False,True
rules,4,331b028e2fd6660275287014b29544fc86ac3162e256dab2f3ac183b9984d0ba,261,41,-200.0,200,0,False,False,True
rules,4,331b028e2fd6660275287014b29544fc86ac3162e256dab2f3ac183b9984d0ba,262,42,-200.0,200,0,False,False,True
rules,4,331b028e2fd6660275287014b29544fc86ac3162e256dab2f3ac183b9984d0ba,263,63,-200.0,200,0,False,False,True
rules,4,331b028e2fd6660275287014b29544fc86ac3162e256dab2f3ac183b9984d0ba,264,344,-200.0,200,0,False,False,True
rules,4,331b028e2fd6660275287014b29544fc86ac3162e256dab2f3ac183b9984d0ba,266,46,-200.0,200,0,False,False,True
rules,4,331b028e2fd6660275287014b29544fc86ac3162e256dab2f3ac183b9984d0ba,267,67,-200.0,200,0,False,False,True
rules,4,331b028e2fd6660275287014b29544fc86ac3162e256dab2f3ac183b9984d0ba,268,268,-2000.0,200,200,False,False,True
rules,4,331b028e2fd6660275287014b29544fc86ac3162e256dab2f3ac183b9984d0ba,269,349,-200.0,200,0,False,False,True
rules,4,331b028e2fd6660275287014b29544fc86ac3162e256dab2f3ac183b9984d0ba,271,71,-200.0,200,0,False,False,True
rules,4,331b028e2fd6660275287014b29544fc86ac3162e256dab2f3ac183b9984d0ba,272,272,-2000.0,200,200,False,False,True
rules,4,331b028e2fd6660275287014b29544fc86ac3162e256dab2f3ac183b9984d0ba,273,273,-200.0,200,0,False,False,True
rules,4,331b028e2fd6660275287014b29544fc86ac3162e256dab2f3ac183b9984d0ba,274,54,-200.0,200,0,False,False,True
rules,4,331b028e2fd6660275287014b29544fc86ac3162e256dab2f3ac183b9984d0ba,281,81,-200.0,200,0,False,False,True
rules,4,331b028e2fd6660275287014b29544fc86ac3162e256dab2f3ac183b9984d0ba,282,82,-200.0,200,0,False,False,True
rules,4,331b028e2fd6660275287014b29544fc86ac3162e256dab2f3ac183b9984d0ba,283,83,-200.0,200,0,False,False,True
rules,4,331b028e2fd6660275287014b29544fc86ac3162e256dab2f3ac183b9984d0ba,284,284,-200.0,200,0,False,False,True
rules,4,331b028e2fd6660275287014b29544fc86ac3162e256dab2f3ac183b9984d0ba,286,46,-200.0,200,0,False,False,True
rules,4,331b028e2fd6660275287014b29544fc86ac3162e256dab2f3ac183b9984d0ba,287,87,-200.0,200,0,False,False,True
rules,4,331b028e2fd6660275287014b29544fc86ac3162e256dab2f3ac183b9984d0ba,288,288,-2000.0,200,200,False,False,True
rules,4,331b028e2fd6660275287014b29544fc86ac3162e256dab2f3ac183b9984d0ba,289,89,-200.0,200,0,False,False,True
rules,4,331b028e2fd6660275287014b29544fc86ac3162e256dab2f3ac183b9984d0ba,291,91,-200.0,200,0,False,False,True
rules,4,331b028e2fd6660275287014b29544fc86ac3162e256dab2f3ac183b9984d0ba,292,92,-200.0,200,0,False,False,True
rules,4,331b028e2fd6660275287014b29544fc86ac3162e256dab2f3ac183b9984d0ba,293,93,-200.0,200,0,False,False,True
rules,4,331b028e2fd6660275287014b29544fc86ac3162e256dab2f3ac183b9984d0ba,294,94,-200.0,200,0,False,False,True
rules,4,331b028e2fd6660275287014b29544fc86ac3162e256dab2f3ac183b9984d0ba,301,1,-200.0,200,0,False,False,True
rules,4,331b028e2fd6660275287014b29544fc86ac3162e256dab2f3ac183b9984d0ba,302,2,-200.0,200,0,False,False,True
rules,4,331b028e2fd6660275287014b29544fc86ac3162e256dab2f3ac183b9984d0ba,303,3,-200.0,200,0,False,False,True
rules,4,331b028e2fd6660275287014b29544fc86ac3162e256dab2f3ac183b9984d0ba,304,204,-200.0,200,0,False,False,True
rules,4,331b028e2fd6660275287014b29544fc86ac3162e256dab2f3ac183b9984d0ba,306,6,-200.0,200,0,False,False,True
rules,4,331b028e2fd6660275287014b29544fc86ac3162e256dab2f3ac183b9984d0ba,307,7,-200.0,200,0,False,False,True
rules,4,331b028e2fd6660275287014b29544fc86ac3162e256dab2f3ac183b9984d0ba,308,308,-2000.0,200,200,False,False,True
rules,4,331b028e2fd6660275287014b29544fc86ac3162e256dab2f3ac183b9984d0ba,309,209,-1991.0,200,199,False,False,True
rules,4,331b028e2fd6660275287014b29544fc86ac3162e256dab2f3ac183b9984d0ba,311,211,-1991.0,200,199,False,False,True
rules,4,331b028e2fd6660275287014b29544fc86ac3162e256dab2f3ac183b9984d0ba,312,212,-1991.0,200,199,False,False,True
rules,4,331b028e2fd6660275287014b29544fc86ac3162e256dab2f3ac183b9984d0ba,313,13,-200.0,200,0,False,False,True
rules,4,331b028e2fd6660275287014b29544fc86ac3162e256dab2f3ac183b9984d0ba,314,14,-200.0,200,0,False,False,True
rules,4,331b028e2fd6660275287014b29544fc86ac3162e256dab2f3ac183b9984d0ba,321,21,-200.0,200,0,False,False,True
rules,4,331b028e2fd6660275287014b29544fc86ac3162e256dab2f3ac183b9984d0ba,322,22,-200.0,200,0,False,False,True
rules,4,331b028e2fd6660275287014b29544fc86ac3162e256dab2f3ac183b9984d0ba,323,23,-200.0,200,0,False,False,True
rules,4,331b028e2fd6660275287014b29544fc86ac3162e256dab2f3ac183b9984d0ba,324,224,-1991.0,200,199,False,False,True
rules,4,331b028e2fd6660275287014b29544fc86ac3162e256dab2f3ac183b9984d0ba,326,26,-200.0,200,0,False,False,True
rules,4,331b028e2fd6660275287014b29544fc86ac3162e256dab2f3ac183b9984d0ba,327,27,-200.0,200,0,False,False,True
rules,4,331b028e2fd6660275287014b29544fc86ac3162e256dab2f3ac183b9984d0ba,328,328,-2000.0,200,200,False,False,True
rules,4,331b028e2fd6660275287014b29544fc86ac3162e256dab2f3ac183b9984d0ba,329,29,-200.0,200,0,False,False,True
rules,4,331b028e2fd6660275287014b29544fc86ac3162e256dab2f3ac183b9984d0ba,331,31,-200.0,200,0,False,False,True
rules,4,331b028e2fd6660275287014b29544fc86ac3162e256dab2f3ac183b9984d0ba,332,232,-1991.0,200,199,False,False,True
rules,4,331b028e2fd6660275287014b29544fc86ac3162e256dab2f3ac183b9984d0ba,333,33,-200.0,200,0,False,False,True
rules,4,331b028e2fd6660275287014b29544fc86ac3162e256dab2f3ac183b9984d0ba,334,34,-200.0,200,0,False,False,True
rules,4,331b028e2fd6660275287014b29544fc86ac3162e256dab2f3ac183b9984d0ba,341,41,-200.0,200,0,False,False,True
rules,4,331b028e2fd6660275287014b29544fc86ac3162e256dab2f3ac183b9984d0ba,342,42,-200.0,200,0,False,False,True
rules,4,331b028e2fd6660275287014b29544fc86ac3162e256dab2f3ac183b9984d0ba,343,43,-200.0,200,0,False,False,True
rules,4,331b028e2fd6660275287014b29544fc86ac3162e256dab2f3ac183b9984d0ba,344,344,-200.0,200,0,False,False,True
rules,4,331b028e2fd6660275287014b29544fc86ac3162e256dab2f3ac183b9984d0ba,346,46,-200.0,200,0,False,False,True
rules,4,331b028e2fd6660275287014b29544fc86ac3162e256dab2f3ac183b9984d0ba,347,47,-200.0,200,0,False,False,True
rules,4,331b028e2fd6660275287014b29544fc86ac3162e256dab2f3ac183b9984d0ba,348,248,-1991.0,200,199,False,False,True
rules,4,331b028e2fd6660275287014b29544fc86ac3162e256dab2f3ac183b9984d0ba,349,349,-200.0,200,0,False,False,True
rules,4,331b028e2fd6660275287014b29544fc86ac3162e256dab2f3ac183b9984d0ba,351,51,-200.0,200,0,False,False,True
rules,4,331b028e2fd6660275287014b29544fc86ac3162e256dab2f3ac183b9984d0ba,352,352,-200.0,200,0,False,False,True
rules,4,331b028e2fd6660275287014b29544fc86ac3162e256dab2f3ac183b9984d0ba,353,53,-200.0,200,0,False,False,True
rules,4,331b028e2fd6660275287014b29544fc86ac3162e256dab2f3ac183b9984d0ba,354,54,-200.0,200,0,False,False,True
rules,4,331b028e2fd6660275287014b29544fc86ac3162e256dab2f3ac183b9984d0ba,361,41,-200.0,200,0,False,False,True
rules,4,331b028e2fd6660275287014b29544fc86ac3162e256dab2f3ac183b9984d0ba,362,42,-200.0,200,0,False,False,True
rules,4,331b028e2fd6660275287014b29544fc86ac3162e256dab2f3ac183b9984d0ba,363,63,-200.0,200,0,False,False,True
rules,4,331b028e2fd6660275287014b29544fc86ac3162e256dab2f3ac183b9984d0ba,364,284,-200.0,200,0,False,False,True
rules,4,331b028e2fd6660275287014b29544fc86ac3162e256dab2f3ac183b9984d0ba,366,46,-200.0,200,0,False,False,True
rules,4,331b028e2fd6660275287014b29544fc86ac3162e256dab2f3ac183b9984d0ba,367,67,-200.0,200,0,False,False,True
rules,4,331b028e2fd6660275287014b29544fc86ac3162e256dab2f3ac183b9984d0ba,368,288,-1982.0,200,198,False,False,True
rules,4,331b028e2fd6660275287014b29544fc86ac3162e256dab2f3ac183b9984d0ba,369,249,-200.0,200,0,False,False,True
rules,4,331b028e2fd6660275287014b29544fc86ac3162e256dab2f3ac183b9984d0ba,371,71,-200.0,200,0,False,False,True
rules,4,331b028e2fd6660275287014b29544fc86ac3162e256dab2f3ac183b9984d0ba,372,372,-2000.0,200,200,False,False,True
rules,4,331b028e2fd6660275287014b29544fc86ac3162e256dab2f3ac183b9984d0ba,373,373,-200.0,200,0,False,False,True
rules,4,331b028e2fd6660275287014b29544fc86ac3162e256dab2f3ac183b9984d0ba,374,54,-200.0,200,0,False,False,True
rules,4,331b028e2fd6660275287014b29544fc86ac3162e256dab2f3ac183b9984d0ba,381,81,-200.0,200,0,False,False,True
rules,4,331b028e2fd6660275287014b29544fc86ac3162e256dab2f3ac183b9984d0ba,382,82,-200.0,200,0,False,False,True
rules,4,331b028e2fd6660275287014b29544fc86ac3162e256dab2f3ac183b9984d0ba,383,83,-200.0,200,0,False,False,True
rules,4,331b028e2fd6660275287014b29544fc86ac3162e256dab2f3ac183b9984d0ba,384,384,-200.0,200,0,False,False,True
rules,4,331b028e2fd6660275287014b29544fc86ac3162e256dab2f3ac183b9984d0ba,386,46,-200.0,200,0,False,False,True
rules,4,331b028e2fd6660275287014b29544fc86ac3162e256dab2f3ac183b9984d0ba,387,87,-200.0,200,0,False,False,True
rules,4,331b028e2fd6660275287014b29544fc86ac3162e256dab2f3ac183b9984d0ba,388,288,-1991.0,200,199,False,False,True
rules,4,331b028e2fd6660275287014b29544fc86ac3162e256dab2f3ac183b9984d0ba,389,89,-200.0,200,0,False,False,True
rules,4,331b028e2fd6660275287014b29544fc86ac3162e256dab2f3ac183b9984d0ba,391,91,-200.0,200,0,False,False,True
rules,4,331b028e2fd6660275287014b29544fc86ac3162e256dab2f3ac183b9984d0ba,392,92,-200.0,200,0,False,False,True
rules,4,331b028e2fd6660275287014b29544fc86ac3162e256dab2f3ac183b9984d0ba,393,93,-200.0,200,0,False,False,True
rules,4,331b028e2fd6660275287014b29544fc86ac3162e256dab2f3ac183b9984d0ba,394,94,-200.0,200,0,False,False,True
rules,4,331b028e2fd6660275287014b29544fc86ac3162e256dab2f3ac183b9984d0ba,401,401,-200.0,200,0,False,False,True
rules,4,331b028e2fd6660275287014b29544fc86ac3162e256dab2f3ac183b9984d0ba,402,2,-200.0,200,0,False,False,True
rules,4,331b028e2fd6660275287014b29544fc86ac3162e256dab2f3ac183b9984d0ba,403,3,-200.0,200,0,False,False,True
rules,4,331b028e2fd6660275287014b29544fc86ac3162e256dab2f3ac183b9984d0ba,404,404,-200.0,200,0,False,False,True
rules,4,331b028e2fd6660275287014b29544fc86ac3162e256dab2f3ac183b9984d0ba,406,6,-200.0,200,0,False,False,True
rules,4,331b028e2fd6660275287014b29544fc86ac3162e256dab2f3ac183b9984d0ba,407,7,-200.0,200,0,False,False,True
rules,4,331b028e2fd6660275287014b29544fc86ac3162e256dab2f3ac183b9984d0ba,408,416,-200.0,200,0,False,False,True
rules,4,331b028e2fd6660275287014b29544fc86ac3162e256dab2f3ac183b9984d0ba,409,409,-200.0,200,0,False,False,True
rules,4,331b028e2fd6660275287014b29544fc86ac3162e256dab2f3ac183b9984d0ba,411,19,-200.0,200,0,False,False,True
rules,4,331b028e2fd6660275287014b29544fc86ac3162e256dab2f3ac183b9984d0ba,412,412,-200.0,200,0,False,False,True
rules,4,331b028e2fd6660275287014b29544fc86ac3162e256dab2f3ac183b9984d0ba,413,413,-200.0,200,0,False,False,True
rules,4,331b028e2fd6660275287014b29544fc86ac3162e256dab2f3ac183b9984d0ba,414,14,-200.0,200,0,False,False,True
rules,4,331b028e2fd6660275287014b29544fc86ac3162e256dab2f3ac183b9984d0ba,421,21,-200.0,200,0,False,False,True
rules,4,331b028e2fd6660275287014b29544fc86ac3162e256dab2f3ac183b9984d0ba,422,22,-200.0,200,0,False,False,True
rules,4,331b028e2fd6660275287014b29544fc86ac3162e256dab2f3ac183b9984d0ba,423,23,-200.0,200,0,False,False,True
rules,4,331b028e2fd6660275287014b29544fc86ac3162e256dab2f3ac183b9984d0ba,424,424,-200.0,200,0,False,False,True
rules,4,331b028e2fd6660275287014b29544fc86ac3162e256dab2f3ac183b9984d0ba,426,26,-200.0,200,0,False,False,True
rules,4,331b028e2fd6660275287014b29544fc86ac3162e256dab2f3ac183b9984d0ba,427,27,-200.0,200,0,False,False,True
rules,4,331b028e2fd6660275287014b29544fc86ac3162e256dab2f3ac183b9984d0ba,428,428,-2000.0,200,200,False,False,True
rules,4,331b028e2fd6660275287014b29544fc86ac3162e256dab2f3ac183b9984d0ba,429,429,-2000.0,200,200,False,False,True
rules,4,331b028e2fd6660275287014b29544fc86ac3162e256dab2f3ac183b9984d0ba,431,431,-2000.0,200,200,False,False,True
rules,4,331b028e2fd6660275287014b29544fc86ac3162e256dab2f3ac183b9984d0ba,432,432,-2000.0,200,200,False,False,True
rules,4,331b028e2fd6660275287014b29544fc86ac3162e256dab2f3ac183b9984d0ba,433,433,-200.0,200,0,False,False,True
rules,4,331b028e2fd6660275287014b29544fc86ac3162e256dab2f3ac183b9984d0ba,434,434,-2000.0,200,200,False,False,True
rules,4,331b028e2fd6660275287014b29544fc86ac3162e256dab2f3ac183b9984d0ba,441,441,-200.0,200,0,False,False,True
rules,4,331b028e2fd6660275287014b29544fc86ac3162e256dab2f3ac183b9984d0ba,442,42,-200.0,200,0,False,False,True
rules,4,331b028e2fd6660275287014b29544fc86ac3162e256dab2f3ac183b9984d0ba,443,43,-200.0,200,0,False,False,True
rules,4,331b028e2fd6660275287014b29544fc86ac3162e256dab2f3ac183b9984d0ba,444,444,-200.0,200,0,False,False,True
rules,4,331b028e2fd6660275287014b29544fc86ac3162e256dab2f3ac183b9984d0ba,446,446,-200.0,200,0,False,False,True
rules,4,331b028e2fd6660275287014b29544fc86ac3162e256dab2f3ac183b9984d0ba,447,47,-200.0,200,0,False,False,True
rules,4,331b028e2fd6660275287014b29544fc86ac3162e256dab2f3ac183b9984d0ba,448,448,-200.0,200,0,False,False,True
rules,4,331b028e2fd6660275287014b29544fc86ac3162e256dab2f3ac183b9984d0ba,449,449,-200.0,200,0,False,False,True
rules,4,331b028e2fd6660275287014b29544fc86ac3162e256dab2f3ac183b9984d0ba,451,451,-200.0,200,0,False,False,True
rules,4,331b028e2fd6660275287014b29544fc86ac3162e256dab2f3ac183b9984d0ba,452,452,-200.0,200,0,False,False,True
rules,4,331b028e2fd6660275287014b29544fc86ac3162e256dab2f3ac183b9984d0ba,453,453,-200.0,200,0,False,False,True
rules,4,331b028e2fd6660275287014b29544fc86ac3162e256dab2f3ac183b9984d0ba,454,454,-200.0,200,0,False,False,True
rules,4,331b028e2fd6660275287014b29544fc86ac3162e256dab2f3ac183b9984d0ba,461,461,-200.0,200,0,False,False,True
rules,4,331b028e2fd6660275287014b29544fc86ac3162e256dab2f3ac183b9984d0ba,462,42,-200.0,200,0,False,False,True
rules,4,331b028e2fd6660275287014b29544fc86ac3162e256dab2f3ac183b9984d0ba,463,63,-200.0,200,0,False,False,True
rules,4,331b028e2fd6660275287014b29544fc86ac3162e256dab2f3ac183b9984d0ba,464,464,-200.0,200,0,False,False,True
rules,4,331b028e2fd6660275287014b29544fc86ac3162e256dab2f3ac183b9984d0ba,466,466,-200.0,200,0,False,False,True
rules,4,331b028e2fd6660275287014b29544fc86ac3162e256dab2f3ac183b9984d0ba,467,67,-200.0,200,0,False,False,True
rules,4,331b028e2fd6660275287014b29544fc86ac3162e256dab2f3ac183b9984d0ba,468,468,-200.0,200,0,False,False,True
rules,4,331b028e2fd6660275287014b29544fc86ac3162e256dab2f3ac183b9984d0ba,469,469,-200.0,200,0,False,False,True
rules,4,331b028e2fd6660275287014b29544fc86ac3162e256dab2f3ac183b9984d0ba,471,471,-200.0,200,0,False,False,True
rules,4,331b028e2fd6660275287014b29544fc86ac3162e256dab2f3ac183b9984d0ba,472,472,-200.0,200,0,False,False,True
rules,4,331b028e2fd6660275287014b29544fc86ac3162e256dab2f3ac183b9984d0ba,473,473,-200.0,200,0,False,False,True
rules,4,331b028e2fd6660275287014b29544fc86ac3162e256dab2f3ac183b9984d0ba,474,478,-200.0,200,0,False,False,True
rules,4,331b028e2fd6660275287014b29544fc86ac3162e256dab2f3ac183b9984d0ba,481,81,-200.0,200,0,False,False,True
rules,4,331b028e2fd6660275287014b29544fc86ac3162e256dab2f3ac183b9984d0ba,482,82,-200.0,200,0,False,False,True
rules,4,331b028e2fd6660275287014b29544fc86ac3162e256dab2f3ac183b9984d0ba,483,83,-200.0,200,0,False,False,True
rules,4,331b028e2fd6660275287014b29544fc86ac3162e256dab2f3ac183b9984d0ba,484,484,-200.0,200,0,False,False,True
rules,4,331b028e2fd6660275287014b29544fc86ac3162e256dab2f3ac183b9984d0ba,486,46,-200.0,200,0,False,False,True
rules,4,331b028e2fd6660275287014b29544fc86ac3162e256dab2f3ac183b9984d0ba,487,87,-200.0,200,0,False,False,True
rules,4,331b028e2fd6660275287014b29544fc86ac3162e256dab2f3ac183b9984d0ba,488,488,-200.0,200,0,False,False,True
rules,4,331b028e2fd6660275287014b29544fc86ac3162e256dab2f3ac183b9984d0ba,489,489,-200.0,200,0,False,False,True
rules,4,331b028e2fd6660275287014b29544fc86ac3162e256dab2f3ac183b9984d0ba,491,91,-200.0,200,0,False,False,True
rules,4,331b028e2fd6660275287014b29544fc86ac3162e256dab2f3ac183b9984d0ba,492,492,-200.0,200,0,False,False,True
rules,4,331b028e2fd6660275287014b29544fc86ac3162e256dab2f3ac183b9984d0ba,493,493,-200.0,200,0,False,False,True
rules,4,331b028e2fd6660275287014b29544fc86ac3162e256dab2f3ac183b9984d0ba,494,94,-200.0,200,0,False,False,True
jev,0,bd78c451ccedf634ecbe50c5ca8e195f7c85b449a4172d989be451640dcac9d7,1,1,-2000.0,200,200,False,False,True
jev,0,bd78c451ccedf634ecbe50c5ca8e195f7c85b449a4172d989be451640dcac9d7,2,2,-2000.0,200,200,False,False,True
jev,0,bd78c451ccedf634ecbe50c5ca8e195f7c85b449a4172d989be451640dcac9d7,3,23,-200.0,200,0,False,False,True
jev,0,bd78c451ccedf634ecbe50c5ca8e195f7c85b449a4172d989be451640dcac9d7,4,4,-2000.0,200,200,False,False,True
jev,0,bd78c451ccedf634ecbe50c5ca8e195f7c85b449a4172d989be451640dcac9d7,6,6,-2000.0,200,200,False,False,True
jev,0,bd78c451ccedf634ecbe50c5ca8e195f7c85b449a4172d989be451640dcac9d7,7,7,-2000.0,200,200,False,False,True
jev,0,bd78c451ccedf634ecbe50c5ca8e195f7c85b449a4172d989be451640dcac9d7,8,8,-2000.0,200,200,False,False,True
jev,0,bd78c451ccedf634ecbe50c5ca8e195f7c85b449a4172d989be451640dcac9d7,9,9,-2000.0,200,200,False,False,True
jev,0,bd78c451ccedf634ecbe50c5ca8e195f7c85b449a4172d989be451640dcac9d7,11,11,-2000.0,200,200,False,False,True
jev,0,bd78c451ccedf634ecbe50c5ca8e195f7c85b449a4172d989be451640dcac9d7,12,12,-2000.0,200,200,False,False,True
jev,0,bd78c451ccedf634ecbe50c5ca8e195f7c85b449a4172d989be451640dcac9d7,13,13,-2000.0,200,200,False,False,True
jev,0,bd78c451ccedf634ecbe50c5ca8e195f7c85b449a4172d989be451640dcac9d7,14,14,-2000.0,200,200,False,False,True
jev,0,bd78c451ccedf634ecbe50c5ca8e195f7c85b449a4172d989be451640dcac9d7,21,21,-2000.0,200,200,False,False,True
jev,0,bd78c451ccedf634ecbe50c5ca8e195f7c85b449a4172d989be451640dcac9d7,22,22,-200.0,200,0,False,False,True
jev,0,bd78c451ccedf634ecbe50c5ca8e195f7c85b449a4172d989be451640dcac9d7,23,23,-200.0,200,0,False,False,True
jev,0,bd78c451ccedf634ecbe50c5ca8e195f7c85b449a4172d989be451640dcac9d7,24,24,-200.0,200,0,False,False,True
jev,0,bd78c451ccedf634ecbe50c5ca8e195f7c85b449a4172d989be451640dcac9d7,26,26,-2000.0,200,200,False,False,True
jev,0,bd78c451ccedf634ecbe50c5ca8e195f7c85b449a4172d989be451640dcac9d7,27,27,-200.0,200,0,False,False,True
jev,0,bd78c451ccedf634ecbe50c5ca8e195f7c85b449a4172d989be451640dcac9d7,28,28,-2000.0,200,200,False,False,True
jev,0,bd78c451ccedf634ecbe50c5ca8e195f7c85b449a4172d989be451640dcac9d7,29,29,-2000.0,200,200,False,False,True
jev,0,bd78c451ccedf634ecbe50c5ca8e195f7c85b449a4172d989be451640dcac9d7,31,31,-2000.0,200,200,False,False,True
jev,0,bd78c451ccedf634ecbe50c5ca8e195f7c85b449a4172d989be451640dcac9d7,32,32,-200.0,200,0,False,False,True
jev,0,bd78c451ccedf634ecbe50c5ca8e195f7c85b449a4172d989be451640dcac9d7,33,33,-2000.0,200,200,False,False,True
jev,0,bd78c451ccedf634ecbe50c5ca8e195f7c85b449a4172d989be451640dcac9d7,34,34,-200.0,200,0,False,False,True
jev,0,bd78c451ccedf634ecbe50c5ca8e195f7c85b449a4172d989be451640dcac9d7,41,41,-2000.0,200,200,False,False,True
jev,0,bd78c451ccedf634ecbe50c5ca8e195f7c85b449a4172d989be451640dcac9d7,42,42,-2000.0,200,200,False,False,True
jev,0,bd78c451ccedf634ecbe50c5ca8e195f7c85b449a4172d989be451640dcac9d7,43,83,-200.0,200,0,False,False,True
jev,0,bd78c451ccedf634ecbe50c5ca8e195f7c85b449a4172d989be451640dcac9d7,44,44,-2000.0,200,200,False,False,True
jev,0,bd78c451ccedf634ecbe50c5ca8e195f7c85b449a4172d989be451640dcac9d7,46,46,-2000.0,200,200,False,False,True
jev,0,bd78c451ccedf634ecbe50c5ca8e195f7c85b449a4172d989be451640dcac9d7,47,87,-1982.0,200,198,False,False,True
jev,0,bd78c451ccedf634ecbe50c5ca8e195f7c85b449a4172d989be451640dcac9d7,48,48,-2000.0,200,200,False,False,True
jev,0,bd78c451ccedf634ecbe50c5ca8e195f7c85b449a4172d989be451640dcac9d7,49,49,-2000.0,200,200,False,False,True
jev,0,bd78c451ccedf634ecbe50c5ca8e195f7c85b449a4172d989be451640dcac9d7,51,51,-2000.0,200,200,False,False,True
jev,0,bd78c451ccedf634ecbe50c5ca8e195f7c85b449a4172d989be451640dcac9d7,52,92,-1982.0,200,198,False,False,True
jev,0,bd78c451ccedf634ecbe50c5ca8e195f7c85b449a4172d989be451640dcac9d7,53,53,-2000.0,200,200,False,False,True
jev,0,bd78c451ccedf634ecbe50c5ca8e195f7c85b449a4172d989be451640dcac9d7,54,54,-200.0,200,0,False,False,True
jev,0,bd78c451ccedf634ecbe50c5ca8e195f7c85b449a4172d989be451640dcac9d7,61,61,-2000.0,200,200,False,False,True
jev,0,bd78c451ccedf634ecbe50c5ca8e195f7c85b449a4172d989be451640dcac9d7,62,82,-1991.0,200,199,False,False,True
jev,0,bd78c451ccedf634ecbe50c5ca8e195f7c85b449a4172d989be451640dcac9d7,63,83,-200.0,200,0,False,False,True
jev,0,bd78c451ccedf634ecbe50c5ca8e195f7c85b449a4172d989be451640dcac9d7,64,84,-1991.0,200,199,False,False,True
jev,0,bd78c451ccedf634ecbe50c5ca8e195f7c85b449a4172d989be451640dcac9d7,66,86,-1991.0,200,199,False,False,True
jev,0,bd78c451ccedf634ecbe50c5ca8e195f7c85b449a4172d989be451640dcac9d7,67,87,-1991.0,200,199,False,False,True
jev,0,bd78c451ccedf634ecbe50c5ca8e195f7c85b449a4172d989be451640dcac9d7,68,68,-2000.0,200,200,False,False,True
jev,0,bd78c451ccedf634ecbe50c5ca8e195f7c85b449a4172d989be451640dcac9d7,69,69,-2000.0,200,200,False,False,True
jev,0,bd78c451ccedf634ecbe50c5ca8e195f7c85b449a4172d989be451640dcac9d7,71,71,-2000.0,200,200,False,False,True
jev,0,bd78c451ccedf634ecbe50c5ca8e195f7c85b449a4172d989be451640dcac9d7,72,92,-1991.0,200,199,False,False,True
jev,0,bd78c451ccedf634ecbe50c5ca8e195f7c85b449a4172d989be451640dcac9d7,73,73,-2000.0,200,200,False,False,True
jev,0,bd78c451ccedf634ecbe50c5ca8e195f7c85b449a4172d989be451640dcac9d7,74,74,-200.0,200,0,False,False,True
jev,0,bd78c451ccedf634ecbe50c5ca8e195f7c85b449a4172d989be451640dcac9d7,81,81,-2000.0,200,200,False,False,True
jev,0,bd78c451ccedf634ecbe50c5ca8e195f7c85b449a4172d989be451640dcac9d7,82,82,-2000.0,200,200,False,False,True
jev,0,bd78c451ccedf634ecbe50c5ca8e195f7c85b449a4172d989be451640dcac9d7,83,83,-200.0,200,0,False,False,True
jev,0,bd78c451ccedf634ecbe50c5ca8e195f7c85b449a4172d989be451640dcac9d7,84,84,-2000.0,200,200,False,False,True
jev,0,bd78c451ccedf634ecbe50c5ca8e195f7c85b449a4172d989be451640dcac9d7,86,86,-2000.0,200,200,False,False,True
jev,0,bd78c451ccedf634ecbe50c5ca8e195f7c85b449a4172d989be451640dcac9d7,87,87,-2000.0,200,200,False,False,True
jev,0,bd78c451ccedf634ecbe50c5ca8e195f7c85b449a4172d989be451640dcac9d7,88,88,-2000.0,200,200,False,False,True
jev,0,bd78c451ccedf634ecbe50c5ca8e195f7c85b449a4172d989be451640dcac9d7,89,89,-2000.0,200,200,False,False,True
jev,0,bd78c451ccedf634ecbe50c5ca8e195f7c85b449a4172d989be451640dcac9d7,91,91,-2000.0,200,200,False,False,True
jev,0,bd78c451ccedf634ecbe50c5ca8e195f7c85b449a4172d989be451640dcac9d7,92,92,-2000.0,200,200,False,False,True
jev,0,bd78c451ccedf634ecbe50c5ca8e195f7c85b449a4172d989be451640dcac9d7,93,93,-2000.0,200,200,False,False,True
jev,0,bd78c451ccedf634ecbe50c5ca8e195f7c85b449a4172d989be451640dcac9d7,94,74,-200.0,200,0,False,False,True
jev,0,bd78c451ccedf634ecbe50c5ca8e195f7c85b449a4172d989be451640dcac9d7,101,101,-2000.0,200,200,False,False,True
jev,0,bd78c451ccedf634ecbe50c5ca8e195f7c85b449a4172d989be451640dcac9d7,102,102,-2000.0,200,200,False,False,True
jev,0,bd78c451ccedf634ecbe50c5ca8e195f7c85b449a4172d989be451640dcac9d7,103,123,-200.0,200,0,False,False,True
jev,0,bd78c451ccedf634ecbe50c5ca8e195f7c85b449a4172d989be451640dcac9d7,104,104,-2000.0,200,200,False,False,True
jev,0,bd78c451ccedf634ecbe50c5ca8e195f7c85b449a4172d989be451640dcac9d7,106,106,-2000.0,200,200,False,False,True
jev,0,bd78c451ccedf634ecbe50c5ca8e195f7c85b449a4172d989be451640dcac9d7,107,127,-200.0,200,0,False,False,True
jev,0,bd78c451ccedf634ecbe50c5ca8e195f7c85b449a4172d989be451640dcac9d7,108,108,-2000.0,200,200,False,False,True
jev,0,bd78c451ccedf634ecbe50c5ca8e195f7c85b449a4172d989be451640dcac9d7,109,109,-2000.0,200,200,False,False,True
jev,0,bd78c451ccedf634ecbe50c5ca8e195f7c85b449a4172d989be451640dcac9d7,111,111,-2000.0,200,200,False,False,True
jev,0,bd78c451ccedf634ecbe50c5ca8e195f7c85b449a4172d989be451640dcac9d7,112,112,-2000.0,200,200,False,False,True
jev,0,bd78c451ccedf634ecbe50c5ca8e195f7c85b449a4172d989be451640dcac9d7,113,113,-2000.0,200,200,False,False,True
jev,0,bd78c451ccedf634ecbe50c5ca8e195f7c85b449a4172d989be451640dcac9d7,114,114,-200.0,200,0,False,False,True
jev,0,bd78c451ccedf634ecbe50c5ca8e195f7c85b449a4172d989be451640dcac9d7,121,121,-2000.0,200,200,False,False,True
jev,0,bd78c451ccedf634ecbe50c5ca8e195f7c85b449a4172d989be451640dcac9d7,122,122,-2000.0,200,200,False,False,True
jev,0,bd78c451ccedf634ecbe50c5ca8e195f7c85b449a4172d989be451640dcac9d7,123,123,-200.0,200,0,False,False,True
jev,0,bd78c451ccedf634ecbe50c5ca8e195f7c85b449a4172d989be451640dcac9d7,124,124,-2000.0,200,200,False,False,True
jev,0,bd78c451ccedf634ecbe50c5ca8e195f7c85b449a4172d989be451640dcac9d7,126,126,-2000.0,200,200,False,False,True
jev,0,bd78c451ccedf634ecbe50c5ca8e195f7c85b449a4172d989be451640dcac9d7,127,127,-200.0,200,0,False,False,True
jev,0,bd78c451ccedf634ecbe50c5ca8e195f7c85b449a4172d989be451640dcac9d7,128,128,-2000.0,200,200,False,False,True
jev,0,bd78c451ccedf634ecbe50c5ca8e195f7c85b449a4172d989be451640dcac9d7,129,129,-2000.0,200,200,False,False,True
jev,0,bd78c451ccedf634ecbe50c5ca8e195f7c85b449a4172d989be451640dcac9d7,131,131,-2000.0,200,200,False,False,True
jev,0,bd78c451ccedf634ecbe50c5ca8e195f7c85b449a4172d989be451640dcac9d7,132,132,-200.0,200,0,False,False,True
jev,0,bd78c451ccedf634ecbe50c5ca8e195f7c85b449a4172d989be451640dcac9d7,133,133,-2000.0,200,200,False,False,True
jev,0,bd78c451ccedf634ecbe50c5ca8e195f7c85b449a4172d989be451640dcac9d7,134,114,-200.0,200,0,False,False,True
jev,0,bd78c451ccedf634ecbe50c5ca8e195f7c85b449a4172d989be451640dcac9d7,141,141,-2000.0,200,200,False,False,True
jev,0,bd78c451ccedf634ecbe50c5ca8e195f7c85b449a4172d989be451640dcac9d7,142,142,-2000.0,200,200,False,False,True
jev,0,bd78c451ccedf634ecbe50c5ca8e195f7c85b449a4172d989be451640dcac9d7,143,183,-200.0,200,0,False,False,True
jev,0,bd78c451ccedf634ecbe50c5ca8e195f7c85b449a4172d989be451640dcac9d7,144,144,-2000.0,200,200,False,False,True
jev,0,bd78c451ccedf634ecbe50c5ca8e195f7c85b449a4172d989be451640dcac9d7,146,146,-2000.0,200,200,False,False,True
jev,0,bd78c451ccedf634ecbe50c5ca8e195f7c85b449a4172d989be451640dcac9d7,147,187,-1982.0,200,198,False,False,True
jev,0,bd78c451ccedf634ecbe50c5ca8e195f7c85b449a4172d989be451640dcac9d7,148,148,-2000.0,200,200,False,False,True
jev,0,bd78c451ccedf634ecbe50c5ca8e195f7c85b449a4172d989be451640dcac9d7,149,149,-2000.0,200,200,False,False,True
jev,0,bd78c451ccedf634ecbe50c5ca8e195f7c85b449a4172d989be451640dcac9d7,151,151,-2000.0,200,200,False,False,True
jev,0,bd78c451ccedf634ecbe50c5ca8e195f7c85b449a4172d989be451640dcac9d7,152,152,-2000.0,200,200,False,False,True
jev,0,bd78c451ccedf634ecbe50c5ca8e195f7c85b449a4172d989be451640dcac9d7,153,153,-2000.0,200,200,False,False,True
jev,0,bd78c451ccedf634ecbe50c5ca8e195f7c85b449a4172d989be451640dcac9d7,154,154,-2000.0,200,200,False,False,True
jev,0,bd78c451ccedf634ecbe50c5ca8e195f7c85b449a4172d989be451640dcac9d7,161,161,-2000.0,200,200,False,False,True
jev,0,bd78c451ccedf634ecbe50c5ca8e195f7c85b449a4172d989be451640dcac9d7,162,162,-2000.0,200,200,False,False,True
jev,0,bd78c451ccedf634ecbe50c5ca8e195f7c85b449a4172d989be451640dcac9d7,163,183,-200.0,200,0,False,False,True
jev,0,bd78c451ccedf634ecbe50c5ca8e195f7c85b449a4172d989be451640dcac9d7,164,164,-2000.0,200,200,False,False,True
jev,0,bd78c451ccedf634ecbe50c5ca8e195f7c85b449a4172d989be451640dcac9d7,166,166,-2000.0,200,200,False,False,True
jev,0,bd78c451ccedf634ecbe50c5ca8e195f7c85b449a4172d989be451640dcac9d7,167,187,-1991.0,200,199,False,False,True
jev,0,bd78c451ccedf634ecbe50c5ca8e195f7c85b449a4172d989be451640dcac9d7,168,168,-2000.0,200,200,False,False,True
jev,0,bd78c451ccedf634ecbe50c5ca8e195f7c85b449a4172d989be451640dcac9d7,169,169,-2000.0,200,200,False,False,True
jev,0,bd78c451ccedf634ecbe50c5ca8e195f7c85b449a4172d989be451640dcac9d7,171,171,-2000.0,200,200,False,False,True
jev,0,bd78c451ccedf634ecbe50c5ca8e195f7c85b449a4172d989be451640dcac9d7,172,172,-2000.0,200,200,False,False,True
jev,0,bd78c451ccedf634ecbe50c5ca8e195f7c85b449a4172d989be451640dcac9d7,173,173,-2000.0,200,200,False,False,True
jev,0,bd78c451ccedf634ecbe50c5ca8e195f7c85b449a4172d989be451640dcac9d7,174,154,-1991.0,200,199,False,False,True
jev,0,bd78c451ccedf634ecbe50c5ca8e195f7c85b449a4172d989be451640dcac9d7,181,181,-2000.0,200,200,False,False,True
jev,0,bd78c451ccedf634ecbe50c5ca8e195f7c85b449a4172d989be451640dcac9d7,182,182,-2000.0,200,200,False,False,True
jev,0,bd78c451ccedf634ecbe50c5ca8e195f7c85b449a4172d989be451640dcac9d7,183,183,-200.0,200,0,False,False,True
jev,0,bd78c451ccedf634ecbe50c5ca8e195f7c85b449a4172d989be451640dcac9d7,184,184,-2000.0,200,200,False,False,True
jev,0,bd78c451ccedf634ecbe50c5ca8e195f7c85b449a4172d989be451640dcac9d7,186,186,-2000.0,200,200,False,False,True
jev,0,bd78c451ccedf634ecbe50c5ca8e195f7c85b449a4172d989be451640dcac9d7,187,187,-2000.0,200,200,False,False,True
jev,0,bd78c451ccedf634ecbe50c5ca8e195f7c85b449a4172d989be451640dcac9d7,188,188,-2000.0,200,200,False,False,True
jev,0,bd78c451ccedf634ecbe50c5ca8e195f7c85b449a4172d989be451640dcac9d7,189,189,-2000.0,200,200,False,False,True
jev,0,bd78c451ccedf634ecbe50c5ca8e195f7c85b449a4172d989be451640dcac9d7,191,191,-2000.0,200,200,False,False,True
jev,0,bd78c451ccedf634ecbe50c5ca8e195f7c85b449a4172d989be451640dcac9d7,192,192,-2000.0,200,200,False,False,True
jev,0,bd78c451ccedf634ecbe50c5ca8e195f7c85b449a4172d989be451640dcac9d7,193,193,-2000.0,200,200,False,False,True
jev,0,bd78c451ccedf634ecbe50c5ca8e195f7c85b449a4172d989be451640dcac9d7,194,154,-1982.0,200,198,False,False,True
jev,0,bd78c451ccedf634ecbe50c5ca8e195f7c85b449a4172d989be451640dcac9d7,201,201,-2000.0,200,200,False,False,True
jev,0,bd78c451ccedf634ecbe50c5ca8e195f7c85b449a4172d989be451640dcac9d7,202,202,-2000.0,200,200,False,False,True
jev,0,bd78c451ccedf634ecbe50c5ca8e195f7c85b449a4172d989be451640dcac9d7,203,283,-200.0,200,0,False,False,True
jev,0,bd78c451ccedf634ecbe50c5ca8e195f7c85b449a4172d989be451640dcac9d7,204,204,-2000.0,200,200,False,False,True
jev,0,bd78c451ccedf634ecbe50c5ca8e195f7c85b449a4172d989be451640dcac9d7,206,206,-2000.0,200,200,False,False,True
jev,0,bd78c451ccedf634ecbe50c5ca8e195f7c85b449a4172d989be451640dcac9d7,207,287,-200.0,200,0,False,False,True
jev,0,bd78c451ccedf634ecbe50c5ca8e195f7c85b449a4172d989be451640dcac9d7,208,208,-2000.0,200,200,False,False,True
jev,0,bd78c451ccedf634ecbe50c5ca8e195f7c85b449a4172d989be451640dcac9d7,209,209,-2000.0,200,200,False,False,True
jev,0,bd78c451ccedf634ecbe50c5ca8e195f7c85b449a4172d989be451640dcac9d7,211,211,-2000.0,200,200,False,False,True
jev,0,bd78c451ccedf634ecbe50c5ca8e195f7c85b449a4172d989be451640dcac9d7,212,212,-200.0,200,0,False,False,True
jev,0,bd78c451ccedf634ecbe50c5ca8e195f7c85b449a4172d989be451640dcac9d7,213,213,-2000.0,200,200,False,False,True
jev,0,bd78c451ccedf634ecbe50c5ca8e195f7c85b449a4172d989be451640dcac9d7,214,214,-200.0,200,0,False,False,True
jev,0,bd78c451ccedf634ecbe50c5ca8e195f7c85b449a4172d989be451640dcac9d7,221,241,-1991.0,200,199,False,False,True
jev,0,bd78c451ccedf634ecbe50c5ca8e195f7c85b449a4172d989be451640dcac9d7,222,282,-1973.0,200,197,False,False,True
jev,0,bd78c451ccedf634ecbe50c5ca8e195f7c85b449a4172d989be451640dcac9d7,223,283,-200.0,200,0,False,False,True
jev,0,bd78c451ccedf634ecbe50c5ca8e195f7c85b449a4172d989be451640dcac9d7,224,244,-1991.0,200,199,False,False,True
jev,0,bd78c451ccedf634ecbe50c5ca8e195f7c85b449a4172d989be451640dcac9d7,226,246,-1991.0,200,199,False,False,True
jev,0,bd78c451ccedf634ecbe50c5ca8e195f7c85b449a4172d989be451640dcac9d7,227,287,-200.0,200,0,False,False,True
jev,0,bd78c451ccedf634ecbe50c5ca8e195f7c85b449a4172d989be451640dcac9d7,228,228,-2000.0,200,200,False,False,True
jev,0,bd78c451ccedf634ecbe50c5ca8e195f7c85b449a4172d989be451640dcac9d7,229,229,-2000.0,200,200,False,False,True
jev,0,bd78c451ccedf634ecbe50c5ca8e195f7c85b449a4172d989be451640dcac9d7,231,251,-1991.0,200,199,False,False,True
jev,0,bd78c451ccedf634ecbe50c5ca8e195f7c85b449a4172d989be451640dcac9d7,232,272,-200.0,200,0,False,False,True
jev,0,bd78c451ccedf634ecbe50c5ca8e195f7c85b449a4172d989be451640dcac9d7,233,213,-1991.0,200,199,False,False,True
jev,0,bd78c451ccedf634ecbe50c5ca8e195f7c85b449a4172d989be451640dcac9d7,234,214,-200.0,200,0,False,False,True
jev,0,bd78c451ccedf634ecbe50c5ca8e195f7c85b449a4172d989be451640dcac9d7,241,241,-2000.0,200,200,False,False,True
jev,0,bd78c451ccedf634ecbe50c5ca8e195f7c85b449a4172d989be451640dcac9d7,242,282,-1982.0,200,198,False,False,True
jev,0,bd78c451ccedf634ecbe50c5ca8e195f7c85b449a4172d989be451640dcac9d7,243,283,-200.0,200,0,False,False,True
jev,0,bd78c451ccedf634ecbe50c5ca8e195f7c85b449a4172d989be451640dcac9d7,244,244,-2000.0,200,200,False,False,True
jev,0,bd78c451ccedf634ecbe50c5ca8e195f7c85b449a4172d989be451640dcac9d7,246,246,-2000.0,200,200,False,False,True
jev,0,bd78c451ccedf634ecbe50c5ca8e195f7c85b449a4172d989be451640dcac9d7,247,287,-200.0,200,0,False,False,True
jev,0,bd78c451ccedf634ecbe50c5ca8e195f7c85b449a4172d989be451640dcac9d7,248,248,-2000.0,200,200,False,False,True
jev,0,bd78c451ccedf634ecbe50c5ca8e195f7c85b449a4172d989be451640dcac9d7,249,249,-2000.0,200,200,False,False,True
jev,0,bd78c451ccedf634ecbe50c5ca8e195f7c85b449a4172d989be451640dcac9d7,251,251,-2000.0,200,200,False,False,True
jev,0,bd78c451ccedf634ecbe50c5ca8e195f7c85b449a4172d989be451640dcac9d7,252,292,-200.0,200,0,False,False,True
jev,0,bd78c451ccedf634ecbe50c5ca8e195f7c85b449a4172d989be451640dcac9d7,253,253,-2000.0,200,200,False,False,True
jev,0,bd78c451ccedf634ecbe50c5ca8e195f7c85b449a4172d989be451640dcac9d7,254,154,-1973.0,200,197,False,False,True
jev,0,bd78c451ccedf634ecbe50c5ca8e195f7c85b449a4172d989be451640dcac9d7,261,281,-1991.0,200,199,False,False,True
jev,0,bd78c451ccedf634ecbe50c5ca8e195f7c85b449a4172d989be451640dcac9d7,262,282,-1991.0,200,199,False,False,True
jev,0,bd78c451ccedf634ecbe50c5ca8e195f7c85b449a4172d989be451640dcac9d7,263,283,-200.0,200,0,False,False,True
jev,0,bd78c451ccedf634ecbe50c5ca8e195f7c85b449a4172d989be451640dcac9d7,264,284,-1991.0,200,199,False,False,True
jev,0,bd78c451ccedf634ecbe50c5ca8e195f7c85b449a4172d989be451640dcac9d7,266,286,-1991.0,200,199,False,False,True
jev,0,bd78c451ccedf634ecbe50c5ca8e195f7c85b449a4172d989be451640dcac9d7,267,287,-200.0,200,0,False,False,True
jev,0,bd78c451ccedf634ecbe50c5ca8e195f7c85b449a4172d989be451640dcac9d7,268,268,-2000.0,200,200,False,False,True
jev,0,bd78c451ccedf634ecbe50c5ca8e195f7c85b449a4172d989be451640dcac9d7,269,269,-2000.0,200,200,False,False,True
jev,0,bd78c451ccedf634ecbe50c5ca8e195f7c85b449a4172d989be451640dcac9d7,271,291,-1991.0,200,199,False,False,True
jev,0,bd78c451ccedf634ecbe50c5ca8e195f7c85b449a4172d989be451640dcac9d7,272,272,-200.0,200,0,False,False,True
jev,0,bd78c451ccedf634ecbe50c5ca8e195f7c85b449a4172d989be451640dcac9d7,273,173,-1991.0,200,199,False,False,True
jev,0,bd78c451ccedf634ecbe50c5ca8e195f7c85b449a4172d989be451640dcac9d7,274,154,-1982.0,200,198,False,False,True
jev,0,bd78c451ccedf634ecbe50c5ca8e195f7c85b449a4172d989be451640dcac9d7,281,281,-2000.0,200,200,False,False,True
jev,0,bd78c451ccedf634ecbe50c5ca8e195f7c85b449a4172d989be451640dcac9d7,282,282,-2000.0,200,200,False,False,True
jev,0,bd78c451ccedf634ecbe50c5ca8e195f7c85b449a4172d989be451640dcac9d7,283,283,-200.0,200,0,False,False,True
jev,0,bd78c451ccedf634ecbe50c5ca8e195f7c85b449a4172d989be451640dcac9d7,284,284,-2000.0,200,200,False,False,True
jev,0,bd78c451ccedf634ecbe50c5ca8e195f7c85b449a4172d989be451640dcac9d7,286,286,-2000.0,200,200,False,False,True
jev,0,bd78c451ccedf634ecbe50c5ca8e195f7c85b449a4172d989be451640dcac9d7,287,287,-200.0,200,0,False,False,True
jev,0,bd78c451ccedf634ecbe50c5ca8e195f7c85b449a4172d989be451640dcac9d7,288,288,-2000.0,200,200,False,False,True
jev,0,bd78c451ccedf634ecbe50c5ca8e195f7c85b449a4172d989be451640dcac9d7,289,289,-2000.0,200,200,False,False,True
jev,0,bd78c451ccedf634ecbe50c5ca8e195f7c85b449a4172d989be451640dcac9d7,291,291,-2000.0,200,200,False,False,True
jev,0,bd78c451ccedf634ecbe50c5ca8e195f7c85b449a4172d989be451640dcac9d7,292,292,-200.0,200,0,False,False,True
jev,0,bd78c451ccedf634ecbe50c5ca8e195f7c85b449a4172d989be451640dcac9d7,293,173,-1982.0,200,198,False,False,True
jev,0,bd78c451ccedf634ecbe50c5ca8e195f7c85b449a4172d989be451640dcac9d7,294,154,-1973.0,200,197,False,False,True
jev,0,bd78c451ccedf634ecbe50c5ca8e195f7c85b449a4172d989be451640dcac9d7,301,301,-2000.0,200,200,False,False,True
jev,0,bd78c451ccedf634ecbe50c5ca8e195f7c85b449a4172d989be451640dcac9d7,302,302,-200.0,200,0,False,False,True
jev,0,bd78c451ccedf634ecbe50c5ca8e195f7c85b449a4172d989be451640dcac9d7,303,303,-200.0,200,0,False,False,True
jev,0,bd78c451ccedf634ecbe50c5ca8e195f7c85b449a4172d989be451640dcac9d7,304,304,-200.0,200,0,False,False,True
jev,0,bd78c451ccedf634ecbe50c5ca8e195f7c85b449a4172d989be451640dcac9d7,306,306,-200.0,200,0,False,False,True
jev,0,bd78c451ccedf634ecbe50c5ca8e195f7c85b449a4172d989be451640dcac9d7,307,307,-200.0,200,0,False,False,True
jev,0,bd78c451ccedf634ecbe50c5ca8e195f7c85b449a4172d989be451640dcac9d7,308,308,-2000.0,200,200,False,False,True
jev,0,bd78c451ccedf634ecbe50c5ca8e195f7c85b449a4172d989be451640dcac9d7,309,309,-2000.0,200,200,False,False,True
jev,0,bd78c451ccedf634ecbe50c5ca8e195f7c85b449a4172d989be451640dcac9d7,311,311,-200.0,200,0,False,False,True
jev,0,bd78c451ccedf634ecbe50c5ca8e195f7c85b449a4172d989be451640dcac9d7,312,312,-200.0,200,0,False,False,True
jev,0,bd78c451ccedf634ecbe50c5ca8e195f7c85b449a4172d989be451640dcac9d7,313,313,-2000.0,200,200,False,False,True
jev,0,bd78c451ccedf634ecbe50c5ca8e195f7c85b449a4172d989be451640dcac9d7,314,214,-200.0,200,0,False,False,True
jev,0,bd78c451ccedf634ecbe50c5ca8e195f7c85b449a4172d989be451640dcac9d7,321,341,-200.0,200,0,False,False,True
jev,0,bd78c451ccedf634ecbe50c5ca8e195f7c85b449a4172d989be451640dcac9d7,322,342,-200.0,200,0,False,False,True
jev,0,bd78c451ccedf634ecbe50c5ca8e195f7c85b449a4172d989be451640dcac9d7,323,343,-200.0,200,0,False,False,True
jev,0,bd78c451ccedf634ecbe50c5ca8e195f7c85b449a4172d989be451640dcac9d7,324,344,-200.0,200,0,False,False,True
jev,0,bd78c451ccedf634ecbe50c5ca8e195f7c85b449a4172d989be451640dcac9d7,326,346,-200.0,200,0,False,False,True
jev,0,bd78c451ccedf634ecbe50c5ca8e195f7c85b449a4172d989be451640dcac9d7,327,347,-200.0,200,0,False,False,True
jev,0,bd78c451ccedf634ecbe50c5ca8e195f7c85b449a4172d989be451640dcac9d7,328,328,-2000.0,200,200,False,False,True
jev,0,bd78c451ccedf634ecbe50c5ca8e195f7c85b449a4172d989be451640dcac9d7,329,329,-2000.0,200,200,False,False,True
jev,0,bd78c451ccedf634ecbe50c5ca8e195f7c85b449a4172d989be451640dcac9d7,331,351,-200.0,200,0,False,False,True
jev,0,bd78c451ccedf634ecbe50c5ca8e195f7c85b449a4172d989be451640dcac9d7,332,352,-200.0,200,0,False,False,True
jev,0,bd78c451ccedf634ecbe50c5ca8e195f7c85b449a4172d989be451640dcac9d7,333,353,-200.0,200,0,False,False,True
jev,0,bd78c451ccedf634ecbe50c5ca8e195f7c85b449a4172d989be451640dcac9d7,334,154,-1955.0,200,195,False,False,True
jev,0,bd78c451ccedf634ecbe50c5ca8e195f7c85b449a4172d989be451640dcac9d7,341,341,-200.0,200,0,False,False,True
jev,0,bd78c451ccedf634ecbe50c5ca8e195f7c85b449a4172d989be451640dcac9d7,342,342,-200.0,200,0,False,False,True
jev,0,bd78c451ccedf634ecbe50c5ca8e195f7c85b449a4172d989be451640dcac9d7,343,343,-200.0,200,0,False,False,True
jev,0,bd78c451ccedf634ecbe50c5ca8e195f7c85b449a4172d989be451640dcac9d7,344,344,-200.0,200,0,False,False,True
jev,0,bd78c451ccedf634ecbe50c5ca8e195f7c85b449a4172d989be451640dcac9d7,346,346,-200.0,200,0,False,False,True
jev,0,bd78c451ccedf634ecbe50c5ca8e195f7c85b449a4172d989be451640dcac9d7,347,347,-200.0,200,0,False,False,True
jev,0,bd78c451ccedf634ecbe50c5ca8e195f7c85b449a4172d989be451640dcac9d7,348,348,-2000.0,200,200,False,False,True
jev,0,bd78c451ccedf634ecbe50c5ca8e195f7c85b449a4172d989be451640dcac9d7,349,349,-2000.0,200,200,False,False,True
jev,0,bd78c451ccedf634ecbe50c5ca8e195f7c85b449a4172d989be451640dcac9d7,351,351,-200.0,200,0,False,False,True
jev,0,bd78c451ccedf634ecbe50c5ca8e195f7c85b449a4172d989be451640dcac9d7,352,352,-200.0,200,0,False,False,True
jev,0,bd78c451ccedf634ecbe50c5ca8e195f7c85b449a4172d989be451640dcac9d7,353,353,-200.0,200,0,False,False,True
jev,0,bd78c451ccedf634ecbe50c5ca8e195f7c85b449a4172d989be451640dcac9d7,354,154,-1964.0,200,196,False,False,True
jev,0,bd78c451ccedf634ecbe50c5ca8e195f7c85b449a4172d989be451640dcac9d7,361,381,-1991.0,200,199,False,False,True
jev,0,bd78c451ccedf634ecbe50c5ca8e195f7c85b449a4172d989be451640dcac9d7,362,382,-200.0,200,0,False,False,True
jev,0,bd78c451ccedf634ecbe50c5ca8e195f7c85b449a4172d989be451640dcac9d7,363,383,-200.0,200,0,False,False,True
jev,0,bd78c451ccedf634ecbe50c5ca8e195f7c85b449a4172d989be451640dcac9d7,364,384,-1991.0,200,199,False,False,True
jev,0,bd78c451ccedf634ecbe50c5ca8e195f7c85b449a4172d989be451640dcac9d7,366,386,-200.0,200,0,False,False,True
jev,0,bd78c451ccedf634ecbe50c5ca8e195f7c85b449a4172d989be451640dcac9d7,367,387,-200.0,200,0,False,False,True
jev,0,bd78c451ccedf634ecbe50c5ca8e195f7c85b449a4172d989be451640dcac9d7,368,368,-2000.0,200,200,False,False,True
jev,0,bd78c451ccedf634ecbe50c5ca8e195f7c85b449a4172d989be451640dcac9d7,369,369,-2000.0,200,200,False,False,True
jev,0,bd78c451ccedf634ecbe50c5ca8e195f7c85b449a4172d989be451640dcac9d7,371,391,-1991.0,200,199,False,False,True
jev,0,bd78c451ccedf634ecbe50c5ca8e195f7c85b449a4172d989be451640dcac9d7,372,392,-200.0,200,0,False,False,True
jev,0,bd78c451ccedf634ecbe50c5ca8e195f7c85b449a4172d989be451640dcac9d7,373,393,-1991.0,200,199,False,False,True
jev,0,bd78c451ccedf634ecbe50c5ca8e195f7c85b449a4172d989be451640dcac9d7,374,154,-1955.0,200,195,False,False,True
jev,0,bd78c451ccedf634ecbe50c5ca8e195f7c85b449a4172d989be451640dcac9d7,381,381,-2000.0,200,200,False,False,True
jev,0,bd78c451ccedf634ecbe50c5ca8e195f7c85b449a4172d989be451640dcac9d7,382,382,-200.0,200,0,False,False,True
jev,0,bd78c451ccedf634ecbe50c5ca8e195f7c85b449a4172d989be451640dcac9d7,383,383,-200.0,200,0,False,False,True
jev,0,bd78c451ccedf634ecbe50c5ca8e195f7c85b449a4172d989be451640dcac9d7,384,384,-2000.0,200,200,False,False,True
jev,0,bd78c451ccedf634ecbe50c5ca8e195f7c85b449a4172d989be451640dcac9d7,386,386,-200.0,200,0,False,False,True
jev,0,bd78c451ccedf634ecbe50c5ca8e195f7c85b449a4172d989be451640dcac9d7,387,387,-200.0,200,0,False,False,True
jev,0,bd78c451ccedf634ecbe50c5ca8e195f7c85b449a4172d989be451640dcac9d7,388,388,-2000.0,200,200,False,False,True
jev,0,bd78c451ccedf634ecbe50c5ca8e195f7c85b449a4172d989be451640dcac9d7,389,389,-2000.0,200,200,False,False,True
jev,0,bd78c451ccedf634ecbe50c5ca8e195f7c85b449a4172d989be451640dcac9d7,391,391,-2000.0,200,200,False,False,True
jev,0,bd78c451ccedf634ecbe50c5ca8e195f7c85b449a4172d989be451640dcac9d7,392,392,-200.0,200,0,False,False,True
jev,0,bd78c451ccedf634ecbe50c5ca8e195f7c85b449a4172d989be451640dcac9d7,393,393,-2000.0,200,200,False,False,True
jev,0,bd78c451ccedf634ecbe50c5ca8e195f7c85b449a4172d989be451640dcac9d7,394,154,-1964.0,200,196,False,False,True
jev,0,bd78c451ccedf634ecbe50c5ca8e195f7c85b449a4172d989be451640dcac9d7,401,401,-2000.0,200,200,False,False,True
jev,0,bd78c451ccedf634ecbe50c5ca8e195f7c85b449a4172d989be451640dcac9d7,402,402,-200.0,200,0,False,False,True
jev,0,bd78c451ccedf634ecbe50c5ca8e195f7c85b449a4172d989be451640dcac9d7,403,403,-200.0,200,0,False,False,True
jev,0,bd78c451ccedf634ecbe50c5ca8e195f7c85b449a4172d989be451640dcac9d7,404,404,-2000.0,200,200,False,False,True
jev,0,bd78c451ccedf634ecbe50c5ca8e195f7c85b449a4172d989be451640dcac9d7,406,406,-200.0,200,0,False,False,True
jev,0,bd78c451ccedf634ecbe50c5ca8e195f7c85b449a4172d989be451640dcac9d7,407,407,-200.0,200,0,False,False,True
jev,0,bd78c451ccedf634ecbe50c5ca8e195f7c85b449a4172d989be451640dcac9d7,408,408,-2000.0,200,200,False,False,True
jev,0,bd78c451ccedf634ecbe50c5ca8e195f7c85b449a4172d989be451640dcac9d7,409,409,-2000.0,200,200,False,False,True
jev,0,bd78c451ccedf634ecbe50c5ca8e195f7c85b449a4172d989be451640dcac9d7,411,411,-2000.0,200,200,False,False,True
jev,0,bd78c451ccedf634ecbe50c5ca8e195f7c85b449a4172d989be451640dcac9d7,412,412,-200.0,200,0,False,False,True
jev,0,bd78c451ccedf634ecbe50c5ca8e195f7c85b449a4172d989be451640dcac9d7,413,413,-200.0,200,0,False,False,True
jev,0,bd78c451ccedf634ecbe50c5ca8e195f7c85b449a4172d989be451640dcac9d7,414,414,-200.0,200,0,False,False,True
jev,0,bd78c451ccedf634ecbe50c5ca8e195f7c85b449a4172d989be451640dcac9d7,421,421,-200.0,200,0,False,False,True
jev,0,bd78c451ccedf634ecbe50c5ca8e195f7c85b449a4172d989be451640dcac9d7,422,442,-200.0,200,0,False,False,True
jev,0,bd78c451ccedf634ecbe50c5ca8e195f7c85b449a4172d989be451640dcac9d7,423,443,-200.0,200,0,False,False,True
jev,0,bd78c451ccedf634ecbe50c5ca8e195f7c85b449a4172d989be451640dcac9d7,424,444,-200.0,200,0,False,False,True
jev,0,bd78c451ccedf634ecbe50c5ca8e195f7c85b449a4172d989be451640dcac9d7,426,446,-200.0,200,0,False,False,True
jev,0,bd78c451ccedf634ecbe50c5ca8e195f7c85b449a4172d989be451640dcac9d7,427,447,-200.0,200,0,False,False,True
jev,0,bd78c451ccedf634ecbe50c5ca8e195f7c85b449a4172d989be451640dcac9d7,428,428,-2000.0,200,200,False,False,True
jev,0,bd78c451ccedf634ecbe50c5ca8e195f7c85b449a4172d989be451640dcac9d7,429,429,-2000.0,200,200,False,False,True
jev,0,bd78c451ccedf634ecbe50c5ca8e195f7c85b449a4172d989be451640dcac9d7,431,451,-1991.0,200,199,False,False,True
jev,0,bd78c451ccedf634ecbe50c5ca8e195f7c85b449a4172d989be451640dcac9d7,432,452,-200.0,200,0,False,False,True
jev,0,bd78c451ccedf634ecbe50c5ca8e195f7c85b449a4172d989be451640dcac9d7,433,433,-200.0,200,0,False,False,True
jev,0,bd78c451ccedf634ecbe50c5ca8e195f7c85b449a4172d989be451640dcac9d7,434,434,-200.0,200,0,False,False,True
jev,0,bd78c451ccedf634ecbe50c5ca8e195f7c85b449a4172d989be451640dcac9d7,441,441,-200.0,200,0,False,False,True
jev,0,bd78c451ccedf634ecbe50c5ca8e195f7c85b449a4172d989be451640dcac9d7,442,442,-200.0,200,0,False,False,True
jev,0,bd78c451ccedf634ecbe50c5ca8e195f7c85b449a4172d989be451640dcac9d7,443,443,-200.0,200,0,False,False,True
jev,0,bd78c451ccedf634ecbe50c5ca8e195f7c85b449a4172d989be451640dcac9d7,444,444,-200.0,200,0,False,False,True
jev,0,bd78c451ccedf634ecbe50c5ca8e195f7c85b449a4172d989be451640dcac9d7,446,446,-200.0,200,0,False,False,True
jev,0,bd78c451ccedf634ecbe50c5ca8e195f7c85b449a4172d989be451640dcac9d7,447,447,-200.0,200,0,False,False,True
jev,0,bd78c451ccedf634ecbe50c5ca8e195f7c85b449a4172d989be451640dcac9d7,448,448,-2000.0,200,200,False,False,True
jev,0,bd78c451ccedf634ecbe50c5ca8e195f7c85b449a4172d989be451640dcac9d7,449,449,-2000.0,200,200,False,False,True
jev,0,bd78c451ccedf634ecbe50c5ca8e195f7c85b449a4172d989be451640dcac9d7,451,451,-2000.0,200,200,False,False,True
jev,0,bd78c451ccedf634ecbe50c5ca8e195f7c85b449a4172d989be451640dcac9d7,452,452,-200.0,200,0,False,False,True
jev,0,bd78c451ccedf634ecbe50c5ca8e195f7c85b449a4172d989be451640dcac9d7,453,453,-200.0,200,0,False,False,True
jev,0,bd78c451ccedf634ecbe50c5ca8e195f7c85b449a4172d989be451640dcac9d7,454,454,-200.0,200,0,False,False,True
jev,0,bd78c451ccedf634ecbe50c5ca8e195f7c85b449a4172d989be451640dcac9d7,461,461,-200.0,200,0,False,False,True
jev,0,bd78c451ccedf634ecbe50c5ca8e195f7c85b449a4172d989be451640dcac9d7,462,462,-200.0,200,0,False,False,True
jev,0,bd78c451ccedf634ecbe50c5ca8e195f7c85b449a4172d989be451640dcac9d7,463,483,-200.0,200,0,False,False,True
jev,0,bd78c451ccedf634ecbe50c5ca8e195f7c85b449a4172d989be451640dcac9d7,464,484,-1991.0,200,199,False,False,True
jev,0,bd78c451ccedf634ecbe50c5ca8e195f7c85b449a4172d989be451640dcac9d7,466,466,-200.0,200,0,False,False,True
jev,0,bd78c451ccedf634ecbe50c5ca8e195f7c85b449a4172d989be451640dcac9d7,467,487,-200.0,200,0,False,False,True
jev,0,bd78c451ccedf634ecbe50c5ca8e195f7c85b449a4172d989be451640dcac9d7,468,468,-2000.0,200,200,False,False,True
jev,0,bd78c451ccedf634ecbe50c5ca8e195f7c85b449a4172d989be451640dcac9d7,469,469,-2000.0,200,200,False,False,True
jev,0,bd78c451ccedf634ecbe50c5ca8e195f7c85b449a4172d989be451640dcac9d7,471,491,-1991.0,200,199,False,False,True
jev,0,bd78c451ccedf634ecbe50c5ca8e195f7c85b449a4172d989be451640dcac9d7,472,472,-200.0,200,0,False,False,True
jev,0,bd78c451ccedf634ecbe50c5ca8e195f7c85b449a4172d989be451640dcac9d7,473,473,-200.0,200,0,False,False,True
jev,0,bd78c451ccedf634ecbe50c5ca8e195f7c85b449a4172d989be451640dcac9d7,474,474,-200.0,200,0,False,False,True
jev,0,bd78c451ccedf634ecbe50c5ca8e195f7c85b449a4172d989be451640dcac9d7,481,481,-200.0,200,0,False,False,True
jev,0,bd78c451ccedf634ecbe50c5ca8e195f7c85b449a4172d989be451640dcac9d7,482,482,-200.0,200,0,False,False,True
jev,0,bd78c451ccedf634ecbe50c5ca8e195f7c85b449a4172d989be451640dcac9d7,483,483,-200.0,200,0,False,False,True
jev,0,bd78c451ccedf634ecbe50c5ca8e195f7c85b449a4172d989be451640dcac9d7,484,484,-2000.0,200,200,False,False,True
jev,0,bd78c451ccedf634ecbe50c5ca8e195f7c85b449a4172d989be451640dcac9d7,486,486,-200.0,200,0,False,False,True
jev,0,bd78c451ccedf634ecbe50c5ca8e195f7c85b449a4172d989be451640dcac9d7,487,487,-200.0,200,0,False,False,True
jev,0,bd78c451ccedf634ecbe50c5ca8e195f7c85b449a4172d989be451640dcac9d7,488,488,-2000.0,200,200,False,False,True
jev,0,bd78c451ccedf634ecbe50c5ca8e195f7c85b449a4172d989be451640dcac9d7,489,489,-2000.0,200,200,False,False,True
jev,0,bd78c451ccedf634ecbe50c5ca8e195f7c85b449a4172d989be451640dcac9d7,491,491,-2000.0,200,200,False,False,True
jev,0,bd78c451ccedf634ecbe50c5ca8e195f7c85b449a4172d989be451640dcac9d7,492,492,-200.0,200,0,False,False,True
jev,0,bd78c451ccedf634ecbe50c5ca8e195f7c85b449a4172d989be451640dcac9d7,493,473,-200.0,200,0,False,False,True
jev,0,bd78c451ccedf634ecbe50c5ca8e195f7c85b449a4172d989be451640dcac9d7,494,494,-200.0,200,0,False,False,True
jev,1,50b21bbab4a3af01c4c4cd8d96446156c0a0be38175ae6777253fd156f14284c,1,1,-200.0,200,0,False,False,True
jev,1,50b21bbab4a3af01c4c4cd8d96446156c0a0be38175ae6777253fd156f14284c,2,2,-200.0,200,0,False,False,True
jev,1,50b21bbab4a3af01c4c4cd8d96446156c0a0be38175ae6777253fd156f14284c,3,3,-200.0,200,0,False,False,True
jev,1,50b21bbab4a3af01c4c4cd8d96446156c0a0be38175ae6777253fd156f14284c,4,4,-2000.0,200,200,False,False,True
jev,1,50b21bbab4a3af01c4c4cd8d96446156c0a0be38175ae6777253fd156f14284c,6,6,-200.0,200,0,False,False,True
jev,1,50b21bbab4a3af01c4c4cd8d96446156c0a0be38175ae6777253fd156f14284c,7,7,-200.0,200,0,False,False,True
jev,1,50b21bbab4a3af01c4c4cd8d96446156c0a0be38175ae6777253fd156f14284c,8,8,-200.0,200,0,False,False,True
jev,1,50b21bbab4a3af01c4c4cd8d96446156c0a0be38175ae6777253fd156f14284c,9,9,-200.0,200,0,False,False,True
jev,1,50b21bbab4a3af01c4c4cd8d96446156c0a0be38175ae6777253fd156f14284c,11,11,-200.0,200,0,False,False,True
jev,1,50b21bbab4a3af01c4c4cd8d96446156c0a0be38175ae6777253fd156f14284c,12,12,-2000.0,200,200,False,False,True
jev,1,50b21bbab4a3af01c4c4cd8d96446156c0a0be38175ae6777253fd156f14284c,13,13,-200.0,200,0,False,False,True
jev,1,50b21bbab4a3af01c4c4cd8d96446156c0a0be38175ae6777253fd156f14284c,14,14,-200.0,200,0,False,False,True
jev,1,50b21bbab4a3af01c4c4cd8d96446156c0a0be38175ae6777253fd156f14284c,21,21,-200.0,200,0,False,False,True
jev,1,50b21bbab4a3af01c4c4cd8d96446156c0a0be38175ae6777253fd156f14284c,22,22,-200.0,200,0,False,False,True
jev,1,50b21bbab4a3af01c4c4cd8d96446156c0a0be38175ae6777253fd156f14284c,23,23,-200.0,200,0,False,False,True
jev,1,50b21bbab4a3af01c4c4cd8d96446156c0a0be38175ae6777253fd156f14284c,24,24,-2000.0,200,200,False,False,True
jev,1,50b21bbab4a3af01c4c4cd8d96446156c0a0be38175ae6777253fd156f14284c,26,26,-2000.0,200,200,False,False,True
jev,1,50b21bbab4a3af01c4c4cd8d96446156c0a0be38175ae6777253fd156f14284c,27,27,-2000.0,200,200,False,False,True
jev,1,50b21bbab4a3af01c4c4cd8d96446156c0a0be38175ae6777253fd156f14284c,28,28,-2000.0,200,200,False,False,True
jev,1,50b21bbab4a3af01c4c4cd8d96446156c0a0be38175ae6777253fd156f14284c,29,29,-2000.0,200,200,False,False,True
jev,1,50b21bbab4a3af01c4c4cd8d96446156c0a0be38175ae6777253fd156f14284c,31,31,-2000.0,200,200,False,False,True
jev,1,50b21bbab4a3af01c4c4cd8d96446156c0a0be38175ae6777253fd156f14284c,32,32,-2000.0,200,200,False,False,True
jev,1,50b21bbab4a3af01c4c4cd8d96446156c0a0be38175ae6777253fd156f14284c,33,33,-2000.0,200,200,False,False,True
jev,1,50b21bbab4a3af01c4c4cd8d96446156c0a0be38175ae6777253fd156f14284c,34,34,-200.0,200,0,False,False,True
jev,1,50b21bbab4a3af01c4c4cd8d96446156c0a0be38175ae6777253fd156f14284c,41,281,-1964.0,200,196,False,False,True
jev,1,50b21bbab4a3af01c4c4cd8d96446156c0a0be38175ae6777253fd156f14284c,42,482,-200.0,200,0,False,False,True
jev,1,50b21bbab4a3af01c4c4cd8d96446156c0a0be38175ae6777253fd156f14284c,43,283,-1964.0,200,196,False,False,True
jev,1,50b21bbab4a3af01c4c4cd8d96446156c0a0be38175ae6777253fd156f14284c,44,44,-2000.0,200,200,False,False,True
jev,1,50b21bbab4a3af01c4c4cd8d96446156c0a0be38175ae6777253fd156f14284c,46,46,-2000.0,200,200,False,False,True
jev,1,50b21bbab4a3af01c4c4cd8d96446156c0a0be38175ae6777253fd156f14284c,47,47,-2000.0,200,200,False,False,True
jev,1,50b21bbab4a3af01c4c4cd8d96446156c0a0be38175ae6777253fd156f14284c,48,48,-2000.0,200,200,False,False,True
jev,1,50b21bbab4a3af01c4c4cd8d96446156c0a0be38175ae6777253fd156f14284c,49,289,-1964.0,200,196,False,False,True
jev,1,50b21bbab4a3af01c4c4cd8d96446156c0a0be38175ae6777253fd156f14284c,51,71,-1991.0,200,199,False,False,True
jev,1,50b21bbab4a3af01c4c4cd8d96446156c0a0be38175ae6777253fd156f14284c,52,52,-2000.0,200,200,False,False,True
jev,1,50b21bbab4a3af01c4c4cd8d96446156c0a0be38175ae6777253fd156f14284c,53,53,-2000.0,200,200,False,False,True
jev,1,50b21bbab4a3af01c4c4cd8d96446156c0a0be38175ae6777253fd156f14284c,54,54,-2000.0,200,200,False,False,True
jev,1,50b21bbab4a3af01c4c4cd8d96446156c0a0be38175ae6777253fd156f14284c,61,281,-1973.0,200,197,False,False,True
jev,1,50b21bbab4a3af01c4c4cd8d96446156c0a0be38175ae6777253fd156f14284c,62,482,-200.0,200,0,False,False,True
jev,1,50b21bbab4a3af01c4c4cd8d96446156c0a0be38175ae6777253fd156f14284c,63,283,-1973.0,200,197,False,False,True
jev,1,50b21bbab4a3af01c4c4cd8d96446156c0a0be38175ae6777253fd156f14284c,64,64,-2000.0,200,200,False,False,True
jev,1,50b21bbab4a3af01c4c4cd8d96446156c0a0be38175ae6777253fd156f14284c,66,66,-2000.0,200,200,False,False,True
jev,1,50b21bbab4a3af01c4c4cd8d96446156c0a0be38175ae6777253fd156f14284c,67,67,-2000.0,200,200,False,False,True
jev,1,50b21bbab4a3af01c4c4cd8d96446156c0a0be38175ae6777253fd156f14284c,68,68,-2000.0,200,200,False,False,True
jev,1,50b21bbab4a3af01c4c4cd8d96446156c0a0be38175ae6777253fd156f14284c,69,289,-1973.0,200,197,False,False,True
jev,1,50b21bbab4a3af01c4c4cd8d96446156c0a0be38175ae6777253fd156f14284c,71,71,-2000.0,200,200,False,False,True
jev,1,50b21bbab4a3af01c4c4cd8d96446156c0a0be38175ae6777253fd156f14284c,72,72,-2000.0,200,200,False,False,True
jev,1,50b21bbab4a3af01c4c4cd8d96446156c0a0be38175ae6777253fd156f14284c,73,73,-2000.0,200,200,False,False,True
jev,1,50b21bbab4a3af01c4c4cd8d96446156c0a0be38175ae6777253fd156f14284c,74,74,-2000.0,200,200,False,False,True
jev,1,50b21bbab4a3af01c4c4cd8d96446156c0a0be38175ae6777253fd156f14284c,81,281,-1982.0,200,198,False,False,True
jev,1,50b21bbab4a3af01c4c4cd8d96446156c0a0be38175ae6777253fd156f14284c,82,482,-200.0,200,0,False,False,True
jev,1,50b21bbab4a3af01c4c4cd8d96446156c0a0be38175ae6777253fd156f14284c,83,283,-1982.0,200,198,False,False,True
jev,1,50b21bbab4a3af01c4c4cd8d96446156c0a0be38175ae6777253fd156f14284c,84,296,-1973.0,200,197,False,False,True
jev,1,50b21bbab4a3af01c4c4cd8d96446156c0a0be38175ae6777253fd156f14284c,86,486,-200.0,200,0,False,False,True
jev,1,50b21bbab4a3af01c4c4cd8d96446156c0a0be38175ae6777253fd156f14284c,87,299,-1973.0,200,197,False,False,True
jev,1,50b21bbab4a3af01c4c4cd8d96446156c0a0be38175ae6777253fd156f14284c,88,88,-2000.0,200,200,False,False,True
jev,1,50b21bbab4a3af01c4c4cd8d96446156c0a0be38175ae6777253fd156f14284c,89,289,-1982.0,200,198,False,False,True
jev,1,50b21bbab4a3af01c4c4cd8d96446156c0a0be38175ae6777253fd156f14284c,91,91,-2000.0,200,200,False,False,True
jev,1,50b21bbab4a3af01c4c4cd8d96446156c0a0be38175ae6777253fd156f14284c,92,92,-2000.0,200,200,False,False,True
jev,1,50b21bbab4a3af01c4c4cd8d96446156c0a0be38175ae6777253fd156f14284c,93,293,-1982.0,200,198,False,False,True
jev,1,50b21bbab4a3af01c4c4cd8d96446156c0a0be38175ae6777253fd156f14284c,94,94,-2000.0,200,200,False,False,True
jev,1,50b21bbab4a3af01c4c4cd8d96446156c0a0be38175ae6777253fd156f14284c,101,1,-200.0,200,0,False,False,True
jev,1,50b21bbab4a3af01c4c4cd8d96446156c0a0be38175ae6777253fd156f14284c,102,2,-200.0,200,0,False,False,True
jev,1,50b21bbab4a3af01c4c4cd8d96446156c0a0be38175ae6777253fd156f14284c,103,3,-200.0,200,0,False,False,True
jev,1,50b21bbab4a3af01c4c4cd8d96446156c0a0be38175ae6777253fd156f14284c,104,204,-1991.0,200,199,False,False,True
jev,1,50b21bbab4a3af01c4c4cd8d96446156c0a0be38175ae6777253fd156f14284c,106,6,-200.0,200,0,False,False,True
jev,1,50b21bbab4a3af01c4c4cd8d96446156c0a0be38175ae6777253fd156f14284c,107,7,-200.0,200,0,False,False,True
jev,1,50b21bbab4a3af01c4c4cd8d96446156c0a0be38175ae6777253fd156f14284c,108,108,-2000.0,200,200,False,False,True
jev,1,50b21bbab4a3af01c4c4cd8d96446156c0a0be38175ae6777253fd156f14284c,109,109,-200.0,200,0,False,False,True
jev,1,50b21bbab4a3af01c4c4cd8d96446156c0a0be38175ae6777253fd156f14284c,111,111,-2000.0,200,200,False,False,True
jev,1,50b21bbab4a3af01c4c4cd8d96446156c0a0be38175ae6777253fd156f14284c,112,212,-1991.0,200,199,False,False,True
jev,1,50b21bbab4a3af01c4c4cd8d96446156c0a0be38175ae6777253fd156f14284c,113,13,-200.0,200,0,False,False,True
jev,1,50b21bbab4a3af01c4c4cd8d96446156c0a0be38175ae6777253fd156f14284c,114,214,-1991.0,200,199,False,False,True
jev,1,50b21bbab4a3af01c4c4cd8d96446156c0a0be38175ae6777253fd156f14284c,121,121,-200.0,200,0,False,False,True
jev,1,50b21bbab4a3af01c4c4cd8d96446156c0a0be38175ae6777253fd156f14284c,122,122,-200.0,200,0,False,False,True
jev,1,50b21bbab4a3af01c4c4cd8d96446156c0a0be38175ae6777253fd156f14284c,123,123,-200.0,200,0,False,False,True
jev,1,50b21bbab4a3af01c4c4cd8d96446156c0a0be38175ae6777253fd156f14284c,124,124,-2000.0,200,200,False,False,True
jev,1,50b21bbab4a3af01c4c4cd8d96446156c0a0be38175ae6777253fd156f14284c,126,226,-1991.0,200,199,False,False,True
jev,1,50b21bbab4a3af01c4c4cd8d96446156c0a0be38175ae6777253fd156f14284c,127,127,-200.0,200,0,False,False,True
jev,1,50b21bbab4a3af01c4c4cd8d96446156c0a0be38175ae6777253fd156f14284c,128,128,-2000.0,200,200,False,False,True
jev,1,50b21bbab4a3af01c4c4cd8d96446156c0a0be38175ae6777253fd156f14284c,129,129,-2000.0,200,200,False,False,True
jev,1,50b21bbab4a3af01c4c4cd8d96446156c0a0be38175ae6777253fd156f14284c,131,131,-2000.0,200,200,False,False,True
jev,1,50b21bbab4a3af01c4c4cd8d96446156c0a0be38175ae6777253fd156f14284c,132,132,-2000.0,200,200,False,False,True
jev,1,50b21bbab4a3af01c4c4cd8d96446156c0a0be38175ae6777253fd156f14284c,133,133,-200.0,200,0,False,False,True
jev,1,50b21bbab4a3af01c4c4cd8d96446156c0a0be38175ae6777253fd156f14284c,134,134,-2000.0,200,200,False,False,True
jev,1,50b21bbab4a3af01c4c4cd8d96446156c0a0be38175ae6777253fd156f14284c,141,281,-1973.0,200,197,False,False,True
jev,1,50b21bbab4a3af01c4c4cd8d96446156c0a0be38175ae6777253fd156f14284c,142,482,-200.0,200,0,False,False,True
jev,1,50b21bbab4a3af01c4c4cd8d96446156c0a0be38175ae6777253fd156f14284c,143,283,-1973.0,200,197,False,False,True
jev,1,50b21bbab4a3af01c4c4cd8d96446156c0a0be38175ae6777253fd156f14284c,144,144,-2000.0,200,200,False,False,True
jev,1,50b21bbab4a3af01c4c4cd8d96446156c0a0be38175ae6777253fd156f14284c,146,246,-1991.0,200,199,False,False,True
jev,1,50b21bbab4a3af01c4c4cd8d96446156c0a0be38175ae6777253fd156f14284c,147,147,-2000.0,200,200,False,False,True
jev,1,50b21bbab4a3af01c4c4cd8d96446156c0a0be38175ae6777253fd156f14284c,148,148,-2000.0,200,200,False,False,True
jev,1,50b21bbab4a3af01c4c4cd8d96446156c0a0be38175ae6777253fd156f14284c,149,149,-2000.0,200,200,False,False,True
jev,1,50b21bbab4a3af01c4c4cd8d96446156c0a0be38175ae6777253fd156f14284c,151,151,-2000.0,200,200,False,False,True
jev,1,50b21bbab4a3af01c4c4cd8d96446156c0a0be38175ae6777253fd156f14284c,152,152,-2000.0,200,200,False,False,True
jev,1,50b21bbab4a3af01c4c4cd8d96446156c0a0be38175ae6777253fd156f14284c,153,293,-1973.0,200,197,False,False,True
jev,1,50b21bbab4a3af01c4c4cd8d96446156c0a0be38175ae6777253fd156f14284c,154,294,-1973.0,200,197,False,False,True
jev,1,50b21bbab4a3af01c4c4cd8d96446156c0a0be38175ae6777253fd156f14284c,161,281,-1982.0,200,198,False,False,True
jev,1,50b21bbab4a3af01c4c4cd8d96446156c0a0be38175ae6777253fd156f14284c,162,482,-200.0,200,0,False,False,True
jev,1,50b21bbab4a3af01c4c4cd8d96446156c0a0be38175ae6777253fd156f14284c,163,283,-1982.0,200,198,False,False,True
jev,1,50b21bbab4a3af01c4c4cd8d96446156c0a0be38175ae6777253fd156f14284c,164,264,-1991.0,200,199,False,False,True
jev,1,50b21bbab4a3af01c4c4cd8d96446156c0a0be38175ae6777253fd156f14284c,166,266,-1991.0,200,199,False,False,True
jev,1,50b21bbab4a3af01c4c4cd8d96446156c0a0be38175ae6777253fd156f14284c,167,267,-1991.0,200,199,False,False,True
jev,1,50b21bbab4a3af01c4c4cd8d96446156c0a0be38175ae6777253fd156f14284c,168,168,-2000.0,200,200,False,False,True
jev,1,50b21bbab4a3af01c4c4cd8d96446156c0a0be38175ae6777253fd156f14284c,169,169,-2000.0,200,200,False,False,True
jev,1,50b21bbab4a3af01c4c4cd8d96446156c0a0be38175ae6777253fd156f14284c,171,171,-2000.0,200,200,False,False,True
jev,1,50b21bbab4a3af01c4c4cd8d96446156c0a0be38175ae6777253fd156f14284c,172,172,-2000.0,200,200,False,False,True
jev,1,50b21bbab4a3af01c4c4cd8d96446156c0a0be38175ae6777253fd156f14284c,173,293,-1982.0,200,198,False,False,True
jev,1,50b21bbab4a3af01c4c4cd8d96446156c0a0be38175ae6777253fd156f14284c,174,294,-1982.0,200,198,False,False,True
jev,1,50b21bbab4a3af01c4c4cd8d96446156c0a0be38175ae6777253fd156f14284c,181,281,-1991.0,200,199,False,False,True
jev,1,50b21bbab4a3af01c4c4cd8d96446156c0a0be38175ae6777253fd156f14284c,182,482,-200.0,200,0,False,False,True
jev,1,50b21bbab4a3af01c4c4cd8d96446156c0a0be38175ae6777253fd156f14284c,183,283,-1991.0,200,199,False,False,True
jev,1,50b21bbab4a3af01c4c4cd8d96446156c0a0be38175ae6777253fd156f14284c,184,284,-1991.0,200,199,False,False,True
jev,1,50b21bbab4a3af01c4c4cd8d96446156c0a0be38175ae6777253fd156f14284c,186,486,-200.0,200,0,False,False,True
jev,1,50b21bbab4a3af01c4c4cd8d96446156c0a0be38175ae6777253fd156f14284c,187,287,-1991.0,200,199,False,False,True
jev,1,50b21bbab4a3af01c4c4cd8d96446156c0a0be38175ae6777253fd156f14284c,188,288,-1991.0,200,199,False,False,True
jev,1,50b21bbab4a3af01c4c4cd8d96446156c0a0be38175ae6777253fd156f14284c,189,289,-1991.0,200,199,False,False,True
jev,1,50b21bbab4a3af01c4c4cd8d96446156c0a0be38175ae6777253fd156f14284c,191,191,-2000.0,200,200,False,False,True
jev,1,50b21bbab4a3af01c4c4cd8d96446156c0a0be38175ae6777253fd156f14284c,192,292,-1991.0,200,199,False,False,True
jev,1,50b21bbab4a3af01c4c4cd8d96446156c0a0be38175ae6777253fd156f14284c,193,293,-1991.0,200,199,False,False,True
jev,1,50b21bbab4a3af01c4c4cd8d96446156c0a0be38175ae6777253fd156f14284c,194,294,-1991.0,200,199,False,False,True
jev,1,50b21bbab4a3af01c4c4cd8d96446156c0a0be38175ae6777253fd156f14284c,201,201,-200.0,200,0,False,False,True
jev,1,50b21bbab4a3af01c4c4cd8d96446156c0a0be38175ae6777253fd156f14284c,202,202,-200.0,200,0,False,False,True
jev,1,50b21bbab4a3af01c4c4cd8d96446156c0a0be38175ae6777253fd156f14284c,203,203,-2000.0,200,200,False,False,True
jev,1,50b21bbab4a3af01c4c4cd8d96446156c0a0be38175ae6777253fd156f14284c,204,204,-2000.0,200,200,False,False,True
jev,1,50b21bbab4a3af01c4c4cd8d96446156c0a0be38175ae6777253fd156f14284c,206,406,-200.0,200,0,False,False,True
jev,1,50b21bbab4a3af01c4c4cd8d96446156c0a0be38175ae6777253fd156f14284c,207,207,-2000.0,200,200,False,False,True
jev,1,50b21bbab4a3af01c4c4cd8d96446156c0a0be38175ae6777253fd156f14284c,208,208,-2000.0,200,200,False,False,True
jev,1,50b21bbab4a3af01c4c4cd8d96446156c0a0be38175ae6777253fd156f14284c,209,209,-200.0,200,0,False,False,True
jev,1,50b21bbab4a3af01c4c4cd8d96446156c0a0be38175ae6777253fd156f14284c,211,211,-200.0,200,0,False,False,True
jev,1,50b21bbab4a3af01c4c4cd8d96446156c0a0be38175ae6777253fd156f14284c,212,212,-2000.0,200,200,False,False,True
jev,1,50b21bbab4a3af01c4c4cd8d96446156c0a0be38175ae6777253fd156f14284c,213,213,-2000.0,200,200,False,False,True
jev,1,50b21bbab4a3af01c4c4cd8d96446156c0a0be38175ae6777253fd156f14284c,214,214,-2000.0,200,200,False,False,True
jev,1,50b21bbab4a3af01c4c4cd8d96446156c0a0be38175ae6777253fd156f14284c,221,221,-2000.0,200,200,False,False,True
jev,1,50b21bbab4a3af01c4c4cd8d96446156c0a0be38175ae6777253fd156f14284c,222,222,-2000.0,200,200,False,False,True
jev,1,50b21bbab4a3af01c4c4cd8d96446156c0a0be38175ae6777253fd156f14284c,223,223,-2000.0,200,200,False,False,True
jev,1,50b21bbab4a3af01c4c4cd8d96446156c0a0be38175ae6777253fd156f14284c,224,224,-2000.0,200,200,False,False,True
jev,1,50b21bbab4a3af01c4c4cd8d96446156c0a0be38175ae6777253fd156f14284c,226,226,-2000.0,200,200,False,False,True
jev,1,50b21bbab4a3af01c4c4cd8d96446156c0a0be38175ae6777253fd156f14284c,227,227,-2000.0,200,200,False,False,True
jev,1,50b21bbab4a3af01c4c4cd8d96446156c0a0be38175ae6777253fd156f14284c,228,228,-2000.0,200,200,False,False,True
jev,1,50b21bbab4a3af01c4c4cd8d96446156c0a0be38175ae6777253fd156f14284c,229,229,-2000.0,200,200,False,False,True
jev,1,50b21bbab4a3af01c4c4cd8d96446156c0a0be38175ae6777253fd156f14284c,231,231,-2000.0,200,200,False,False,True
jev,1,50b21bbab4a3af01c4c4cd8d96446156c0a0be38175ae6777253fd156f14284c,232,232,-2000.0,200,200,False,False,True
jev,1,50b21bbab4a3af01c4c4cd8d96446156c0a0be38175ae6777253fd156f14284c,233,233,-2000.0,200,200,False,False,True
jev,1,50b21bbab4a3af01c4c4cd8d96446156c0a0be38175ae6777253fd156f14284c,234,234,-2000.0,200,200,False,False,True
jev,1,50b21bbab4a3af01c4c4cd8d96446156c0a0be38175ae6777253fd156f14284c,241,241,-2000.0,200,200,False,False,True
jev,1,50b21bbab4a3af01c4c4cd8d96446156c0a0be38175ae6777253fd156f14284c,242,242,-2000.0,200,200,False,False,True
jev,1,50b21bbab4a3af01c4c4cd8d96446156c0a0be38175ae6777253fd156f14284c,243,243,-2000.0,200,200,False,False,True
jev,1,50b21bbab4a3af01c4c4cd8d96446156c0a0be38175ae6777253fd156f14284c,244,244,-2000.0,200,200,False,False,True
jev,1,50b21bbab4a3af01c4c4cd8d96446156c0a0be38175ae6777253fd156f14284c,246,246,-2000.0,200,200,False,False,True
jev,1,50b21bbab4a3af01c4c4cd8d96446156c0a0be38175ae6777253fd156f14284c,247,247,-2000.0,200,200,False,False,True
jev,1,50b21bbab4a3af01c4c4cd8d96446156c0a0be38175ae6777253fd156f14284c,248,248,-2000.0,200,200,False,False,True
jev,1,50b21bbab4a3af01c4c4cd8d96446156c0a0be38175ae6777253fd156f14284c,249,249,-2000.0,200,200,False,False,True
jev,1,50b21bbab4a3af01c4c4cd8d96446156c0a0be38175ae6777253fd156f14284c,251,251,-2000.0,200,200,False,False,True
jev,1,50b21bbab4a3af01c4c4cd8d96446156c0a0be38175ae6777253fd156f14284c,252,252,-2000.0,200,200,False,False,True
jev,1,50b21bbab4a3af01c4c4cd8d96446156c0a0be38175ae6777253fd156f14284c,253,253,-2000.0,200,200,False,False,True
jev,1,50b21bbab4a3af01c4c4cd8d96446156c0a0be38175ae6777253fd156f14284c,254,254,-2000.0,200,200,False,False,True
jev,1,50b21bbab4a3af01c4c4cd8d96446156c0a0be38175ae6777253fd156f14284c,261,261,-2000.0,200,200,False,False,True
jev,1,50b21bbab4a3af01c4c4cd8d96446156c0a0be38175ae6777253fd156f14284c,262,262,-2000.0,200,200,False,False,True
jev,1,50b21bbab4a3af01c4c4cd8d96446156c0a0be38175ae6777253fd156f14284c,263,263,-2000.0,200,200,False,False,True
jev,1,50b21bbab4a3af01c4c4cd8d96446156c0a0be38175ae6777253fd156f14284c,264,264,-2000.0,200,200,False,False,True
jev,1,50b21bbab4a3af01c4c4cd8d96446156c0a0be38175ae6777253fd156f14284c,266,266,-2000.0,200,200,False,False,True
jev,1,50b21bbab4a3af01c4c4cd8d96446156c0a0be38175ae6777253fd156f14284c,267,267,-2000.0,200,200,False,False,True
jev,1,50b21bbab4a3af01c4c4cd8d96446156c0a0be38175ae6777253fd156f14284c,268,268,-2000.0,200,200,False,False,True
jev,1,50b21bbab4a3af01c4c4cd8d96446156c0a0be38175ae6777253fd156f14284c,269,269,-2000.0,200,200,False,False,True
jev,1,50b21bbab4a3af01c4c4cd8d96446156c0a0be38175ae6777253fd156f14284c,271,271,-2000.0,200,200,False,False,True
jev,1,50b21bbab4a3af01c4c4cd8d96446156c0a0be38175ae6777253fd156f14284c,272,272,-2000.0,200,200,False,False,True
jev,1,50b21bbab4a3af01c4c4cd8d96446156c0a0be38175ae6777253fd156f14284c,273,273,-2000.0,200,200,False,False,True
jev,1,50b21bbab4a3af01c4c4cd8d96446156c0a0be38175ae6777253fd156f14284c,274,274,-2000.0,200,200,False,False,True
jev,1,50b21bbab4a3af01c4c4cd8d96446156c0a0be38175ae6777253fd156f14284c,281,281,-2000.0,200,200,False,False,True
jev,1,50b21bbab4a3af01c4c4cd8d96446156c0a0be38175ae6777253fd156f14284c,282,482,-200.0,200,0,False,False,True
jev,1,50b21bbab4a3af01c4c4cd8d96446156c0a0be38175ae6777253fd156f14284c,283,283,-2000.0,200,200,False,False,True
jev,1,50b21bbab4a3af01c4c4cd8d96446156c0a0be38175ae6777253fd156f14284c,284,284,-2000.0,200,200,False,False,True
jev,1,50b21bbab4a3af01c4c4cd8d96446156c0a0be38175ae6777253fd156f14284c,286,486,-200.0,200,0,False,False,True
jev,1,50b21bbab4a3af01c4c4cd8d96446156c0a0be38175ae6777253fd156f14284c,287,287,-2000.0,200,200,False,False,True
jev,1,50b21bbab4a3af01c4c4cd8d96446156c0a0be38175ae6777253fd156f14284c,288,288,-2000.0,200,200,False,False,True
jev,1,50b21bbab4a3af01c4c4cd8d96446156c0a0be38175ae6777253fd156f14284c,289,289,-2000.0,200,200,False,False,True
jev,1,50b21bbab4a3af01c4c4cd8d96446156c0a0be38175ae6777253fd156f14284c,291,291,-2000.0,200,200,False,False,True
jev,1,50b21bbab4a3af01c4c4cd8d96446156c0a0be38175ae6777253fd156f14284c,292,292,-2000.0,200,200,False,False,True
jev,1,50b21bbab4a3af01c4c4cd8d96446156c0a0be38175ae6777253fd156f14284c,293,293,-2000.0,200,200,False,False,True
jev,1,50b21bbab4a3af01c4c4cd8d96446156c0a0be38175ae6777253fd156f14284c,294,294,-2000.0,200,200,False,False,True
jev,1,50b21bbab4a3af01c4c4cd8d96446156c0a0be38175ae6777253fd156f14284c,301,301,-200.0,200,0,False,False,True
jev,1,50b21bbab4a3af01c4c4cd8d96446156c0a0be38175ae6777253fd156f14284c,302,302,-200.0,200,0,False,False,True
jev,1,50b21bbab4a3af01c4c4cd8d96446156c0a0be38175ae6777253fd156f14284c,303,303,-200.0,200,0,False,False,True
jev,1,50b21bbab4a3af01c4c4cd8d96446156c0a0be38175ae6777253fd156f14284c,304,304,-2000.0,200,200,False,False,True
jev,1,50b21bbab4a3af01c4c4cd8d96446156c0a0be38175ae6777253fd156f14284c,306,406,-200.0,200,0,False,False,True
jev,1,50b21bbab4a3af01c4c4cd8d96446156c0a0be38175ae6777253fd156f14284c,307,307,-200.0,200,0,False,False,True
jev,1,50b21bbab4a3af01c4c4cd8d96446156c0a0be38175ae6777253fd156f14284c,308,308,-200.0,200,0,False,False,True
jev,1,50b21bbab4a3af01c4c4cd8d96446156c0a0be38175ae6777253fd156f14284c,309,309,-200.0,200,0,False,False,True
jev,1,50b21bbab4a3af01c4c4cd8d96446156c0a0be38175ae6777253fd156f14284c,311,311,-200.0,200,0,False,False,True
jev,1,50b21bbab4a3af01c4c4cd8d96446156c0a0be38175ae6777253fd156f14284c,312,312,-2000.0,200,200,False,False,True
jev,1,50b21bbab4a3af01c4c4cd8d96446156c0a0be38175ae6777253fd156f14284c,313,413,-200.0,200,0,False,False,True
jev,1,50b21bbab4a3af01c4c4cd8d96446156c0a0be38175ae6777253fd156f14284c,314,414,-200.0,200,0,False,False,True
jev,1,50b21bbab4a3af01c4c4cd8d96446156c0a0be38175ae6777253fd156f14284c,321,341,-1991.0,200,199,False,False,True
jev,1,50b21bbab4a3af01c4c4cd8d96446156c0a0be38175ae6777253fd156f14284c,322,342,-200.0,200,0,False,False,True
jev,1,50b21bbab4a3af01c4c4cd8d96446156c0a0be38175ae6777253fd156f14284c,323,343,-1991.0,200,199,False,False,True
jev,1,50b21bbab4a3af01c4c4cd8d96446156c0a0be38175ae6777253fd156f14284c,324,324,-2000.0,200,200,False,False,True
jev,1,50b21bbab4a3af01c4c4cd8d96446156c0a0be38175ae6777253fd156f14284c,326,326,-2000.0,200,200,False,False,True
jev,1,50b21bbab4a3af01c4c4cd8d96446156c0a0be38175ae6777253fd156f14284c,327,327,-2000.0,200,200,False,False,True
jev,1,50b21bbab4a3af01c4c4cd8d96446156c0a0be38175ae6777253fd156f14284c,328,328,-2000.0,200,200,False,False,True
jev,1,50b21bbab4a3af01c4c4cd8d96446156c0a0be38175ae6777253fd156f14284c,329,329,-2000.0,200,200,False,False,True
jev,1,50b21bbab4a3af01c4c4cd8d96446156c0a0be38175ae6777253fd156f14284c,331,331,-2000.0,200,200,False,False,True
jev,1,50b21bbab4a3af01c4c4cd8d96446156c0a0be38175ae6777253fd156f14284c,332,332,-2000.0,200,200,False,False,True
jev,1,50b21bbab4a3af01c4c4cd8d96446156c0a0be38175ae6777253fd156f14284c,333,333,-2000.0,200,200,False,False,True
jev,1,50b21bbab4a3af01c4c4cd8d96446156c0a0be38175ae6777253fd156f14284c,334,334,-2000.0,200,200,False,False,True
jev,1,50b21bbab4a3af01c4c4cd8d96446156c0a0be38175ae6777253fd156f14284c,341,341,-2000.0,200,200,False,False,True
jev,1,50b21bbab4a3af01c4c4cd8d96446156c0a0be38175ae6777253fd156f14284c,342,342,-200.0,200,0,False,False,True
jev,1,50b21bbab4a3af01c4c4cd8d96446156c0a0be38175ae6777253fd156f14284c,343,343,-2000.0,200,200,False,False,True
jev,1,50b21bbab4a3af01c4c4cd8d96446156c0a0be38175ae6777253fd156f14284c,344,344,-2000.0,200,200,False,False,True
jev,1,50b21bbab4a3af01c4c4cd8d96446156c0a0be38175ae6777253fd156f14284c,346,346,-2000.0,200,200,False,False,True
jev,1,50b21bbab4a3af01c4c4cd8d96446156c0a0be38175ae6777253fd156f14284c,347,347,-2000.0,200,200,False,False,True
jev,1,50b21bbab4a3af01c4c4cd8d96446156c0a0be38175ae6777253fd156f14284c,348,348,-2000.0,200,200,False,False,True
jev,1,50b21bbab4a3af01c4c4cd8d96446156c0a0be38175ae6777253fd156f14284c,349,329,-1991.0,200,199,False,False,True
jev,1,50b21bbab4a3af01c4c4cd8d96446156c0a0be38175ae6777253fd156f14284c,351,351,-2000.0,200,200,False,False,True
jev,1,50b21bbab4a3af01c4c4cd8d96446156c0a0be38175ae6777253fd156f14284c,352,352,-2000.0,200,200,False,False,True
jev,1,50b21bbab4a3af01c4c4cd8d96446156c0a0be38175ae6777253fd156f14284c,353,353,-2000.0,200,200,False,False,True
jev,1,50b21bbab4a3af01c4c4cd8d96446156c0a0be38175ae6777253fd156f14284c,354,354,-2000.0,200,200,False,False,True
jev,1,50b21bbab4a3af01c4c4cd8d96446156c0a0be38175ae6777253fd156f14284c,361,361,-2000.0,200,200,False,False,True
jev,1,50b21bbab4a3af01c4c4cd8d96446156c0a0be38175ae6777253fd156f14284c,362,482,-200.0,200,0,False,False,True
jev,1,50b21bbab4a3af01c4c4cd8d96446156c0a0be38175ae6777253fd156f14284c,363,483,-1982.0,200,198,False,False,True
jev,1,50b21bbab4a3af01c4c4cd8d96446156c0a0be38175ae6777253fd156f14284c,364,364,-2000.0,200,200,False,False,True
jev,1,50b21bbab4a3af01c4c4cd8d96446156c0a0be38175ae6777253fd156f14284c,366,366,-2000.0,200,200,False,False,True
jev,1,50b21bbab4a3af01c4c4cd8d96446156c0a0be38175ae6777253fd156f14284c,367,367,-2000.0,200,200,False,False,True
jev,1,50b21bbab4a3af01c4c4cd8d96446156c0a0be38175ae6777253fd156f14284c,368,368,-2000.0,200,200,False,False,True
jev,1,50b21bbab4a3af01c4c4cd8d96446156c0a0be38175ae6777253fd156f14284c,369,369,-2000.0,200,200,False,False,True
jev,1,50b21bbab4a3af01c4c4cd8d96446156c0a0be38175ae6777253fd156f14284c,371,371,-2000.0,200,200,False,False,True
jev,1,50b21bbab4a3af01c4c4cd8d96446156c0a0be38175ae6777253fd156f14284c,372,372,-2000.0,200,200,False,False,True
jev,1,50b21bbab4a3af01c4c4cd8d96446156c0a0be38175ae6777253fd156f14284c,373,373,-2000.0,200,200,False,False,True
jev,1,50b21bbab4a3af01c4c4cd8d96446156c0a0be38175ae6777253fd156f14284c,374,374,-2000.0,200,200,False,False,True
jev,1,50b21bbab4a3af01c4c4cd8d96446156c0a0be38175ae6777253fd156f14284c,381,481,-200.0,200,0,False,False,True
jev,1,50b21bbab4a3af01c4c4cd8d96446156c0a0be38175ae6777253fd156f14284c,382,482,-200.0,200,0,False,False,True
jev,1,50b21bbab4a3af01c4c4cd8d96446156c0a0be38175ae6777253fd156f14284c,383,483,-1991.0,200,199,False,False,True
jev,1,50b21bbab4a3af01c4c4cd8d96446156c0a0be38175ae6777253fd156f14284c,384,384,-2000.0,200,200,False,False,True
jev,1,50b21bbab4a3af01c4c4cd8d96446156c0a0be38175ae6777253fd156f14284c,386,486,-200.0,200,0,False,False,True
jev,1,50b21bbab4a3af01c4c4cd8d96446156c0a0be38175ae6777253fd156f14284c,387,387,-2000.0,200,200,False,False,True
jev,1,50b21bbab4a3af01c4c4cd8d96446156c0a0be38175ae6777253fd156f14284c,388,488,-200.0,200,0,False,False,True
jev,1,50b21bbab4a3af01c4c4cd8d96446156c0a0be38175ae6777253fd156f14284c,389,469,-200.0,200,0,False,False,True
jev,1,50b21bbab4a3af01c4c4cd8d96446156c0a0be38175ae6777253fd156f14284c,391,391,-2000.0,200,200,False,False,True
jev,1,50b21bbab4a3af01c4c4cd8d96446156c0a0be38175ae6777253fd156f14284c,392,392,-2000.0,200,200,False,False,True
jev,1,50b21bbab4a3af01c4c4cd8d96446156c0a0be38175ae6777253fd156f14284c,393,393,-2000.0,200,200,False,False,True
jev,1,50b21bbab4a3af01c4c4cd8d96446156c0a0be38175ae6777253fd156f14284c,394,394,-2000.0,200,200,False,False,True
jev,1,50b21bbab4a3af01c4c4cd8d96446156c0a0be38175ae6777253fd156f14284c,401,401,-200.0,200,0,False,False,True
jev,1,50b21bbab4a3af01c4c4cd8d96446156c0a0be38175ae6777253fd156f14284c,402,402,-200.0,200,0,False,False,True
jev,1,50b21bbab4a3af01c4c4cd8d96446156c0a0be38175ae6777253fd156f14284c,403,403,-200.0,200,0,False,False,True
jev,1,50b21bbab4a3af01c4c4cd8d96446156c0a0be38175ae6777253fd156f14284c,404,404,-2000.0,200,200,False,False,True
jev,1,50b21bbab4a3af01c4c4cd8d96446156c0a0be38175ae6777253fd156f14284c,406,406,-200.0,200,0,False,False,True
jev,1,50b21bbab4a3af01c4c4cd8d96446156c0a0be38175ae6777253fd156f14284c,407,407,-200.0,200,0,False,False,True
jev,1,50b21bbab4a3af01c4c4cd8d96446156c0a0be38175ae6777253fd156f14284c,408,408,-200.0,200,0,False,False,True
jev,1,50b21bbab4a3af01c4c4cd8d96446156c0a0be38175ae6777253fd156f14284c,409,409,-200.0,200,0,False,False,True
jev,1,50b21bbab4a3af01c4c4cd8d96446156c0a0be38175ae6777253fd156f14284c,411,411,-200.0,200,0,False,False,True
jev,1,50b21bbab4a3af01c4c4cd8d96446156c0a0be38175ae6777253fd156f14284c,412,412,-2000.0,200,200,False,False,True
jev,1,50b21bbab4a3af01c4c4cd8d96446156c0a0be38175ae6777253fd156f14284c,413,413,-200.0,200,0,False,False,True
jev,1,50b21bbab4a3af01c4c4cd8d96446156c0a0be38175ae6777253fd156f14284c,414,414,-200.0,200,0,False,False,True
jev,1,50b21bbab4a3af01c4c4cd8d96446156c0a0be38175ae6777253fd156f14284c,421,441,-200.0,200,0,False,False,True
jev,1,50b21bbab4a3af01c4c4cd8d96446156c0a0be38175ae6777253fd156f14284c,422,442,-200.0,200,0,False,False,True
jev,1,50b21bbab4a3af01c4c4cd8d96446156c0a0be38175ae6777253fd156f14284c,423,443,-200.0,200,0,False,False,True
jev,1,50b21bbab4a3af01c4c4cd8d96446156c0a0be38175ae6777253fd156f14284c,424,424,-2000.0,200,200,False,False,True
jev,1,50b21bbab4a3af01c4c4cd8d96446156c0a0be38175ae6777253fd156f14284c,426,426,-2000.0,200,200,False,False,True
jev,1,50b21bbab4a3af01c4c4cd8d96446156c0a0be38175ae6777253fd156f14284c,427,427,-2000.0,200,200,False,False,True
jev,1,50b21bbab4a3af01c4c4cd8d96446156c0a0be38175ae6777253fd156f14284c,428,428,-2000.0,200,200,False,False,True
jev,1,50b21bbab4a3af01c4c4cd8d96446156c0a0be38175ae6777253fd156f14284c,429,429,-200.0,200,0,False,False,True
jev,1,50b21bbab4a3af01c4c4cd8d96446156c0a0be38175ae6777253fd156f14284c,431,431,-200.0,200,0,False,False,True
jev,1,50b21bbab4a3af01c4c4cd8d96446156c0a0be38175ae6777253fd156f14284c,432,432,-2000.0,200,200,False,False,True
jev,1,50b21bbab4a3af01c4c4cd8d96446156c0a0be38175ae6777253fd156f14284c,433,433,-2000.0,200,200,False,False,True
jev,1,50b21bbab4a3af01c4c4cd8d96446156c0a0be38175ae6777253fd156f14284c,434,454,-1991.0,200,199,False,False,True
jev,1,50b21bbab4a3af01c4c4cd8d96446156c0a0be38175ae6777253fd156f14284c,441,441,-200.0,200,0,False,False,True
jev,1,50b21bbab4a3af01c4c4cd8d96446156c0a0be38175ae6777253fd156f14284c,442,442,-200.0,200,0,False,False,True
jev,1,50b21bbab4a3af01c4c4cd8d96446156c0a0be38175ae6777253fd156f14284c,443,443,-200.0,200,0,False,False,True
jev,1,50b21bbab4a3af01c4c4cd8d96446156c0a0be38175ae6777253fd156f14284c,444,444,-2000.0,200,200,False,False,True
jev,1,50b21bbab4a3af01c4c4cd8d96446156c0a0be38175ae6777253fd156f14284c,446,446,-2000.0,200,200,False,False,True
jev,1,50b21bbab4a3af01c4c4cd8d96446156c0a0be38175ae6777253fd156f14284c,447,447,-2000.0,200,200,False,False,True
jev,1,50b21bbab4a3af01c4c4cd8d96446156c0a0be38175ae6777253fd156f14284c,448,448,-2000.0,200,200,False,False,True
jev,1,50b21bbab4a3af01c4c4cd8d96446156c0a0be38175ae6777253fd156f14284c,449,429,-200.0,200,0,False,False,True
jev,1,50b21bbab4a3af01c4c4cd8d96446156c0a0be38175ae6777253fd156f14284c,451,451,-200.0,200,0,False,False,True
jev,1,50b21bbab4a3af01c4c4cd8d96446156c0a0be38175ae6777253fd156f14284c,452,452,-2000.0,200,200,False,False,True
jev,1,50b21bbab4a3af01c4c4cd8d96446156c0a0be38175ae6777253fd156f14284c,453,453,-2000.0,200,200,False,False,True
jev,1,50b21bbab4a3af01c4c4cd8d96446156c0a0be38175ae6777253fd156f14284c,454,454,-2000.0,200,200,False,False,True
jev,1,50b21bbab4a3af01c4c4cd8d96446156c0a0be38175ae6777253fd156f14284c,461,481,-200.0,200,0,False,False,True
jev,1,50b21bbab4a3af01c4c4cd8d96446156c0a0be38175ae6777253fd156f14284c,462,482,-200.0,200,0,False,False,True
jev,1,50b21bbab4a3af01c4c4cd8d96446156c0a0be38175ae6777253fd156f14284c,463,483,-1991.0,200,199,False,False,True
jev,1,50b21bbab4a3af01c4c4cd8d96446156c0a0be38175ae6777253fd156f14284c,464,464,-2000.0,200,200,False,False,True
jev,1,50b21bbab4a3af01c4c4cd8d96446156c0a0be38175ae6777253fd156f14284c,466,466,-200.0,200,0,False,False,True
jev,1,50b21bbab4a3af01c4c4cd8d96446156c0a0be38175ae6777253fd156f14284c,467,467,-2000.0,200,200,False,False,True
jev,1,50b21bbab4a3af01c4c4cd8d96446156c0a0be38175ae6777253fd156f14284c,468,468,-2000.0,200,200,False,False,True
jev,1,50b21bbab4a3af01c4c4cd8d96446156c0a0be38175ae6777253fd156f14284c,469,469,-200.0,200,0,False,False,True
jev,1,50b21bbab4a3af01c4c4cd8d96446156c0a0be38175ae6777253fd156f14284c,471,471,-2000.0,200,200,False,False,True
jev,1,50b21bbab4a3af01c4c4cd8d96446156c0a0be38175ae6777253fd156f14284c,472,476,-1991.0,200,199,False,False,True
jev,1,50b21bbab4a3af01c4c4cd8d96446156c0a0be38175ae6777253fd156f14284c,473,477,-200.0,200,0,False,False,True
jev,1,50b21bbab4a3af01c4c4cd8d96446156c0a0be38175ae6777253fd156f14284c,474,478,-200.0,200,0,False,False,True
jev,1,50b21bbab4a3af01c4c4cd8d96446156c0a0be38175ae6777253fd156f14284c,481,481,-200.0,200,0,False,False,True
jev,1,50b21bbab4a3af01c4c4cd8d96446156c0a0be38175ae6777253fd156f14284c,482,482,-200.0,200,0,False,False,True
jev,1,50b21bbab4a3af01c4c4cd8d96446156c0a0be38175ae6777253fd156f14284c,483,483,-2000.0,200,200,False,False,True
jev,1,50b21bbab4a3af01c4c4cd8d96446156c0a0be38175ae6777253fd156f14284c,484,484,-2000.0,200,200,False,False,True
jev,1,50b21bbab4a3af01c4c4cd8d96446156c0a0be38175ae6777253fd156f14284c,486,486,-200.0,200,0,False,False,True
jev,1,50b21bbab4a3af01c4c4cd8d96446156c0a0be38175ae6777253fd156f14284c,487,487,-2000.0,200,200,False,False,True
jev,1,50b21bbab4a3af01c4c4cd8d96446156c0a0be38175ae6777253fd156f14284c,488,488,-200.0,200,0,False,False,True
jev,1,50b21bbab4a3af01c4c4cd8d96446156c0a0be38175ae6777253fd156f14284c,489,489,-200.0,200,0,False,False,True
jev,1,50b21bbab4a3af01c4c4cd8d96446156c0a0be38175ae6777253fd156f14284c,491,471,-1991.0,200,199,False,False,True
jev,1,50b21bbab4a3af01c4c4cd8d96446156c0a0be38175ae6777253fd156f14284c,492,492,-2000.0,200,200,False,False,True
jev,1,50b21bbab4a3af01c4c4cd8d96446156c0a0be38175ae6777253fd156f14284c,493,493,-2000.0,200,200,False,False,True
jev,1,50b21bbab4a3af01c4c4cd8d96446156c0a0be38175ae6777253fd156f14284c,494,494,-2000.0,200,200,False,False,True
jev,2,7d1cbc15310c388d23bb527d479c7f5fe4de20e823ad05d1eea1e932d4031b48,1,21,-200.0,200,0,False,False,True
jev,2,7d1cbc15310c388d23bb527d479c7f5fe4de20e823ad05d1eea1e932d4031b48,2,22,-200.0,200,0,False,False,True
jev,2,7d1cbc15310c388d23bb527d479c7f5fe4de20e823ad05d1eea1e932d4031b48,3,23,-200.0,200,0,False,False,True
jev,2,7d1cbc15310c388d23bb527d479c7f5fe4de20e823ad05d1eea1e932d4031b48,4,4,-200.0,200,0,False,False,True
jev,2,7d1cbc15310c388d23bb527d479c7f5fe4de20e823ad05d1eea1e932d4031b48,6,26,-200.0,200,0,False,False,True
jev,2,7d1cbc15310c388d23bb527d479c7f5fe4de20e823ad05d1eea1e932d4031b48,7,27,-200.0,200,0,False,False,True
jev,2,7d1cbc15310c388d23bb527d479c7f5fe4de20e823ad05d1eea1e932d4031b48,8,8,-200.0,200,0,False,False,True
jev,2,7d1cbc15310c388d23bb527d479c7f5fe4de20e823ad05d1eea1e932d4031b48,9,29,-200.0,200,0,False,False,True
jev,2,7d1cbc15310c388d23bb527d479c7f5fe4de20e823ad05d1eea1e932d4031b48,11,31,-200.0,200,0,False,False,True
jev,2,7d1cbc15310c388d23bb527d479c7f5fe4de20e823ad05d1eea1e932d4031b48,12,12,-200.0,200,0,False,False,True
jev,2,7d1cbc15310c388d23bb527d479c7f5fe4de20e823ad05d1eea1e932d4031b48,13,33,-200.0,200,0,False,False,True
jev,2,7d1cbc15310c388d23bb527d479c7f5fe4de20e823ad05d1eea1e932d4031b48,14,34,-200.0,200,0,False,False,True
jev,2,7d1cbc15310c388d23bb527d479c7f5fe4de20e823ad05d1eea1e932d4031b48,21,21,-200.0,200,0,False,False,True
jev,2,7d1cbc15310c388d23bb527d479c7f5fe4de20e823ad05d1eea1e932d4031b48,22,22,-200.0,200,0,False,False,True
jev,2,7d1cbc15310c388d23bb527d479c7f5fe4de20e823ad05d1eea1e932d4031b48,23,23,-200.0,200,0,False,False,True
jev,2,7d1cbc15310c388d23bb527d479c7f5fe4de20e823ad05d1eea1e932d4031b48,24,24,-200.0,200,0,False,False,True
jev,2,7d1cbc15310c388d23bb527d479c7f5fe4de20e823ad05d1eea1e932d4031b48,26,26,-200.0,200,0,False,False,True
jev,2,7d1cbc15310c388d23bb527d479c7f5fe4de20e823ad05d1eea1e932d4031b48,27,27,-200.0,200,0,False,False,True
jev,2,7d1cbc15310c388d23bb527d479c7f5fe4de20e823ad05d1eea1e932d4031b48,28,28,-200.0,200,0,False,False,True
jev,2,7d1cbc15310c388d23bb527d479c7f5fe4de20e823ad05d1eea1e932d4031b48,29,29,-200.0,200,0,False,False,True
jev,2,7d1cbc15310c388d23bb527d479c7f5fe4de20e823ad05d1eea1e932d4031b48,31,31,-200.0,200,0,False,False,True
jev,2,7d1cbc15310c388d23bb527d479c7f5fe4de20e823ad05d1eea1e932d4031b48,32,32,-200.0,200,0,False,False,True
jev,2,7d1cbc15310c388d23bb527d479c7f5fe4de20e823ad05d1eea1e932d4031b48,33,33,-200.0,200,0,False,False,True
jev,2,7d1cbc15310c388d23bb527d479c7f5fe4de20e823ad05d1eea1e932d4031b48,34,34,-200.0,200,0,False,False,True
jev,2,7d1cbc15310c388d23bb527d479c7f5fe4de20e823ad05d1eea1e932d4031b48,41,81,-200.0,200,0,False,False,True
jev,2,7d1cbc15310c388d23bb527d479c7f5fe4de20e823ad05d1eea1e932d4031b48,42,82,-200.0,200,0,False,False,True
jev,2,7d1cbc15310c388d23bb527d479c7f5fe4de20e823ad05d1eea1e932d4031b48,43,83,-200.0,200,0,False,False,True
jev,2,7d1cbc15310c388d23bb527d479c7f5fe4de20e823ad05d1eea1e932d4031b48,44,44,-200.0,200,0,False,False,True
jev,2,7d1cbc15310c388d23bb527d479c7f5fe4de20e823ad05d1eea1e932d4031b48,46,86,-200.0,200,0,False,False,True
jev,2,7d1cbc15310c388d23bb527d479c7f5fe4de20e823ad05d1eea1e932d4031b48,47,87,-200.0,200,0,False,False,True
jev,2,7d1cbc15310c388d23bb527d479c7f5fe4de20e823ad05d1eea1e932d4031b48,48,48,-200.0,200,0,False,False,True
jev,2,7d1cbc15310c388d23bb527d479c7f5fe4de20e823ad05d1eea1e932d4031b48,49,89,-200.0,200,0,False,False,True
jev,2,7d1cbc15310c388d23bb527d479c7f5fe4de20e823ad05d1eea1e932d4031b48,51,91,-200.0,200,0,False,False,True
jev,2,7d1cbc15310c388d23bb527d479c7f5fe4de20e823ad05d1eea1e932d4031b48,52,52,-200.0,200,0,False,False,True
jev,2,7d1cbc15310c388d23bb527d479c7f5fe4de20e823ad05d1eea1e932d4031b48,53,93,-200.0,200,0,False,False,True
jev,2,7d1cbc15310c388d23bb527d479c7f5fe4de20e823ad05d1eea1e932d4031b48,54,94,-200.0,200,0,False,False,True
jev,2,7d1cbc15310c388d23bb527d479c7f5fe4de20e823ad05d1eea1e932d4031b48,61,81,-200.0,200,0,False,False,True
jev,2,7d1cbc15310c388d23bb527d479c7f5fe4de20e823ad05d1eea1e932d4031b48,62,82,-200.0,200,0,False,False,True
jev,2,7d1cbc15310c388d23bb527d479c7f5fe4de20e823ad05d1eea1e932d4031b48,63,83,-200.0,200,0,False,False,True
jev,2,7d1cbc15310c388d23bb527d479c7f5fe4de20e823ad05d1eea1e932d4031b48,64,84,-200.0,200,0,False,False,True
jev,2,7d1cbc15310c388d23bb527d479c7f5fe4de20e823ad05d1eea1e932d4031b48,66,86,-200.0,200,0,False,False,True
jev,2,7d1cbc15310c388d23bb527d479c7f5fe4de20e823ad05d1eea1e932d4031b48,67,87,-200.0,200,0,False,False,True
jev,2,7d1cbc15310c388d23bb527d479c7f5fe4de20e823ad05d1eea1e932d4031b48,68,88,-200.0,200,0,False,False,True
jev,2,7d1cbc15310c388d23bb527d479c7f5fe4de20e823ad05d1eea1e932d4031b48,69,89,-200.0,200,0,False,False,True
jev,2,7d1cbc15310c388d23bb527d479c7f5fe4de20e823ad05d1eea1e932d4031b48,71,91,-200.0,200,0,False,False,True
jev,2,7d1cbc15310c388d23bb527d479c7f5fe4de20e823ad05d1eea1e932d4031b48,72,92,-200.0,200,0,False,False,True
jev,2,7d1cbc15310c388d23bb527d479c7f5fe4de20e823ad05d1eea1e932d4031b48,73,93,-200.0,200,0,False,False,True
jev,2,7d1cbc15310c388d23bb527d479c7f5fe4de20e823ad05d1eea1e932d4031b48,74,94,-200.0,200,0,False,False,True
jev,2,7d1cbc15310c388d23bb527d479c7f5fe4de20e823ad05d1eea1e932d4031b48,81,81,-200.0,200,0,False,False,True
jev,2,7d1cbc15310c388d23bb527d479c7f5fe4de20e823ad05d1eea1e932d4031b48,82,82,-200.0,200,0,False,False,True
jev,2,7d1cbc15310c388d23bb527d479c7f5fe4de20e823ad05d1eea1e932d4031b48,83,83,-200.0,200,0,False,False,True
jev,2,7d1cbc15310c388d23bb527d479c7f5fe4de20e823ad05d1eea1e932d4031b48,84,84,-200.0,200,0,False,False,True
jev,2,7d1cbc15310c388d23bb527d479c7f5fe4de20e823ad05d1eea1e932d4031b48,86,86,-200.0,200,0,False,False,True
jev,2,7d1cbc15310c388d23bb527d479c7f5fe4de20e823ad05d1eea1e932d4031b48,87,87,-200.0,200,0,False,False,True
jev,2,7d1cbc15310c388d23bb527d479c7f5fe4de20e823ad05d1eea1e932d4031b48,88,88,-200.0,200,0,False,False,True
jev,2,7d1cbc15310c388d23bb527d479c7f5fe4de20e823ad05d1eea1e932d4031b48,89,89,-200.0,200,0,False,False,True
jev,2,7d1cbc15310c388d23bb527d479c7f5fe4de20e823ad05d1eea1e932d4031b48,91,91,-200.0,200,0,False,False,True
jev,2,7d1cbc15310c388d23bb527d479c7f5fe4de20e823ad05d1eea1e932d4031b48,92,92,-200.0,200,0,False,False,True
jev,2,7d1cbc15310c388d23bb527d479c7f5fe4de20e823ad05d1eea1e932d4031b48,93,93,-200.0,200,0,False,False,True
jev,2,7d1cbc15310c388d23bb527d479c7f5fe4de20e823ad05d1eea1e932d4031b48,94,94,-200.0,200,0,False,False,True
jev,2,7d1cbc15310c388d23bb527d479c7f5fe4de20e823ad05d1eea1e932d4031b48,101,121,-200.0,200,0,False,False,True
jev,2,7d1cbc15310c388d23bb527d479c7f5fe4de20e823ad05d1eea1e932d4031b48,102,122,-200.0,200,0,False,False,True
jev,2,7d1cbc15310c388d23bb527d479c7f5fe4de20e823ad05d1eea1e932d4031b48,103,123,-200.0,200,0,False,False,True
jev,2,7d1cbc15310c388d23bb527d479c7f5fe4de20e823ad05d1eea1e932d4031b48,104,4,-200.0,200,0,False,False,True
jev,2,7d1cbc15310c388d23bb527d479c7f5fe4de20e823ad05d1eea1e932d4031b48,106,126,-200.0,200,0,False,False,True
jev,2,7d1cbc15310c388d23bb527d479c7f5fe4de20e823ad05d1eea1e932d4031b48,107,27,-200.0,200,0,False,False,True
jev,2,7d1cbc15310c388d23bb527d479c7f5fe4de20e823ad05d1eea1e932d4031b48,108,128,-200.0,200,0,False,False,True
jev,2,7d1cbc15310c388d23bb527d479c7f5fe4de20e823ad05d1eea1e932d4031b48,109,129,-200.0,200,0,False,False,True
jev,2,7d1cbc15310c388d23bb527d479c7f5fe4de20e823ad05d1eea1e932d4031b48,111,131,-200.0,200,0,False,False,True
jev,2,7d1cbc15310c388d23bb527d479c7f5fe4de20e823ad05d1eea1e932d4031b48,112,32,-200.0,200,0,False,False,True
jev,2,7d1cbc15310c388d23bb527d479c7f5fe4de20e823ad05d1eea1e932d4031b48,113,33,-200.0,200,0,False,False,True
jev,2,7d1cbc15310c388d23bb527d479c7f5fe4de20e823ad05d1eea1e932d4031b48,114,134,-200.0,200,0,False,False,True
jev,2,7d1cbc15310c388d23bb527d479c7f5fe4de20e823ad05d1eea1e932d4031b48,121,121,-200.0,200,0,False,False,True
jev,2,7d1cbc15310c388d23bb527d479c7f5fe4de20e823ad05d1eea1e932d4031b48,122,122,-200.0,200,0,False,False,True
jev,2,7d1cbc15310c388d23bb527d479c7f5fe4de20e823ad05d1eea1e932d4031b48,123,123,-200.0,200,0,False,False,True
jev,2,7d1cbc15310c388d23bb527d479c7f5fe4de20e823ad05d1eea1e932d4031b48,124,24,-200.0,200,0,False,False,True
jev,2,7d1cbc15310c388d23bb527d479c7f5fe4de20e823ad05d1eea1e932d4031b48,126,126,-200.0,200,0,False,False,True
jev,2,7d1cbc15310c388d23bb527d479c7f5fe4de20e823ad05d1eea1e932d4031b48,127,27,-200.0,200,0,False,False,True
jev,2,7d1cbc15310c388d23bb527d479c7f5fe4de20e823ad05d1eea1e932d4031b48,128,128,-200.0,200,0,False,False,True
jev,2,7d1cbc15310c388d23bb527d479c7f5fe4de20e823ad05d1eea1e932d4031b48,129,129,-200.0,200,0,False,False,True
jev,2,7d1cbc15310c388d23bb527d479c7f5fe4de20e823ad05d1eea1e932d4031b48,131,131,-200.0,200,0,False,False,True
jev,2,7d1cbc15310c388d23bb527d479c7f5fe4de20e823ad05d1eea1e932d4031b48,132,32,-200.0,200,0,False,False,True
jev,2,7d1cbc15310c388d23bb527d479c7f5fe4de20e823ad05d1eea1e932d4031b48,133,33,-200.0,200,0,False,False,True
jev,2,7d1cbc15310c388d23bb527d479c7f5fe4de20e823ad05d1eea1e932d4031b48,134,134,-200.0,200,0,False,False,True
jev,2,7d1cbc15310c388d23bb527d479c7f5fe4de20e823ad05d1eea1e932d4031b48,141,181,-200.0,200,0,False,False,True
jev,2,7d1cbc15310c388d23bb527d479c7f5fe4de20e823ad05d1eea1e932d4031b48,142,182,-200.0,200,0,False,False,True
jev,2,7d1cbc15310c388d23bb527d479c7f5fe4de20e823ad05d1eea1e932d4031b48,143,183,-200.0,200,0,False,False,True
jev,2,7d1cbc15310c388d23bb527d479c7f5fe4de20e823ad05d1eea1e932d4031b48,144,44,-200.0,200,0,False,False,True
jev,2,7d1cbc15310c388d23bb527d479c7f5fe4de20e823ad05d1eea1e932d4031b48,146,186,-200.0,200,0,False,False,True
jev,2,7d1cbc15310c388d23bb527d479c7f5fe4de20e823ad05d1eea1e932d4031b48,147,87,-200.0,200,0,False,False,True
jev,2,7d1cbc15310c388d23bb527d479c7f5fe4de20e823ad05d1eea1e932d4031b48,148,188,-200.0,200,0,False,False,True
jev,2,7d1cbc15310c388d23bb527d479c7f5fe4de20e823ad05d1eea1e932d4031b48,149,189,-200.0,200,0,False,False,True
jev,2,7d1cbc15310c388d23bb527d479c7f5fe4de20e823ad05d1eea1e932d4031b48,151,191,-200.0,200,0,False,False,True
jev,2,7d1cbc15310c388d23bb527d479c7f5fe4de20e823ad05d1eea1e932d4031b48,152,52,-200.0,200,0,False,False,True
jev,2,7d1cbc15310c388d23bb527d479c7f5fe4de20e823ad05d1eea1e932d4031b48,153,93,-200.0,200,0,False,False,True
jev,2,7d1cbc15310c388d23bb527d479c7f5fe4de20e823ad05d1eea1e932d4031b48,154,194,-200.0,200,0,False,False,True
jev,2,7d1cbc15310c388d23bb527d479c7f5fe4de20e823ad05d1eea1e932d4031b48,161,181,-200.0,200,0,False,False,True
jev,2,7d1cbc15310c388d23bb527d479c7f5fe4de20e823ad05d1eea1e932d4031b48,162,182,-200.0,200,0,False,False,True
jev,2,7d1cbc15310c388d23bb527d479c7f5fe4de20e823ad05d1eea1e932d4031b48,163,183,-200.0,200,0,False,False,True
jev,2,7d1cbc15310c388d23bb527d479c7f5fe4de20e823ad05d1eea1e932d4031b48,164,184,-200.0,200,0,False,False,True
jev,2,7d1cbc15310c388d23bb527d479c7f5fe4de20e823ad05d1eea1e932d4031b48,166,186,-200.0,200,0,False,False,True
jev,2,7d1cbc15310c388d23bb527d479c7f5fe4de20e823ad05d1eea1e932d4031b48,167,187,-200.0,200,0,False,False,True
jev,2,7d1cbc15310c388d23bb527d479c7f5fe4de20e823ad05d1eea1e932d4031b48,168,188,-200.0,200,0,False,False,True
jev,2,7d1cbc15310c388d23bb527d479c7f5fe4de20e823ad05d1eea1e932d4031b48,169,189,-200.0,200,0,False,False,True
jev,2,7d1cbc15310c388d23bb527d479c7f5fe4de20e823ad05d1eea1e932d4031b48,171,191,-200.0,200,0,False,False,True
jev,2,7d1cbc15310c388d23bb527d479c7f5fe4de20e823ad05d1eea1e932d4031b48,172,192,-200.0,200,0,False,False,True
jev,2,7d1cbc15310c388d23bb527d479c7f5fe4de20e823ad05d1eea1e932d4031b48,173,93,-200.0,200,0,False,False,True
jev,2,7d1cbc15310c388d23bb527d479c7f5fe4de20e823ad05d1eea1e932d4031b48,174,194,-200.0,200,0,False,False,True
jev,2,7d1cbc15310c388d23bb527d479c7f5fe4de20e823ad05d1eea1e932d4031b48,181,181,-200.0,200,0,False,False,True
jev,2,7d1cbc15310c388d23bb527d479c7f5fe4de20e823ad05d1eea1e932d4031b48,182,182,-200.0,200,0,False,False,True
jev,2,7d1cbc15310c388d23bb527d479c7f5fe4de20e823ad05d1eea1e932d4031b48,183,183,-200.0,200,0,False,False,True
jev,2,7d1cbc15310c388d23bb527d479c7f5fe4de20e823ad05d1eea1e932d4031b48,184,184,-200.0,200,0,False,False,True
jev,2,7d1cbc15310c388d23bb527d479c7f5fe4de20e823ad05d1eea1e932d4031b48,186,186,-200.0,200,0,False,False,True
jev,2,7d1cbc15310c388d23bb527d479c7f5fe4de20e823ad05d1eea1e932d4031b48,187,187,-200.0,200,0,False,False,True
jev,2,7d1cbc15310c388d23bb527d479c7f5fe4de20e823ad05d1eea1e932d4031b48,188,188,-200.0,200,0,False,False,True
jev,2,7d1cbc15310c388d23bb527d479c7f5fe4de20e823ad05d1eea1e932d4031b48,189,189,-200.0,200,0,False,False,True
jev,2,7d1cbc15310c388d23bb527d479c7f5fe4de20e823ad05d1eea1e932d4031b48,191,191,-200.0,200,0,False,False,True
jev,2,7d1cbc15310c388d23bb527d479c7f5fe4de20e823ad05d1eea1e932d4031b48,192,192,-200.0,200,0,False,False,True
jev,2,7d1cbc15310c388d23bb527d479c7f5fe4de20e823ad05d1eea1e932d4031b48,193,93,-200.0,200,0,False,False,True
jev,2,7d1cbc15310c388d23bb527d479c7f5fe4de20e823ad05d1eea1e932d4031b48,194,194,-200.0,200,0,False,False,True
jev,2,7d1cbc15310c388d23bb527d479c7f5fe4de20e823ad05d1eea1e932d4031b48,201,281,-200.0,200,0,False,False,True
jev,2,7d1cbc15310c388d23bb527d479c7f5fe4de20e823ad05d1eea1e932d4031b48,202,282,-200.0,200,0,False,False,True
jev,2,7d1cbc15310c388d23bb527d479c7f5fe4de20e823ad05d1eea1e932d4031b48,203,283,-200.0,200,0,False,False,True
jev,2,7d1cbc15310c388d23bb527d479c7f5fe4de20e823ad05d1eea1e932d4031b48,204,4,-200.0,200,0,False,False,True
jev,2,7d1cbc15310c388d23bb527d479c7f5fe4de20e823ad05d1eea1e932d4031b48,206,286,-200.0,200,0,False,False,True
jev,2,7d1cbc15310c388d23bb527d479c7f5fe4de20e823ad05d1eea1e932d4031b48,207,287,-200.0,200,0,False,False,True
jev,2,7d1cbc15310c388d23bb527d479c7f5fe4de20e823ad05d1eea1e932d4031b48,208,288,-200.0,200,0,False,False,True
jev,2,7d1cbc15310c388d23bb527d479c7f5fe4de20e823ad05d1eea1e932d4031b48,209,289,-200.0,200,0,False,False,True
jev,2,7d1cbc15310c388d23bb527d479c7f5fe4de20e823ad05d1eea1e932d4031b48,211,291,-200.0,200,0,False,False,True
jev,2,7d1cbc15310c388d23bb527d479c7f5fe4de20e823ad05d1eea1e932d4031b48,212,292,-200.0,200,0,False,False,True
jev,2,7d1cbc15310c388d23bb527d479c7f5fe4de20e823ad05d1eea1e932d4031b48,213,293,-200.0,200,0,False,False,True
jev,2,7d1cbc15310c388d23bb527d479c7f5fe4de20e823ad05d1eea1e932d4031b48,214,294,-200.0,200,0,False,False,True
jev,2,7d1cbc15310c388d23bb527d479c7f5fe4de20e823ad05d1eea1e932d4031b48,221,281,-200.0,200,0,False,False,True
jev,2,7d1cbc15310c388d23bb527d479c7f5fe4de20e823ad05d1eea1e932d4031b48,222,282,-200.0,200,0,False,False,True
jev,2,7d1cbc15310c388d23bb527d479c7f5fe4de20e823ad05d1eea1e932d4031b48,223,283,-200.0,200,0,False,False,True
jev,2,7d1cbc15310c388d23bb527d479c7f5fe4de20e823ad05d1eea1e932d4031b48,224,24,-200.0,200,0,False,False,True
jev,2,7d1cbc15310c388d23bb527d479c7f5fe4de20e823ad05d1eea1e932d4031b48,226,286,-200.0,200,0,False,False,True
jev,2,7d1cbc15310c388d23bb527d479c7f5fe4de20e823ad05d1eea1e932d4031b48,227,287,-200.0,200,0,False,False,True
jev,2,7d1cbc15310c388d23bb527d479c7f5fe4de20e823ad05d1eea1e932d4031b48,228,288,-200.0,200,0,False,False,True
jev,2,7d1cbc15310c388d23bb527d479c7f5fe4de20e823ad05d1eea1e932d4031b48,229,289,-200.0,200,0,False,False,True
jev,2,7d1cbc15310c388d23bb527d479c7f5fe4de20e823ad05d1eea1e932d4031b48,231,291,-200.0,200,0,False,False,True
jev,2,7d1cbc15310c388d23bb527d479c7f5fe4de20e823ad05d1eea1e932d4031b48,232,292,-200.0,200,0,False,False,True
jev,2,7d1cbc15310c388d23bb527d479c7f5fe4de20e823ad05d1eea1e932d4031b48,233,293,-200.0,200,0,False,False,True
jev,2,7d1cbc15310c388d23bb527d479c7f5fe4de20e823ad05d1eea1e932d4031b48,234,294,-200.0,200,0,False,False,True
jev,2,7d1cbc15310c388d23bb527d479c7f5fe4de20e823ad05d1eea1e932d4031b48,241,281,-200.0,200,0,False,False,True
jev,2,7d1cbc15310c388d23bb527d479c7f5fe4de20e823ad05d1eea1e932d4031b48,242,282,-200.0,200,0,False,False,True
jev,2,7d1cbc15310c388d23bb527d479c7f5fe4de20e823ad05d1eea1e932d4031b48,243,283,-200.0,200,0,False,False,True
jev,2,7d1cbc15310c388d23bb527d479c7f5fe4de20e823ad05d1eea1e932d4031b48,244,44,-200.0,200,0,False,False,True
jev,2,7d1cbc15310c388d23bb527d479c7f5fe4de20e823ad05d1eea1e932d4031b48,246,286,-200.0,200,0,False,False,True
jev,2,7d1cbc15310c388d23bb527d479c7f5fe4de20e823ad05d1eea1e932d4031b48,247,287,-200.0,200,0,False,False,True
jev,2,7d1cbc15310c388d23bb527d479c7f5fe4de20e823ad05d1eea1e932d4031b48,248,288,-200.0,200,0,False,False,True
jev,2,7d1cbc15310c388d23bb527d479c7f5fe4de20e823ad05d1eea1e932d4031b48,249,289,-200.0,200,0,False,False,True
jev,2,7d1cbc15310c388d23bb527d479c7f5fe4de20e823ad05d1eea1e932d4031b48,251,291,-200.0,200,0,False,False,True
jev,2,7d1cbc15310c388d23bb527d479c7f5fe4de20e823ad05d1eea1e932d4031b48,252,292,-200.0,200,0,False,False,True
jev,2,7d1cbc15310c388d23bb527d479c7f5fe4de20e823ad05d1eea1e932d4031b48,253,293,-200.0,200,0,False,False,True
jev,2,7d1cbc15310c388d23bb527d479c7f5fe4de20e823ad05d1eea1e932d4031b48,254,294,-200.0,200,0,False,False,True
jev,2,7d1cbc15310c388d23bb527d479c7f5fe4de20e823ad05d1eea1e932d4031b48,261,281,-200.0,200,0,False,False,True
jev,2,7d1cbc15310c388d23bb527d479c7f5fe4de20e823ad05d1eea1e932d4031b48,262,282,-200.0,200,0,False,False,True
jev,2,7d1cbc15310c388d23bb527d479c7f5fe4de20e823ad05d1eea1e932d4031b48,263,283,-200.0,200,0,False,False,True
jev,2,7d1cbc15310c388d23bb527d479c7f5fe4de20e823ad05d1eea1e932d4031b48,264,284,-200.0,200,0,False,False,True
jev,2,7d1cbc15310c388d23bb527d479c7f5fe4de20e823ad05d1eea1e932d4031b48,266,286,-200.0,200,0,False,False,True
jev,2,7d1cbc15310c388d23bb527d479c7f5fe4de20e823ad05d1eea1e932d4031b48,267,287,-200.0,200,0,False,False,True
jev,2,7d1cbc15310c388d23bb527d479c7f5fe4de20e823ad05d1eea1e932d4031b48,268,288,-200.0,200,0,False,False,True
jev,2,7d1cbc15310c388d23bb527d479c7f5fe4de20e823ad05d1eea1e932d4031b48,269,289,-200.0,200,0,False,False,True
jev,2,7d1cbc15310c388d23bb527d479c7f5fe4de20e823ad05d1eea1e932d4031b48,271,291,-200.0,200,0,False,False,True
jev,2,7d1cbc15310c388d23bb527d479c7f5fe4de20e823ad05d1eea1e932d4031b48,272,292,-200.0,200,0,False,False,True
jev,2,7d1cbc15310c388d23bb527d479c7f5fe4de20e823ad05d1eea1e932d4031b48,273,293,-200.0,200,0,False,False,True
jev,2,7d1cbc15310c388d23bb527d479c7f5fe4de20e823ad05d1eea1e932d4031b48,274,294,-200.0,200,0,False,False,True
jev,2,7d1cbc15310c388d23bb527d479c7f5fe4de20e823ad05d1eea1e932d4031b48,281,281,-200.0,200,0,False,False,True
jev,2,7d1cbc15310c388d23bb527d479c7f5fe4de20e823ad05d1eea1e932d4031b48,282,282,-200.0,200,0,False,False,True
jev,2,7d1cbc15310c388d23bb527d479c7f5fe4de20e823ad05d1eea1e932d4031b48,283,283,-200.0,200,0,False,False,True
jev,2,7d1cbc15310c388d23bb527d479c7f5fe4de20e823ad05d1eea1e932d4031b48,284,284,-200.0,200,0,False,False,True
jev,2,7d1cbc15310c388d23bb527d479c7f5fe4de20e823ad05d1eea1e932d4031b48,286,286,-200.0,200,0,False,False,True
jev,2,7d1cbc15310c388d23bb527d479c7f5fe4de20e823ad05d1eea1e932d4031b48,287,287,-200.0,200,0,False,False,True
jev,2,7d1cbc15310c388d23bb527d479c7f5fe4de20e823ad05d1eea1e932d4031b48,288,288,-200.0,200,0,False,False,True
jev,2,7d1cbc15310c388d23bb527d479c7f5fe4de20e823ad05d1eea1e932d4031b48,289,289,-200.0,200,0,False,False,True
jev,2,7d1cbc15310c388d23bb527d479c7f5fe4de20e823ad05d1eea1e932d4031b48,291,291,-200.0,200,0,False,False,True
jev,2,7d1cbc15310c388d23bb527d479c7f5fe4de20e823ad05d1eea1e932d4031b48,292,292,-200.0,200,0,False,False,True
jev,2,7d1cbc15310c388d23bb527d479c7f5fe4de20e823ad05d1eea1e932d4031b48,293,293,-200.0,200,0,False,False,True
jev,2,7d1cbc15310c388d23bb527d479c7f5fe4de20e823ad05d1eea1e932d4031b48,294,294,-200.0,200,0,False,False,True
jev,2,7d1cbc15310c388d23bb527d479c7f5fe4de20e823ad05d1eea1e932d4031b48,301,281,-200.0,200,0,False,False,True
jev,2,7d1cbc15310c388d23bb527d479c7f5fe4de20e823ad05d1eea1e932d4031b48,302,302,-200.0,200,0,False,False,True
jev,2,7d1cbc15310c388d23bb527d479c7f5fe4de20e823ad05d1eea1e932d4031b48,303,303,-200.0,200,0,False,False,True
jev,2,7d1cbc15310c388d23bb527d479c7f5fe4de20e823ad05d1eea1e932d4031b48,304,4,-200.0,200,0,False,False,True
jev,2,7d1cbc15310c388d23bb527d479c7f5fe4de20e823ad05d1eea1e932d4031b48,306,286,-200.0,200,0,False,False,True
jev,2,7d1cbc15310c388d23bb527d479c7f5fe4de20e823ad05d1eea1e932d4031b48,307,287,-200.0,200,0,False,False,True
jev,2,7d1cbc15310c388d23bb527d479c7f5fe4de20e823ad05d1eea1e932d4031b48,308,288,-200.0,200,0,False,False,True
jev,2,7d1cbc15310c388d23bb527d479c7f5fe4de20e823ad05d1eea1e932d4031b48,309,289,-200.0,200,0,False,False,True
jev,2,7d1cbc15310c388d23bb527d479c7f5fe4de20e823ad05d1eea1e932d4031b48,311,291,-200.0,200,0,False,False,True
jev,2,7d1cbc15310c388d23bb527d479c7f5fe4de20e823ad05d1eea1e932d4031b48,312,292,-200.0,200,0,False,False,True
jev,2,7d1cbc15310c388d23bb527d479c7f5fe4de20e823ad05d1eea1e932d4031b48,313,293,-200.0,200,0,False,False,True
jev,2,7d1cbc15310c388d23bb527d479c7f5fe4de20e823ad05d1eea1e932d4031b48,314,294,-200.0,200,0,False,False,True
jev,2,7d1cbc15310c388d23bb527d479c7f5fe4de20e823ad05d1eea1e932d4031b48,321,281,-200.0,200,0,False,False,True
jev,2,7d1cbc15310c388d23bb527d479c7f5fe4de20e823ad05d1eea1e932d4031b48,322,342,-200.0,200,0,False,False,True
jev,2,7d1cbc15310c388d23bb527d479c7f5fe4de20e823ad05d1eea1e932d4031b48,323,343,-200.0,200,0,False,False,True
jev,2,7d1cbc15310c388d23bb527d479c7f5fe4de20e823ad05d1eea1e932d4031b48,324,24,-200.0,200,0,False,False,True
jev,2,7d1cbc15310c388d23bb527d479c7f5fe4de20e823ad05d1eea1e932d4031b48,326,286,-200.0,200,0,False,False,True
jev,2,7d1cbc15310c388d23bb527d479c7f5fe4de20e823ad05d1eea1e932d4031b48,327,287,-200.0,200,0,False,False,True
jev,2,7d1cbc15310c388d23bb527d479c7f5fe4de20e823ad05d1eea1e932d4031b48,328,288,-200.0,200,0,False,False,True
jev,2,7d1cbc15310c388d23bb527d479c7f5fe4de20e823ad05d1eea1e932d4031b48,329,289,-200.0,200,0,False,False,True
jev,2,7d1cbc15310c388d23bb527d479c7f5fe4de20e823ad05d1eea1e932d4031b48,331,291,-200.0,200,0,False,False,True
jev,2,7d1cbc15310c388d23bb527d479c7f5fe4de20e823ad05d1eea1e932d4031b48,332,292,-200.0,200,0,False,False,True
jev,2,7d1cbc15310c388d23bb527d479c7f5fe4de20e823ad05d1eea1e932d4031b48,333,293,-200.0,200,0,False,False,True
jev,2,7d1cbc15310c388d23bb527d479c7f5fe4de20e823ad05d1eea1e932d4031b48,334,294,-200.0,200,0,False,False,True
jev,2,7d1cbc15310c388d23bb527d479c7f5fe4de20e823ad05d1eea1e932d4031b48,341,281,-200.0,200,0,False,False,True
jev,2,7d1cbc15310c388d23bb527d479c7f5fe4de20e823ad05d1eea1e932d4031b48,342,342,-200.0,200,0,False,False,True
jev,2,7d1cbc15310c388d23bb527d479c7f5fe4de20e823ad05d1eea1e932d4031b48,343,343,-200.0,200,0,False,False,True
jev,2,7d1cbc15310c388d23bb527d479c7f5fe4de20e823ad05d1eea1e932d4031b48,344,44,-200.0,200,0,False,False,True
jev,2,7d1cbc15310c388d23bb527d479c7f5fe4de20e823ad05d1eea1e932d4031b48,346,286,-200.0,200,0,False,False,True
jev,2,7d1cbc15310c388d23bb527d479c7f5fe4de20e823ad05d1eea1e932d4031b48,347,287,-200.0,200,0,False,False,True
jev,2,7d1cbc15310c388d23bb527d479c7f5fe4de20e823ad05d1eea1e932d4031b48,348,288,-200.0,200,0,False,False,True
jev,2,7d1cbc15310c388d23bb527d479c7f5fe4de20e823ad05d1eea1e932d4031b48,349,289,-200.0,200,0,False,False,True
jev,2,7d1cbc15310c388d23bb527d479c7f5fe4de20e823ad05d1eea1e932d4031b48,351,291,-200.0,200,0,False,False,True
jev,2,7d1cbc15310c388d23bb527d479c7f5fe4de20e823ad05d1eea1e932d4031b48,352,292,-200.0,200,0,False,False,True
jev,2,7d1cbc15310c388d23bb527d479c7f5fe4de20e823ad05d1eea1e932d4031b48,353,293,-200.0,200,0,False,False,True
jev,2,7d1cbc15310c388d23bb527d479c7f5fe4de20e823ad05d1eea1e932d4031b48,354,294,-200.0,200,0,False,False,True
jev,2,7d1cbc15310c388d23bb527d479c7f5fe4de20e823ad05d1eea1e932d4031b48,361,281,-200.0,200,0,False,False,True
jev,2,7d1cbc15310c388d23bb527d479c7f5fe4de20e823ad05d1eea1e932d4031b48,362,382,-200.0,200,0,False,False,True
jev,2,7d1cbc15310c388d23bb527d479c7f5fe4de20e823ad05d1eea1e932d4031b48,363,383,-200.0,200,0,False,False,True
jev,2,7d1cbc15310c388d23bb527d479c7f5fe4de20e823ad05d1eea1e932d4031b48,364,284,-200.0,200,0,False,False,True
jev,2,7d1cbc15310c388d23bb527d479c7f5fe4de20e823ad05d1eea1e932d4031b48,366,286,-200.0,200,0,False,False,True
jev,2,7d1cbc15310c388d23bb527d479c7f5fe4de20e823ad05d1eea1e932d4031b48,367,287,-200.0,200,0,False,False,True
jev,2,7d1cbc15310c388d23bb527d479c7f5fe4de20e823ad05d1eea1e932d4031b48,368,288,-200.0,200,0,False,False,True
jev,2,7d1cbc15310c388d23bb527d479c7f5fe4de20e823ad05d1eea1e932d4031b48,369,289,-200.0,200,0,False,False,True
jev,2,7d1cbc15310c388d23bb527d479c7f5fe4de20e823ad05d1eea1e932d4031b48,371,291,-200.0,200,0,False,False,True
jev,2,7d1cbc15310c388d23bb527d479c7f5fe4de20e823ad05d1eea1e932d4031b48,372,292,-200.0,200,0,False,False,True
jev,2,7d1cbc15310c388d23bb527d479c7f5fe4de20e823ad05d1eea1e932d4031b48,373,293,-200.0,200,0,False,False,True
jev,2,7d1cbc15310c388d23bb527d479c7f5fe4de20e823ad05d1eea1e932d4031b48,374,294,-200.0,200,0,False,False,True
jev,2,7d1cbc15310c388d23bb527d479c7f5fe4de20e823ad05d1eea1e932d4031b48,381,281,-200.0,200,0,False,False,True
jev,2,7d1cbc15310c388d23bb527d479c7f5fe4de20e823ad05d1eea1e932d4031b48,382,382,-200.0,200,0,False,False,True
jev,2,7d1cbc15310c388d23bb527d479c7f5fe4de20e823ad05d1eea1e932d4031b48,383,383,-200.0,200,0,False,False,True
jev,2,7d1cbc15310c388d23bb527d479c7f5fe4de20e823ad05d1eea1e932d4031b48,384,284,-200.0,200,0,False,False,True
jev,2,7d1cbc15310c388d23bb527d479c7f5fe4de20e823ad05d1eea1e932d4031b48,386,286,-200.0,200,0,False,False,True
jev,2,7d1cbc15310c388d23bb527d479c7f5fe4de20e823ad05d1eea1e932d4031b48,387,287,-200.0,200,0,False,False,True
jev,2,7d1cbc15310c388d23bb527d479c7f5fe4de20e823ad05d1eea1e932d4031b48,388,288,-200.0,200,0,False,False,True
jev,2,7d1cbc15310c388d23bb527d479c7f5fe4de20e823ad05d1eea1e932d4031b48,389,289,-200.0,200,0,False,False,True
jev,2,7d1cbc15310c388d23bb527d479c7f5fe4de20e823ad05d1eea1e932d4031b48,391,291,-200.0,200,0,False,False,True
jev,2,7d1cbc15310c388d23bb527d479c7f5fe4de20e823ad05d1eea1e932d4031b48,392,292,-200.0,200,0,False,False,True
jev,2,7d1cbc15310c388d23bb527d479c7f5fe4de20e823ad05d1eea1e932d4031b48,393,293,-200.0,200,0,False,False,True
jev,2,7d1cbc15310c388d23bb527d479c7f5fe4de20e823ad05d1eea1e932d4031b48,394,294,-200.0,200,0,False,False,True
jev,2,7d1cbc15310c388d23bb527d479c7f5fe4de20e823ad05d1eea1e932d4031b48,401,401,-200.0,200,0,False,False,True
jev,2,7d1cbc15310c388d23bb527d479c7f5fe4de20e823ad05d1eea1e932d4031b48,402,402,-200.0,200,0,False,False,True
jev,2,7d1cbc15310c388d23bb527d479c7f5fe4de20e823ad05d1eea1e932d4031b48,403,403,-200.0,200,0,False,False,True
jev,2,7d1cbc15310c388d23bb527d479c7f5fe4de20e823ad05d1eea1e932d4031b48,404,404,-200.0,200,0,False,False,True
jev,2,7d1cbc15310c388d23bb527d479c7f5fe4de20e823ad05d1eea1e932d4031b48,406,406,-200.0,200,0,False,False,True
jev,2,7d1cbc15310c388d23bb527d479c7f5fe4de20e823ad05d1eea1e932d4031b48,407,407,-200.0,200,0,False,False,True
jev,2,7d1cbc15310c388d23bb527d479c7f5fe4de20e823ad05d1eea1e932d4031b48,408,408,-200.0,200,0,False,False,True
jev,2,7d1cbc15310c388d23bb527d479c7f5fe4de20e823ad05d1eea1e932d4031b48,409,409,-200.0,200,0,False,False,True
jev,2,7d1cbc15310c388d23bb527d479c7f5fe4de20e823ad05d1eea1e932d4031b48,411,411,-200.0,200,0,False,False,True
jev,2,7d1cbc15310c388d23bb527d479c7f5fe4de20e823ad05d1eea1e932d4031b48,412,412,-200.0,200,0,False,False,True
jev,2,7d1cbc15310c388d23bb527d479c7f5fe4de20e823ad05d1eea1e932d4031b48,413,413,-200.0,200,0,False,False,True
jev,2,7d1cbc15310c388d23bb527d479c7f5fe4de20e823ad05d1eea1e932d4031b48,414,414,-200.0,200,0,False,False,True
jev,2,7d1cbc15310c388d23bb527d479c7f5fe4de20e823ad05d1eea1e932d4031b48,421,441,-200.0,200,0,False,False,True
jev,2,7d1cbc15310c388d23bb527d479c7f5fe4de20e823ad05d1eea1e932d4031b48,422,442,-200.0,200,0,False,False,True
jev,2,7d1cbc15310c388d23bb527d479c7f5fe4de20e823ad05d1eea1e932d4031b48,423,443,-200.0,200,0,False,False,True
jev,2,7d1cbc15310c388d23bb527d479c7f5fe4de20e823ad05d1eea1e932d4031b48,424,444,-200.0,200,0,False,False,True
jev,2,7d1cbc15310c388d23bb527d479c7f5fe4de20e823ad05d1eea1e932d4031b48,426,446,-200.0,200,0,False,False,True
jev,2,7d1cbc15310c388d23bb527d479c7f5fe4de20e823ad05d1eea1e932d4031b48,427,447,-200.0,200,0,False,False,True
jev,2,7d1cbc15310c388d23bb527d479c7f5fe4de20e823ad05d1eea1e932d4031b48,428,448,-200.0,200,0,False,False,True
jev,2,7d1cbc15310c388d23bb527d479c7f5fe4de20e823ad05d1eea1e932d4031b48,429,449,-200.0,200,0,False,False,True
jev,2,7d1cbc15310c388d23bb527d479c7f5fe4de20e823ad05d1eea1e932d4031b48,431,451,-200.0,200,0,False,False,True
jev,2,7d1cbc15310c388d23bb527d479c7f5fe4de20e823ad05d1eea1e932d4031b48,432,452,-200.0,200,0,False,False,True
jev,2,7d1cbc15310c388d23bb527d479c7f5fe4de20e823ad05d1eea1e932d4031b48,433,453,-200.0,200,0,False,False,True
jev,2,7d1cbc15310c388d23bb527d479c7f5fe4de20e823ad05d1eea1e932d4031b48,434,454,-200.0,200,0,False,False,True
jev,2,7d1cbc15310c388d23bb527d479c7f5fe4de20e823ad05d1eea1e932d4031b48,441,441,-200.0,200,0,False,False,True
jev,2,7d1cbc15310c388d23bb527d479c7f5fe4de20e823ad05d1eea1e932d4031b48,442,442,-200.0,200,0,False,False,True
jev,2,7d1cbc15310c388d23bb527d479c7f5fe4de20e823ad05d1eea1e932d4031b48,443,443,-200.0,200,0,False,False,True
jev,2,7d1cbc15310c388d23bb527d479c7f5fe4de20e823ad05d1eea1e932d4031b48,444,444,-200.0,200,0,False,False,True
jev,2,7d1cbc15310c388d23bb527d479c7f5fe4de20e823ad05d1eea1e932d4031b48,446,446,-200.0,200,0,False,False,True
jev,2,7d1cbc15310c388d23bb527d479c7f5fe4de20e823ad05d1eea1e932d4031b48,447,447,-200.0,200,0,False,False,True
jev,2,7d1cbc15310c388d23bb527d479c7f5fe4de20e823ad05d1eea1e932d4031b48,448,448,-200.0,200,0,False,False,True
jev,2,7d1cbc15310c388d23bb527d479c7f5fe4de20e823ad05d1eea1e932d4031b48,449,449,-200.0,200,0,False,False,True
jev,2,7d1cbc15310c388d23bb527d479c7f5fe4de20e823ad05d1eea1e932d4031b48,451,451,-200.0,200,0,False,False,True
jev,2,7d1cbc15310c388d23bb527d479c7f5fe4de20e823ad05d1eea1e932d4031b48,452,452,-200.0,200,0,False,False,True
jev,2,7d1cbc15310c388d23bb527d479c7f5fe4de20e823ad05d1eea1e932d4031b48,453,453,-200.0,200,0,False,False,True
jev,2,7d1cbc15310c388d23bb527d479c7f5fe4de20e823ad05d1eea1e932d4031b48,454,454,-200.0,200,0,False,False,True
jev,2,7d1cbc15310c388d23bb527d479c7f5fe4de20e823ad05d1eea1e932d4031b48,461,481,-200.0,200,0,False,False,True
jev,2,7d1cbc15310c388d23bb527d479c7f5fe4de20e823ad05d1eea1e932d4031b48,462,482,-200.0,200,0,False,False,True
jev,2,7d1cbc15310c388d23bb527d479c7f5fe4de20e823ad05d1eea1e932d4031b48,463,483,-200.0,200,0,False,False,True
jev,2,7d1cbc15310c388d23bb527d479c7f5fe4de20e823ad05d1eea1e932d4031b48,464,484,-200.0,200,0,False,False,True
jev,2,7d1cbc15310c388d23bb527d479c7f5fe4de20e823ad05d1eea1e932d4031b48,466,486,-200.0,200,0,False,False,True
jev,2,7d1cbc15310c388d23bb527d479c7f5fe4de20e823ad05d1eea1e932d4031b48,467,487,-200.0,200,0,False,False,True
jev,2,7d1cbc15310c388d23bb527d479c7f5fe4de20e823ad05d1eea1e932d4031b48,468,488,-200.0,200,0,False,False,True
jev,2,7d1cbc15310c388d23bb527d479c7f5fe4de20e823ad05d1eea1e932d4031b48,469,489,-200.0,200,0,False,False,True
jev,2,7d1cbc15310c388d23bb527d479c7f5fe4de20e823ad05d1eea1e932d4031b48,471,491,-200.0,200,0,False,False,True
jev,2,7d1cbc15310c388d23bb527d479c7f5fe4de20e823ad05d1eea1e932d4031b48,472,492,-200.0,200,0,False,False,True
jev,2,7d1cbc15310c388d23bb527d479c7f5fe4de20e823ad05d1eea1e932d4031b48,473,493,-200.0,200,0,False,False,True
jev,2,7d1cbc15310c388d23bb527d479c7f5fe4de20e823ad05d1eea1e932d4031b48,474,494,-200.0,200,0,False,False,True
jev,2,7d1cbc15310c388d23bb527d479c7f5fe4de20e823ad05d1eea1e932d4031b48,481,481,-200.0,200,0,False,False,True
jev,2,7d1cbc15310c388d23bb527d479c7f5fe4de20e823ad05d1eea1e932d4031b48,482,482,-200.0,200,0,False,False,True
jev,2,7d1cbc15310c388d23bb527d479c7f5fe4de20e823ad05d1eea1e932d4031b48,483,483,-200.0,200,0,False,False,True
jev,2,7d1cbc15310c388d23bb527d479c7f5fe4de20e823ad05d1eea1e932d4031b48,484,484,-200.0,200,0,False,False,True
jev,2,7d1cbc15310c388d23bb527d479c7f5fe4de20e823ad05d1eea1e932d4031b48,486,486,-200.0,200,0,False,False,True
jev,2,7d1cbc15310c388d23bb527d479c7f5fe4de20e823ad05d1eea1e932d4031b48,487,487,-200.0,200,0,False,False,True
jev,2,7d1cbc15310c388d23bb527d479c7f5fe4de20e823ad05d1eea1e932d4031b48,488,488,-200.0,200,0,False,False,True
jev,2,7d1cbc15310c388d23bb527d479c7f5fe4de20e823ad05d1eea1e932d4031b48,489,489,-200.0,200,0,False,False,True
jev,2,7d1cbc15310c388d23bb527d479c7f5fe4de20e823ad05d1eea1e932d4031b48,491,491,-200.0,200,0,False,False,True
jev,2,7d1cbc15310c388d23bb527d479c7f5fe4de20e823ad05d1eea1e932d4031b48,492,492,-200.0,200,0,False,False,True
jev,2,7d1cbc15310c388d23bb527d479c7f5fe4de20e823ad05d1eea1e932d4031b48,493,493,-200.0,200,0,False,False,True
jev,2,7d1cbc15310c388d23bb527d479c7f5fe4de20e823ad05d1eea1e932d4031b48,494,494,-200.0,200,0,False,False,True
jev,3,551c45267316bab184bb3f9768c890ecca9a1687464ccdfa0b02f5b9c670bfcf,1,1,-200.0,200,0,False,False,True
jev,3,551c45267316bab184bb3f9768c890ecca9a1687464ccdfa0b02f5b9c670bfcf,2,2,-200.0,200,0,False,False,True
jev,3,551c45267316bab184bb3f9768c890ecca9a1687464ccdfa0b02f5b9c670bfcf,3,3,-200.0,200,0,False,False,True
jev,3,551c45267316bab184bb3f9768c890ecca9a1687464ccdfa0b02f5b9c670bfcf,4,4,-200.0,200,0,False,False,True
jev,3,551c45267316bab184bb3f9768c890ecca9a1687464ccdfa0b02f5b9c670bfcf,6,206,-1982.0,200,198,False,False,True
jev,3,551c45267316bab184bb3f9768c890ecca9a1687464ccdfa0b02f5b9c670bfcf,7,7,-200.0,200,0,False,False,True
jev,3,551c45267316bab184bb3f9768c890ecca9a1687464ccdfa0b02f5b9c670bfcf,8,8,-200.0,200,0,False,False,True
jev,3,551c45267316bab184bb3f9768c890ecca9a1687464ccdfa0b02f5b9c670bfcf,9,9,-200.0,200,0,False,False,True
jev,3,551c45267316bab184bb3f9768c890ecca9a1687464ccdfa0b02f5b9c670bfcf,11,11,-2000.0,200,200,False,False,True
jev,3,551c45267316bab184bb3f9768c890ecca9a1687464ccdfa0b02f5b9c670bfcf,12,12,-200.0,200,0,False,False,True
jev,3,551c45267316bab184bb3f9768c890ecca9a1687464ccdfa0b02f5b9c670bfcf,13,13,-200.0,200,0,False,False,True
jev,3,551c45267316bab184bb3f9768c890ecca9a1687464ccdfa0b02f5b9c670bfcf,14,14,-200.0,200,0,False,False,True
jev,3,551c45267316bab184bb3f9768c890ecca9a1687464ccdfa0b02f5b9c670bfcf,21,1,-200.0,200,0,False,False,True
jev,3,551c45267316bab184bb3f9768c890ecca9a1687464ccdfa0b02f5b9c670bfcf,22,2,-200.0,200,0,False,False,True
jev,3,551c45267316bab184bb3f9768c890ecca9a1687464ccdfa0b02f5b9c670bfcf,23,3,-200.0,200,0,False,False,True
jev,3,551c45267316bab184bb3f9768c890ecca9a1687464ccdfa0b02f5b9c670bfcf,24,4,-200.0,200,0,False,False,True
jev,3,551c45267316bab184bb3f9768c890ecca9a1687464ccdfa0b02f5b9c670bfcf,26,26,-200.0,200,0,False,False,True
jev,3,551c45267316bab184bb3f9768c890ecca9a1687464ccdfa0b02f5b9c670bfcf,27,27,-200.0,200,0,False,False,True
jev,3,551c45267316bab184bb3f9768c890ecca9a1687464ccdfa0b02f5b9c670bfcf,28,228,-1982.0,200,198,False,False,True
jev,3,551c45267316bab184bb3f9768c890ecca9a1687464ccdfa0b02f5b9c670bfcf,29,29,-200.0,200,0,False,False,True
jev,3,551c45267316bab184bb3f9768c890ecca9a1687464ccdfa0b02f5b9c670bfcf,31,31,-200.0,200,0,False,False,True
jev,3,551c45267316bab184bb3f9768c890ecca9a1687464ccdfa0b02f5b9c670bfcf,32,12,-200.0,200,0,False,False,True
jev,3,551c45267316bab184bb3f9768c890ecca9a1687464ccdfa0b02f5b9c670bfcf,33,13,-200.0,200,0,False,False,True
jev,3,551c45267316bab184bb3f9768c890ecca9a1687464ccdfa0b02f5b9c670bfcf,34,234,-1982.0,200,198,False,False,True
jev,3,551c45267316bab184bb3f9768c890ecca9a1687464ccdfa0b02f5b9c670bfcf,41,41,-200.0,200,0,False,False,True
jev,3,551c45267316bab184bb3f9768c890ecca9a1687464ccdfa0b02f5b9c670bfcf,42,42,-200.0,200,0,False,False,True
jev,3,551c45267316bab184bb3f9768c890ecca9a1687464ccdfa0b02f5b9c670bfcf,43,43,-200.0,200,0,False,False,True
jev,3,551c45267316bab184bb3f9768c890ecca9a1687464ccdfa0b02f5b9c670bfcf,44,44,-200.0,200,0,False,False,True
jev,3,551c45267316bab184bb3f9768c890ecca9a1687464ccdfa0b02f5b9c670bfcf,46,46,-200.0,200,0,False,False,True
jev,3,551c45267316bab184bb3f9768c890ecca9a1687464ccdfa0b02f5b9c670bfcf,47,47,-200.0,200,0,False,False,True
jev,3,551c45267316bab184bb3f9768c890ecca9a1687464ccdfa0b02f5b9c670bfcf,48,48,-200.0,200,0,False,False,True
jev,3,551c45267316bab184bb3f9768c890ecca9a1687464ccdfa0b02f5b9c670bfcf,49,49,-200.0,200,0,False,False,True
jev,3,551c45267316bab184bb3f9768c890ecca9a1687464ccdfa0b02f5b9c670bfcf,51,51,-200.0,200,0,False,False,True
jev,3,551c45267316bab184bb3f9768c890ecca9a1687464ccdfa0b02f5b9c670bfcf,52,52,-200.0,200,0,False,False,True
jev,3,551c45267316bab184bb3f9768c890ecca9a1687464ccdfa0b02f5b9c670bfcf,53,53,-200.0,200,0,False,False,True
jev,3,551c45267316bab184bb3f9768c890ecca9a1687464ccdfa0b02f5b9c670bfcf,54,54,-200.0,200,0,False,False,True
jev,3,551c45267316bab184bb3f9768c890ecca9a1687464ccdfa0b02f5b9c670bfcf,61,41,-200.0,200,0,False,False,True
jev,3,551c45267316bab184bb3f9768c890ecca9a1687464ccdfa0b02f5b9c670bfcf,62,42,-200.0,200,0,False,False,True
jev,3,551c45267316bab184bb3f9768c890ecca9a1687464ccdfa0b02f5b9c670bfcf,63,43,-200.0,200,0,False,False,True
jev,3,551c45267316bab184bb3f9768c890ecca9a1687464ccdfa0b02f5b9c670bfcf,64,44,-200.0,200,0,False,False,True
jev,3,551c45267316bab184bb3f9768c890ecca9a1687464ccdfa0b02f5b9c670bfcf,66,46,-200.0,200,0,False,False,True
jev,3,551c45267316bab184bb3f9768c890ecca9a1687464ccdfa0b02f5b9c670bfcf,67,67,-2000.0,200,200,False,False,True
jev,3,551c45267316bab184bb3f9768c890ecca9a1687464ccdfa0b02f5b9c670bfcf,68,48,-200.0,200,0,False,False,True
jev,3,551c45267316bab184bb3f9768c890ecca9a1687464ccdfa0b02f5b9c670bfcf,69,49,-200.0,200,0,False,False,True
jev,3,551c45267316bab184bb3f9768c890ecca9a1687464ccdfa0b02f5b9c670bfcf,71,51,-200.0,200,0,False,False,True
jev,3,551c45267316bab184bb3f9768c890ecca9a1687464ccdfa0b02f5b9c670bfcf,72,52,-200.0,200,0,False,False,True
jev,3,551c45267316bab184bb3f9768c890ecca9a1687464ccdfa0b02f5b9c670bfcf,73,53,-200.0,200,0,False,False,True
jev,3,551c45267316bab184bb3f9768c890ecca9a1687464ccdfa0b02f5b9c670bfcf,74,54,-200.0,200,0,False,False,True
jev,3,551c45267316bab184bb3f9768c890ecca9a1687464ccdfa0b02f5b9c670bfcf,81,41,-200.0,200,0,False,False,True
jev,3,551c45267316bab184bb3f9768c890ecca9a1687464ccdfa0b02f5b9c670bfcf,82,42,-200.0,200,0,False,False,True
jev,3,551c45267316bab184bb3f9768c890ecca9a1687464ccdfa0b02f5b9c670bfcf,83,43,-200.0,200,0,False,False,True
jev,3,551c45267316bab184bb3f9768c890ecca9a1687464ccdfa0b02f5b9c670bfcf,84,44,-200.0,200,0,False,False,True
jev,3,551c45267316bab184bb3f9768c890ecca9a1687464ccdfa0b02f5b9c670bfcf,86,46,-200.0,200,0,False,False,True
jev,3,551c45267316bab184bb3f9768c890ecca9a1687464ccdfa0b02f5b9c670bfcf,87,59,-200.0,200,0,False,False,True
jev,3,551c45267316bab184bb3f9768c890ecca9a1687464ccdfa0b02f5b9c670bfcf,88,48,-200.0,200,0,False,False,True
jev,3,551c45267316bab184bb3f9768c890ecca9a1687464ccdfa0b02f5b9c670bfcf,89,49,-200.0,200,0,False,False,True
jev,3,551c45267316bab184bb3f9768c890ecca9a1687464ccdfa0b02f5b9c670bfcf,91,51,-200.0,200,0,False,False,True
jev,3,551c45267316bab184bb3f9768c890ecca9a1687464ccdfa0b02f5b9c670bfcf,92,52,-200.0,200,0,False,False,True
jev,3,551c45267316bab184bb3f9768c890ecca9a1687464ccdfa0b02f5b9c670bfcf,93,53,-200.0,200,0,False,False,True
jev,3,551c45267316bab184bb3f9768c890ecca9a1687464ccdfa0b02f5b9c670bfcf,94,54,-200.0,200,0,False,False,True
jev,3,551c45267316bab184bb3f9768c890ecca9a1687464ccdfa0b02f5b9c670bfcf,101,101,-200.0,200,0,False,False,True
jev,3,551c45267316bab184bb3f9768c890ecca9a1687464ccdfa0b02f5b9c670bfcf,102,102,-200.0,200,0,False,False,True
jev,3,551c45267316bab184bb3f9768c890ecca9a1687464ccdfa0b02f5b9c670bfcf,103,103,-200.0,200,0,False,False,True
jev,3,551c45267316bab184bb3f9768c890ecca9a1687464ccdfa0b02f5b9c670bfcf,104,104,-2000.0,200,200,False,False,True
jev,3,551c45267316bab184bb3f9768c890ecca9a1687464ccdfa0b02f5b9c670bfcf,106,206,-1991.0,200,199,False,False,True
jev,3,551c45267316bab184bb3f9768c890ecca9a1687464ccdfa0b02f5b9c670bfcf,107,207,-1991.0,200,199,False,False,True
jev,3,551c45267316bab184bb3f9768c890ecca9a1687464ccdfa0b02f5b9c670bfcf,108,108,-2000.0,200,200,False,False,True
jev,3,551c45267316bab184bb3f9768c890ecca9a1687464ccdfa0b02f5b9c670bfcf,109,109,-2000.0,200,200,False,False,True
jev,3,551c45267316bab184bb3f9768c890ecca9a1687464ccdfa0b02f5b9c670bfcf,111,311,-1982.0,200,198,False,False,True
jev,3,551c45267316bab184bb3f9768c890ecca9a1687464ccdfa0b02f5b9c670bfcf,112,112,-2000.0,200,200,False,False,True
jev,3,551c45267316bab184bb3f9768c890ecca9a1687464ccdfa0b02f5b9c670bfcf,113,113,-200.0,200,0,False,False,True
jev,3,551c45267316bab184bb3f9768c890ecca9a1687464ccdfa0b02f5b9c670bfcf,114,114,-200.0,200,0,False,False,True
jev,3,551c45267316bab184bb3f9768c890ecca9a1687464ccdfa0b02f5b9c670bfcf,121,101,-200.0,200,0,False,False,True
jev,3,551c45267316bab184bb3f9768c890ecca9a1687464ccdfa0b02f5b9c670bfcf,122,102,-200.0,200,0,False,False,True
jev,3,551c45267316bab184bb3f9768c890ecca9a1687464ccdfa0b02f5b9c670bfcf,123,103,-200.0,200,0,False,False,True
jev,3,551c45267316bab184bb3f9768c890ecca9a1687464ccdfa0b02f5b9c670bfcf,124,124,-2000.0,200,200,False,False,True
jev,3,551c45267316bab184bb3f9768c890ecca9a1687464ccdfa0b02f5b9c670bfcf,126,226,-1991.0,200,199,False,False,True
jev,3,551c45267316bab184bb3f9768c890ecca9a1687464ccdfa0b02f5b9c670bfcf,127,27,-200.0,200,0,False,False,True
jev,3,551c45267316bab184bb3f9768c890ecca9a1687464ccdfa0b02f5b9c670bfcf,128,228,-1991.0,200,199,False,False,True
jev,3,551c45267316bab184bb3f9768c890ecca9a1687464ccdfa0b02f5b9c670bfcf,129,29,-200.0,200,0,False,False,True
jev,3,551c45267316bab184bb3f9768c890ecca9a1687464ccdfa0b02f5b9c670bfcf,131,431,-200.0,200,0,False,False,True
jev,3,551c45267316bab184bb3f9768c890ecca9a1687464ccdfa0b02f5b9c670bfcf,132,232,-1991.0,200,199,False,False,True
jev,3,551c45267316bab184bb3f9768c890ecca9a1687464ccdfa0b02f5b9c670bfcf,133,13,-200.0,200,0,False,False,True
jev,3,551c45267316bab184bb3f9768c890ecca9a1687464ccdfa0b02f5b9c670bfcf,134,234,-1991.0,200,199,False,False,True
jev,3,551c45267316bab184bb3f9768c890ecca9a1687464ccdfa0b02f5b9c670bfcf,141,141,-200.0,200,0,False,False,True
jev,3,551c45267316bab184bb3f9768c890ecca9a1687464ccdfa0b02f5b9c670bfcf,142,142,-200.0,200,0,False,False,True
jev,3,551c45267316bab184bb3f9768c890ecca9a1687464ccdfa0b02f5b9c670bfcf,143,143,-200.0,200,0,False,False,True
jev,3,551c45267316bab184bb3f9768c890ecca9a1687464ccdfa0b02f5b9c670bfcf,144,144,-200.0,200,0,False,False,True
jev,3,551c45267316bab184bb3f9768c890ecca9a1687464ccdfa0b02f5b9c670bfcf,146,146,-200.0,200,0,False,False,True
jev,3,551c45267316bab184bb3f9768c890ecca9a1687464ccdfa0b02f5b9c670bfcf,147,147,-200.0,200,0,False,False,True
jev,3,551c45267316bab184bb3f9768c890ecca9a1687464ccdfa0b02f5b9c670bfcf,148,148,-200.0,200,0,False,False,True
jev,3,551c45267316bab184bb3f9768c890ecca9a1687464ccdfa0b02f5b9c670bfcf,149,149,-200.0,200,0,False,False,True
jev,3,551c45267316bab184bb3f9768c890ecca9a1687464ccdfa0b02f5b9c670bfcf,151,151,-200.0,200,0,False,False,True
jev,3,551c45267316bab184bb3f9768c890ecca9a1687464ccdfa0b02f5b9c670bfcf,152,152,-200.0,200,0,False,False,True
jev,3,551c45267316bab184bb3f9768c890ecca9a1687464ccdfa0b02f5b9c670bfcf,153,153,-200.0,200,0,False,False,True
jev,3,551c45267316bab184bb3f9768c890ecca9a1687464ccdfa0b02f5b9c670bfcf,154,154,-200.0,200,0,False,False,True
jev,3,551c45267316bab184bb3f9768c890ecca9a1687464ccdfa0b02f5b9c670bfcf,161,141,-200.0,200,0,False,False,True
jev,3,551c45267316bab184bb3f9768c890ecca9a1687464ccdfa0b02f5b9c670bfcf,162,142,-200.0,200,0,False,False,True
jev,3,551c45267316bab184bb3f9768c890ecca9a1687464ccdfa0b02f5b9c670bfcf,163,143,-200.0,200,0,False,False,True
jev,3,551c45267316bab184bb3f9768c890ecca9a1687464ccdfa0b02f5b9c670bfcf,164,144,-200.0,200,0,False,False,True
jev,3,551c45267316bab184bb3f9768c890ecca9a1687464ccdfa0b02f5b9c670bfcf,166,146,-200.0,200,0,False,False,True
jev,3,551c45267316bab184bb3f9768c890ecca9a1687464ccdfa0b02f5b9c670bfcf,167,147,-200.0,200,0,False,False,True
jev,3,551c45267316bab184bb3f9768c890ecca9a1687464ccdfa0b02f5b9c670bfcf,168,148,-200.0,200,0,False,False,True
jev,3,551c45267316bab184bb3f9768c890ecca9a1687464ccdfa0b02f5b9c670bfcf,169,149,-200.0,200,0,False,False,True
jev,3,551c45267316bab184bb3f9768c890ecca9a1687464ccdfa0b02f5b9c670bfcf,171,151,-200.0,200,0,False,False,True
jev,3,551c45267316bab184bb3f9768c890ecca9a1687464ccdfa0b02f5b9c670bfcf,172,152,-200.0,200,0,False,False,True
jev,3,551c45267316bab184bb3f9768c890ecca9a1687464ccdfa0b02f5b9c670bfcf,173,153,-200.0,200,0,False,False,True
jev,3,551c45267316bab184bb3f9768c890ecca9a1687464ccdfa0b02f5b9c670bfcf,174,154,-200.0,200,0,False,False,True
jev,3,551c45267316bab184bb3f9768c890ecca9a1687464ccdfa0b02f5b9c670bfcf,181,141,-200.0,200,0,False,False,True
jev,3,551c45267316bab184bb3f9768c890ecca9a1687464ccdfa0b02f5b9c670bfcf,182,142,-200.0,200,0,False,False,True
jev,3,551c45267316bab184bb3f9768c890ecca9a1687464ccdfa0b02f5b9c670bfcf,183,143,-200.0,200,0,False,False,True
jev,3,551c45267316bab184bb3f9768c890ecca9a1687464ccdfa0b02f5b9c670bfcf,184,144,-200.0,200,0,False,False,True
jev,3,551c45267316bab184bb3f9768c890ecca9a1687464ccdfa0b02f5b9c670bfcf,186,286,-1991.0,200,199,False,False,True
jev,3,551c45267316bab184bb3f9768c890ecca9a1687464ccdfa0b02f5b9c670bfcf,187,287,-1991.0,200,199,False,False,True
jev,3,551c45267316bab184bb3f9768c890ecca9a1687464ccdfa0b02f5b9c670bfcf,188,288,-1991.0,200,199,False,False,True
jev,3,551c45267316bab184bb3f9768c890ecca9a1687464ccdfa0b02f5b9c670bfcf,189,149,-200.0,200,0,False,False,True
jev,3,551c45267316bab184bb3f9768c890ecca9a1687464ccdfa0b02f5b9c670bfcf,191,391,-1982.0,200,198,False,False,True
jev,3,551c45267316bab184bb3f9768c890ecca9a1687464ccdfa0b02f5b9c670bfcf,192,152,-200.0,200,0,False,False,True
jev,3,551c45267316bab184bb3f9768c890ecca9a1687464ccdfa0b02f5b9c670bfcf,193,153,-200.0,200,0,False,False,True
jev,3,551c45267316bab184bb3f9768c890ecca9a1687464ccdfa0b02f5b9c670bfcf,194,154,-200.0,200,0,False,False,True
jev,3,551c45267316bab184bb3f9768c890ecca9a1687464ccdfa0b02f5b9c670bfcf,201,201,-2000.0,200,200,False,False,True
jev,3,551c45267316bab184bb3f9768c890ecca9a1687464ccdfa0b02f5b9c670bfcf,202,202,-2000.0,200,200,False,False,True
jev,3,551c45267316bab184bb3f9768c890ecca9a1687464ccdfa0b02f5b9c670bfcf,203,403,-200.0,200,0,False,False,True
jev,3,551c45267316bab184bb3f9768c890ecca9a1687464ccdfa0b02f5b9c670bfcf,204,204,-2000.0,200,200,False,False,True
jev,3,551c45267316bab184bb3f9768c890ecca9a1687464ccdfa0b02f5b9c670bfcf,206,206,-2000.0,200,200,False,False,True
jev,3,551c45267316bab184bb3f9768c890ecca9a1687464ccdfa0b02f5b9c670bfcf,207,207,-2000.0,200,200,False,False,True
jev,3,551c45267316bab184bb3f9768c890ecca9a1687464ccdfa0b02f5b9c670bfcf,208,208,-2000.0,200,200,False,False,True
jev,3,551c45267316bab184bb3f9768c890ecca9a1687464ccdfa0b02f5b9c670bfcf,209,209,-2000.0,200,200,False,False,True
jev,3,551c45267316bab184bb3f9768c890ecca9a1687464ccdfa0b02f5b9c670bfcf,211,311,-1991.0,200,199,False,False,True
jev,3,551c45267316bab184bb3f9768c890ecca9a1687464ccdfa0b02f5b9c670bfcf,212,212,-2000.0,200,200,False,False,True
jev,3,551c45267316bab184bb3f9768c890ecca9a1687464ccdfa0b02f5b9c670bfcf,213,213,-2000.0,200,200,False,False,True
jev,3,551c45267316bab184bb3f9768c890ecca9a1687464ccdfa0b02f5b9c670bfcf,214,214,-2000.0,200,200,False,False,True
jev,3,551c45267316bab184bb3f9768c890ecca9a1687464ccdfa0b02f5b9c670bfcf,221,221,-2000.0,200,200,False,False,True
jev,3,551c45267316bab184bb3f9768c890ecca9a1687464ccdfa0b02f5b9c670bfcf,222,222,-2000.0,200,200,False,False,True
jev,3,551c45267316bab184bb3f9768c890ecca9a1687464ccdfa0b02f5b9c670bfcf,223,423,-200.0,200,0,False,False,True
jev,3,551c45267316bab184bb3f9768c890ecca9a1687464ccdfa0b02f5b9c670bfcf,224,224,-2000.0,200,200,False,False,True
jev,3,551c45267316bab184bb3f9768c890ecca9a1687464ccdfa0b02f5b9c670bfcf,226,226,-2000.0,200,200,False,False,True
jev,3,551c45267316bab184bb3f9768c890ecca9a1687464ccdfa0b02f5b9c670bfcf,227,427,-200.0,200,0,False,False,True
jev,3,551c45267316bab184bb3f9768c890ecca9a1687464ccdfa0b02f5b9c670bfcf,228,228,-2000.0,200,200,False,False,True
jev,3,551c45267316bab184bb3f9768c890ecca9a1687464ccdfa0b02f5b9c670bfcf,229,229,-2000.0,200,200,False,False,True
jev,3,551c45267316bab184bb3f9768c890ecca9a1687464ccdfa0b02f5b9c670bfcf,231,431,-200.0,200,0,False,False,True
jev,3,551c45267316bab184bb3f9768c890ecca9a1687464ccdfa0b02f5b9c670bfcf,232,232,-2000.0,200,200,False,False,True
jev,3,551c45267316bab184bb3f9768c890ecca9a1687464ccdfa0b02f5b9c670bfcf,233,233,-2000.0,200,200,False,False,True
jev,3,551c45267316bab184bb3f9768c890ecca9a1687464ccdfa0b02f5b9c670bfcf,234,234,-2000.0,200,200,False,False,True
jev,3,551c45267316bab184bb3f9768c890ecca9a1687464ccdfa0b02f5b9c670bfcf,241,221,-1991.0,200,199,False,False,True
jev,3,551c45267316bab184bb3f9768c890ecca9a1687464ccdfa0b02f5b9c670bfcf,242,222,-1991.0,200,199,False,False,True
jev,3,551c45267316bab184bb3f9768c890ecca9a1687464ccdfa0b02f5b9c670bfcf,243,423,-200.0,200,0,False,False,True
jev,3,551c45267316bab184bb3f9768c890ecca9a1687464ccdfa0b02f5b9c670bfcf,244,224,-1991.0,200,199,False,False,True
jev,3,551c45267316bab184bb3f9768c890ecca9a1687464ccdfa0b02f5b9c670bfcf,246,226,-1991.0,200,199,False,False,True
jev,3,551c45267316bab184bb3f9768c890ecca9a1687464ccdfa0b02f5b9c670bfcf,247,427,-200.0,200,0,False,False,True
jev,3,551c45267316bab184bb3f9768c890ecca9a1687464ccdfa0b02f5b9c670bfcf,248,228,-1991.0,200,199,False,False,True
jev,3,551c45267316bab184bb3f9768c890ecca9a1687464ccdfa0b02f5b9c670bfcf,249,229,-1991.0,200,199,False,False,True
jev,3,551c45267316bab184bb3f9768c890ecca9a1687464ccdfa0b02f5b9c670bfcf,251,431,-200.0,200,0,False,False,True
jev,3,551c45267316bab184bb3f9768c890ecca9a1687464ccdfa0b02f5b9c670bfcf,252,232,-1991.0,200,199,False,False,True
jev,3,551c45267316bab184bb3f9768c890ecca9a1687464ccdfa0b02f5b9c670bfcf,253,233,-1991.0,200,199,False,False,True
jev,3,551c45267316bab184bb3f9768c890ecca9a1687464ccdfa0b02f5b9c670bfcf,254,234,-1991.0,200,199,False,False,True
jev,3,551c45267316bab184bb3f9768c890ecca9a1687464ccdfa0b02f5b9c670bfcf,261,221,-1982.0,200,198,False,False,True
jev,3,551c45267316bab184bb3f9768c890ecca9a1687464ccdfa0b02f5b9c670bfcf,262,222,-1982.0,200,198,False,False,True
jev,3,551c45267316bab184bb3f9768c890ecca9a1687464ccdfa0b02f5b9c670bfcf,263,423,-200.0,200,0,False,False,True
jev,3,551c45267316bab184bb3f9768c890ecca9a1687464ccdfa0b02f5b9c670bfcf,264,264,-2000.0,200,200,False,False,True
jev,3,551c45267316bab184bb3f9768c890ecca9a1687464ccdfa0b02f5b9c670bfcf,266,226,-1982.0,200,198,False,False,True
jev,3,551c45267316bab184bb3f9768c890ecca9a1687464ccdfa0b02f5b9c670bfcf,267,267,-2000.0,200,200,False,False,True
jev,3,551c45267316bab184bb3f9768c890ecca9a1687464ccdfa0b02f5b9c670bfcf,268,228,-1982.0,200,198,False,False,True
jev,3,551c45267316bab184bb3f9768c890ecca9a1687464ccdfa0b02f5b9c670bfcf,269,229,-1982.0,200,198,False,False,True
jev,3,551c45267316bab184bb3f9768c890ecca9a1687464ccdfa0b02f5b9c670bfcf,271,271,-2000.0,200,200,False,False,True
jev,3,551c45267316bab184bb3f9768c890ecca9a1687464ccdfa0b02f5b9c670bfcf,272,232,-1982.0,200,198,False,False,True
jev,3,551c45267316bab184bb3f9768c890ecca9a1687464ccdfa0b02f5b9c670bfcf,273,233,-1982.0,200,198,False,False,True
jev,3,551c45267316bab184bb3f9768c890ecca9a1687464ccdfa0b02f5b9c670bfcf,274,234,-1982.0,200,198,False,False,True
jev,3,551c45267316bab184bb3f9768c890ecca9a1687464ccdfa0b02f5b9c670bfcf,281,221,-1973.0,200,197,False,False,True
jev,3,551c45267316bab184bb3f9768c890ecca9a1687464ccdfa0b02f5b9c670bfcf,282,282,-2000.0,200,200,False,False,True
jev,3,551c45267316bab184bb3f9768c890ecca9a1687464ccdfa0b02f5b9c670bfcf,283,423,-200.0,200,0,False,False,True
jev,3,551c45267316bab184bb3f9768c890ecca9a1687464ccdfa0b02f5b9c670bfcf,284,284,-2000.0,200,200,False,False,True
jev,3,551c45267316bab184bb3f9768c890ecca9a1687464ccdfa0b02f5b9c670bfcf,286,286,-2000.0,200,200,False,False,True
jev,3,551c45267316bab184bb3f9768c890ecca9a1687464ccdfa0b02f5b9c670bfcf,287,287,-2000.0,200,200,False,False,True
jev,3,551c45267316bab184bb3f9768c890ecca9a1687464ccdfa0b02f5b9c670bfcf,288,288,-2000.0,200,200,False,False,True
jev,3,551c45267316bab184bb3f9768c890ecca9a1687464ccdfa0b02f5b9c670bfcf,289,289,-2000.0,200,200,False,False,True
jev,3,551c45267316bab184bb3f9768c890ecca9a1687464ccdfa0b02f5b9c670bfcf,291,391,-1991.0,200,199,False,False,True
jev,3,551c45267316bab184bb3f9768c890ecca9a1687464ccdfa0b02f5b9c670bfcf,292,292,-2000.0,200,200,False,False,True
jev,3,551c45267316bab184bb3f9768c890ecca9a1687464ccdfa0b02f5b9c670bfcf,293,293,-2000.0,200,200,False,False,True
jev,3,551c45267316bab184bb3f9768c890ecca9a1687464ccdfa0b02f5b9c670bfcf,294,294,-2000.0,200,200,False,False,True
jev,3,551c45267316bab184bb3f9768c890ecca9a1687464ccdfa0b02f5b9c670bfcf,301,301,-2000.0,200,200,False,False,True
jev,3,551c45267316bab184bb3f9768c890ecca9a1687464ccdfa0b02f5b9c670bfcf,302,302,-2000.0,200,200,False,False,True
jev,3,551c45267316bab184bb3f9768c890ecca9a1687464ccdfa0b02f5b9c670bfcf,303,403,-200.0,200,0,False,False,True
jev,3,551c45267316bab184bb3f9768c890ecca9a1687464ccdfa0b02f5b9c670bfcf,304,304,-2000.0,200,200,False,False,True
jev,3,551c45267316bab184bb3f9768c890ecca9a1687464ccdfa0b02f5b9c670bfcf,306,306,-2000.0,200,200,False,False,True
jev,3,551c45267316bab184bb3f9768c890ecca9a1687464ccdfa0b02f5b9c670bfcf,307,307,-2000.0,200,200,False,False,True
jev,3,551c45267316bab184bb3f9768c890ecca9a1687464ccdfa0b02f5b9c670bfcf,308,308,-2000.0,200,200,False,False,True
jev,3,551c45267316bab184bb3f9768c890ecca9a1687464ccdfa0b02f5b9c670bfcf,309,309,-2000.0,200,200,False,False,True
jev,3,551c45267316bab184bb3f9768c890ecca9a1687464ccdfa0b02f5b9c670bfcf,311,311,-2000.0,200,200,False,False,True
jev,3,551c45267316bab184bb3f9768c890ecca9a1687464ccdfa0b02f5b9c670bfcf,312,312,-2000.0,200,200,False,False,True
jev,3,551c45267316bab184bb3f9768c890ecca9a1687464ccdfa0b02f5b9c670bfcf,313,313,-2000.0,200,200,False,False,True
jev,3,551c45267316bab184bb3f9768c890ecca9a1687464ccdfa0b02f5b9c670bfcf,314,314,-2000.0,200,200,False,False,True
jev,3,551c45267316bab184bb3f9768c890ecca9a1687464ccdfa0b02f5b9c670bfcf,321,321,-2000.0,200,200,False,False,True
jev,3,551c45267316bab184bb3f9768c890ecca9a1687464ccdfa0b02f5b9c670bfcf,322,422,-200.0,200,0,False,False,True
jev,3,551c45267316bab184bb3f9768c890ecca9a1687464ccdfa0b02f5b9c670bfcf,323,423,-200.0,200,0,False,False,True
jev,3,551c45267316bab184bb3f9768c890ecca9a1687464ccdfa0b02f5b9c670bfcf,324,324,-2000.0,200,200,False,False,True
jev,3,551c45267316bab184bb3f9768c890ecca9a1687464ccdfa0b02f5b9c670bfcf,326,426,-200.0,200,0,False,False,True
jev,3,551c45267316bab184bb3f9768c890ecca9a1687464ccdfa0b02f5b9c670bfcf,327,427,-200.0,200,0,False,False,True
jev,3,551c45267316bab184bb3f9768c890ecca9a1687464ccdfa0b02f5b9c670bfcf,328,328,-2000.0,200,200,False,False,True
jev,3,551c45267316bab184bb3f9768c890ecca9a1687464ccdfa0b02f5b9c670bfcf,329,329,-2000.0,200,200,False,False,True
jev,3,551c45267316bab184bb3f9768c890ecca9a1687464ccdfa0b02f5b9c670bfcf,331,431,-200.0,200,0,False,False,True
jev,3,551c45267316bab184bb3f9768c890ecca9a1687464ccdfa0b02f5b9c670bfcf,332,332,-2000.0,200,200,False,False,True
jev,3,551c45267316bab184bb3f9768c890ecca9a1687464ccdfa0b02f5b9c670bfcf,333,333,-2000.0,200,200,False,False,True
jev,3,551c45267316bab184bb3f9768c890ecca9a1687464ccdfa0b02f5b9c670bfcf,334,434,-200.0,200,0,False,False,True
jev,3,551c45267316bab184bb3f9768c890ecca9a1687464ccdfa0b02f5b9c670bfcf,341,321,-1991.0,200,199,False,False,True
jev,3,551c45267316bab184bb3f9768c890ecca9a1687464ccdfa0b02f5b9c670bfcf,342,422,-200.0,200,0,False,False,True
jev,3,551c45267316bab184bb3f9768c890ecca9a1687464ccdfa0b02f5b9c670bfcf,343,423,-200.0,200,0,False,False,True
jev,3,551c45267316bab184bb3f9768c890ecca9a1687464ccdfa0b02f5b9c670bfcf,344,344,-2000.0,200,200,False,False,True
jev,3,551c45267316bab184bb3f9768c890ecca9a1687464ccdfa0b02f5b9c670bfcf,346,346,-2000.0,200,200,False,False,True
jev,3,551c45267316bab184bb3f9768c890ecca9a1687464ccdfa0b02f5b9c670bfcf,347,347,-2000.0,200,200,False,False,True
jev,3,551c45267316bab184bb3f9768c890ecca9a1687464ccdfa0b02f5b9c670bfcf,348,348,-2000.0,200,200,False,False,True
jev,3,551c45267316bab184bb3f9768c890ecca9a1687464ccdfa0b02f5b9c670bfcf,349,349,-2000.0,200,200,False,False,True
jev,3,551c45267316bab184bb3f9768c890ecca9a1687464ccdfa0b02f5b9c670bfcf,351,351,-2000.0,200,200,False,False,True
jev,3,551c45267316bab184bb3f9768c890ecca9a1687464ccdfa0b02f5b9c670bfcf,352,332,-1991.0,200,199,False,False,True
jev,3,551c45267316bab184bb3f9768c890ecca9a1687464ccdfa0b02f5b9c670bfcf,353,333,-1991.0,200,199,False,False,True
jev,3,551c45267316bab184bb3f9768c890ecca9a1687464ccdfa0b02f5b9c670bfcf,354,434,-200.0,200,0,False,False,True
jev,3,551c45267316bab184bb3f9768c890ecca9a1687464ccdfa0b02f5b9c670bfcf,361,361,-200.0,200,0,False,False,True
jev,3,551c45267316bab184bb3f9768c890ecca9a1687464ccdfa0b02f5b9c670bfcf,362,362,-200.0,200,0,False,False,True
jev,3,551c45267316bab184bb3f9768c890ecca9a1687464ccdfa0b02f5b9c670bfcf,363,363,-2000.0,200,200,False,False,True
jev,3,551c45267316bab184bb3f9768c890ecca9a1687464ccdfa0b02f5b9c670bfcf,364,364,-2000.0,200,200,False,False,True
jev,3,551c45267316bab184bb3f9768c890ecca9a1687464ccdfa0b02f5b9c670bfcf,366,366,-2000.0,200,200,False,False,True
jev,3,551c45267316bab184bb3f9768c890ecca9a1687464ccdfa0b02f5b9c670bfcf,367,367,-2000.0,200,200,False,False,True
jev,3,551c45267316bab184bb3f9768c890ecca9a1687464ccdfa0b02f5b9c670bfcf,368,368,-2000.0,200,200,False,False,True
jev,3,551c45267316bab184bb3f9768c890ecca9a1687464ccdfa0b02f5b9c670bfcf,369,369,-2000.0,200,200,False,False,True
jev,3,551c45267316bab184bb3f9768c890ecca9a1687464ccdfa0b02f5b9c670bfcf,371,371,-2000.0,200,200,False,False,True
jev,3,551c45267316bab184bb3f9768c890ecca9a1687464ccdfa0b02f5b9c670bfcf,372,372,-2000.0,200,200,False,False,True
jev,3,551c45267316bab184bb3f9768c890ecca9a1687464ccdfa0b02f5b9c670bfcf,373,373,-2000.0,200,200,False,False,True
jev,3,551c45267316bab184bb3f9768c890ecca9a1687464ccdfa0b02f5b9c670bfcf,374,374,-2000.0,200,200,False,False,True
jev,3,551c45267316bab184bb3f9768c890ecca9a1687464ccdfa0b02f5b9c670bfcf,381,381,-2000.0,200,200,False,False,True
jev,3,551c45267316bab184bb3f9768c890ecca9a1687464ccdfa0b02f5b9c670bfcf,382,382,-2000.0,200,200,False,False,True
jev,3,551c45267316bab184bb3f9768c890ecca9a1687464ccdfa0b02f5b9c670bfcf,383,383,-2000.0,200,200,False,False,True
jev,3,551c45267316bab184bb3f9768c890ecca9a1687464ccdfa0b02f5b9c670bfcf,384,384,-2000.0,200,200,False,False,True
jev,3,551c45267316bab184bb3f9768c890ecca9a1687464ccdfa0b02f5b9c670bfcf,386,386,-2000.0,200,200,False,False,True
jev,3,551c45267316bab184bb3f9768c890ecca9a1687464ccdfa0b02f5b9c670bfcf,387,387,-2000.0,200,200,False,False,True
jev,3,551c45267316bab184bb3f9768c890ecca9a1687464ccdfa0b02f5b9c670bfcf,388,388,-2000.0,200,200,False,False,True
jev,3,551c45267316bab184bb3f9768c890ecca9a1687464ccdfa0b02f5b9c670bfcf,389,389,-2000.0,200,200,False,False,True
jev,3,551c45267316bab184bb3f9768c890ecca9a1687464ccdfa0b02f5b9c670bfcf,391,391,-2000.0,200,200,False,False,True
jev,3,551c45267316bab184bb3f9768c890ecca9a1687464ccdfa0b02f5b9c670bfcf,392,392,-2000.0,200,200,False,False,True
jev,3,551c45267316bab184bb3f9768c890ecca9a1687464ccdfa0b02f5b9c670bfcf,393,393,-2000.0,200,200,False,False,True
jev,3,551c45267316bab184bb3f9768c890ecca9a1687464ccdfa0b02f5b9c670bfcf,394,394,-2000.0,200,200,False,False,True
jev,3,551c45267316bab184bb3f9768c890ecca9a1687464ccdfa0b02f5b9c670bfcf,401,401,-200.0,200,0,False,False,True
jev,3,551c45267316bab184bb3f9768c890ecca9a1687464ccdfa0b02f5b9c670bfcf,402,402,-200.0,200,0,False,False,True
jev,3,551c45267316bab184bb3f9768c890ecca9a1687464ccdfa0b02f5b9c670bfcf,403,403,-200.0,200,0,False,False,True
jev,3,551c45267316bab184bb3f9768c890ecca9a1687464ccdfa0b02f5b9c670bfcf,404,404,-200.0,200,0,False,False,True
jev,3,551c45267316bab184bb3f9768c890ecca9a1687464ccdfa0b02f5b9c670bfcf,406,406,-200.0,200,0,False,False,True
jev,3,551c45267316bab184bb3f9768c890ecca9a1687464ccdfa0b02f5b9c670bfcf,407,407,-200.0,200,0,False,False,True
jev,3,551c45267316bab184bb3f9768c890ecca9a1687464ccdfa0b02f5b9c670bfcf,408,408,-200.0,200,0,False,False,True
jev,3,551c45267316bab184bb3f9768c890ecca9a1687464ccdfa0b02f5b9c670bfcf,409,409,-200.0,200,0,False,False,True
jev,3,551c45267316bab184bb3f9768c890ecca9a1687464ccdfa0b02f5b9c670bfcf,411,411,-200.0,200,0,False,False,True
jev,3,551c45267316bab184bb3f9768c890ecca9a1687464ccdfa0b02f5b9c670bfcf,412,412,-200.0,200,0,False,False,True
jev,3,551c45267316bab184bb3f9768c890ecca9a1687464ccdfa0b02f5b9c670bfcf,413,413,-200.0,200,0,False,False,True
jev,3,551c45267316bab184bb3f9768c890ecca9a1687464ccdfa0b02f5b9c670bfcf,414,414,-200.0,200,0,False,False,True
jev,3,551c45267316bab184bb3f9768c890ecca9a1687464ccdfa0b02f5b9c670bfcf,421,421,-200.0,200,0,False,False,True
jev,3,551c45267316bab184bb3f9768c890ecca9a1687464ccdfa0b02f5b9c670bfcf,422,422,-200.0,200,0,False,False,True
jev,3,551c45267316bab184bb3f9768c890ecca9a1687464ccdfa0b02f5b9c670bfcf,423,423,-200.0,200,0,False,False,True
jev,3,551c45267316bab184bb3f9768c890ecca9a1687464ccdfa0b02f5b9c670bfcf,424,424,-200.0,200,0,False,False,True
jev,3,551c45267316bab184bb3f9768c890ecca9a1687464ccdfa0b02f5b9c670bfcf,426,426,-200.0,200,0,False,False,True
jev,3,551c45267316bab184bb3f9768c890ecca9a1687464ccdfa0b02f5b9c670bfcf,427,427,-200.0,200,0,False,False,True
jev,3,551c45267316bab184bb3f9768c890ecca9a1687464ccdfa0b02f5b9c670bfcf,428,428,-200.0,200,0,False,False,True
jev,3,551c45267316bab184bb3f9768c890ecca9a1687464ccdfa0b02f5b9c670bfcf,429,429,-200.0,200,0,False,False,True
jev,3,551c45267316bab184bb3f9768c890ecca9a1687464ccdfa0b02f5b9c670bfcf,431,431,-200.0,200,0,False,False,True
jev,3,551c45267316bab184bb3f9768c890ecca9a1687464ccdfa0b02f5b9c670bfcf,432,432,-200.0,200,0,False,False,True
jev,3,551c45267316bab184bb3f9768c890ecca9a1687464ccdfa0b02f5b9c670bfcf,433,433,-200.0,200,0,False,False,True
jev,3,551c45267316bab184bb3f9768c890ecca9a1687464ccdfa0b02f5b9c670bfcf,434,434,-200.0,200,0,False,False,True
jev,3,551c45267316bab184bb3f9768c890ecca9a1687464ccdfa0b02f5b9c670bfcf,441,421,-200.0,200,0,False,False,True
jev,3,551c45267316bab184bb3f9768c890ecca9a1687464ccdfa0b02f5b9c670bfcf,442,422,-200.0,200,0,False,False,True
jev,3,551c45267316bab184bb3f9768c890ecca9a1687464ccdfa0b02f5b9c670bfcf,443,423,-200.0,200,0,False,False,True
jev,3,551c45267316bab184bb3f9768c890ecca9a1687464ccdfa0b02f5b9c670bfcf,444,424,-200.0,200,0,False,False,True
jev,3,551c45267316bab184bb3f9768c890ecca9a1687464ccdfa0b02f5b9c670bfcf,446,426,-200.0,200,0,False,False,True
jev,3,551c45267316bab184bb3f9768c890ecca9a1687464ccdfa0b02f5b9c670bfcf,447,427,-200.0,200,0,False,False,True
jev,3,551c45267316bab184bb3f9768c890ecca9a1687464ccdfa0b02f5b9c670bfcf,448,428,-200.0,200,0,False,False,True
jev,3,551c45267316bab184bb3f9768c890ecca9a1687464ccdfa0b02f5b9c670bfcf,449,429,-200.0,200,0,False,False,True
jev,3,551c45267316bab184bb3f9768c890ecca9a1687464ccdfa0b02f5b9c670bfcf,451,451,-200.0,200,0,False,False,True
jev,3,551c45267316bab184bb3f9768c890ecca9a1687464ccdfa0b02f5b9c670bfcf,452,432,-200.0,200,0,False,False,True
jev,3,551c45267316bab184bb3f9768c890ecca9a1687464ccdfa0b02f5b9c670bfcf,453,433,-200.0,200,0,False,False,True
jev,3,551c45267316bab184bb3f9768c890ecca9a1687464ccdfa0b02f5b9c670bfcf,454,434,-200.0,200,0,False,False,True
jev,3,551c45267316bab184bb3f9768c890ecca9a1687464ccdfa0b02f5b9c670bfcf,461,461,-200.0,200,0,False,False,True
jev,3,551c45267316bab184bb3f9768c890ecca9a1687464ccdfa0b02f5b9c670bfcf,462,462,-200.0,200,0,False,False,True
jev,3,551c45267316bab184bb3f9768c890ecca9a1687464ccdfa0b02f5b9c670bfcf,463,463,-200.0,200,0,False,False,True
jev,3,551c45267316bab184bb3f9768c890ecca9a1687464ccdfa0b02f5b9c670bfcf,464,464,-200.0,200,0,False,False,True
jev,3,551c45267316bab184bb3f9768c890ecca9a1687464ccdfa0b02f5b9c670bfcf,466,466,-200.0,200,0,False,False,True
jev,3,551c45267316bab184bb3f9768c890ecca9a1687464ccdfa0b02f5b9c670bfcf,467,467,-200.0,200,0,False,False,True
jev,3,551c45267316bab184bb3f9768c890ecca9a1687464ccdfa0b02f5b9c670bfcf,468,468,-200.0,200,0,False,False,True
jev,3,551c45267316bab184bb3f9768c890ecca9a1687464ccdfa0b02f5b9c670bfcf,469,469,-200.0,200,0,False,False,True
jev,3,551c45267316bab184bb3f9768c890ecca9a1687464ccdfa0b02f5b9c670bfcf,471,471,-200.0,200,0,False,False,True
jev,3,551c45267316bab184bb3f9768c890ecca9a1687464ccdfa0b02f5b9c670bfcf,472,472,-200.0,200,0,False,False,True
jev,3,551c45267316bab184bb3f9768c890ecca9a1687464ccdfa0b02f5b9c670bfcf,473,473,-200.0,200,0,False,False,True
jev,3,551c45267316bab184bb3f9768c890ecca9a1687464ccdfa0b02f5b9c670bfcf,474,474,-200.0,200,0,False,False,True
jev,3,551c45267316bab184bb3f9768c890ecca9a1687464ccdfa0b02f5b9c670bfcf,481,481,-200.0,200,0,False,False,True
jev,3,551c45267316bab184bb3f9768c890ecca9a1687464ccdfa0b02f5b9c670bfcf,482,482,-200.0,200,0,False,False,True
jev,3,551c45267316bab184bb3f9768c890ecca9a1687464ccdfa0b02f5b9c670bfcf,483,483,-200.0,200,0,False,False,True
jev,3,551c45267316bab184bb3f9768c890ecca9a1687464ccdfa0b02f5b9c670bfcf,484,484,-200.0,200,0,False,False,True
jev,3,551c45267316bab184bb3f9768c890ecca9a1687464ccdfa0b02f5b9c670bfcf,486,486,-200.0,200,0,False,False,True
jev,3,551c45267316bab184bb3f9768c890ecca9a1687464ccdfa0b02f5b9c670bfcf,487,487,-200.0,200,0,False,False,True
jev,3,551c45267316bab184bb3f9768c890ecca9a1687464ccdfa0b02f5b9c670bfcf,488,488,-200.0,200,0,False,False,True
jev,3,551c45267316bab184bb3f9768c890ecca9a1687464ccdfa0b02f5b9c670bfcf,489,469,-200.0,200,0,False,False,True
jev,3,551c45267316bab184bb3f9768c890ecca9a1687464ccdfa0b02f5b9c670bfcf,491,491,-200.0,200,0,False,False,True
jev,3,551c45267316bab184bb3f9768c890ecca9a1687464ccdfa0b02f5b9c670bfcf,492,492,-200.0,200,0,False,False,True
jev,3,551c45267316bab184bb3f9768c890ecca9a1687464ccdfa0b02f5b9c670bfcf,493,493,-200.0,200,0,False,False,True
jev,3,551c45267316bab184bb3f9768c890ecca9a1687464ccdfa0b02f5b9c670bfcf,494,494,-200.0,200,0,False,False,True
jev,4,72157fc7b5d8f525f534b5e42530003e30f7103ffec6951f6b71e15caee9d951,1,1,-200.0,200,0,False,False,True
jev,4,72157fc7b5d8f525f534b5e42530003e30f7103ffec6951f6b71e15caee9d951,2,2,-200.0,200,0,False,False,True
jev,4,72157fc7b5d8f525f534b5e42530003e30f7103ffec6951f6b71e15caee9d951,3,3,-200.0,200,0,False,False,True
jev,4,72157fc7b5d8f525f534b5e42530003e30f7103ffec6951f6b71e15caee9d951,4,4,-200.0,200,0,False,False,True
jev,4,72157fc7b5d8f525f534b5e42530003e30f7103ffec6951f6b71e15caee9d951,6,6,-200.0,200,0,False,False,True
jev,4,72157fc7b5d8f525f534b5e42530003e30f7103ffec6951f6b71e15caee9d951,7,7,-200.0,200,0,False,False,True
jev,4,72157fc7b5d8f525f534b5e42530003e30f7103ffec6951f6b71e15caee9d951,8,8,-2000.0,200,200,False,False,True
jev,4,72157fc7b5d8f525f534b5e42530003e30f7103ffec6951f6b71e15caee9d951,9,9,-200.0,200,0,False,False,True
jev,4,72157fc7b5d8f525f534b5e42530003e30f7103ffec6951f6b71e15caee9d951,11,11,-200.0,200,0,False,False,True
jev,4,72157fc7b5d8f525f534b5e42530003e30f7103ffec6951f6b71e15caee9d951,12,12,-2000.0,200,200,False,False,True
jev,4,72157fc7b5d8f525f534b5e42530003e30f7103ffec6951f6b71e15caee9d951,13,13,-200.0,200,0,False,False,True
jev,4,72157fc7b5d8f525f534b5e42530003e30f7103ffec6951f6b71e15caee9d951,14,14,-200.0,200,0,False,False,True
jev,4,72157fc7b5d8f525f534b5e42530003e30f7103ffec6951f6b71e15caee9d951,21,21,-200.0,200,0,False,False,True
jev,4,72157fc7b5d8f525f534b5e42530003e30f7103ffec6951f6b71e15caee9d951,22,22,-200.0,200,0,False,False,True
jev,4,72157fc7b5d8f525f534b5e42530003e30f7103ffec6951f6b71e15caee9d951,23,23,-200.0,200,0,False,False,True
jev,4,72157fc7b5d8f525f534b5e42530003e30f7103ffec6951f6b71e15caee9d951,24,24,-200.0,200,0,False,False,True
jev,4,72157fc7b5d8f525f534b5e42530003e30f7103ffec6951f6b71e15caee9d951,26,26,-200.0,200,0,False,False,True
jev,4,72157fc7b5d8f525f534b5e42530003e30f7103ffec6951f6b71e15caee9d951,27,27,-200.0,200,0,False,False,True
jev,4,72157fc7b5d8f525f534b5e42530003e30f7103ffec6951f6b71e15caee9d951,28,28,-2000.0,200,200,False,False,True
jev,4,72157fc7b5d8f525f534b5e42530003e30f7103ffec6951f6b71e15caee9d951,29,29,-200.0,200,0,False,False,True
jev,4,72157fc7b5d8f525f534b5e42530003e30f7103ffec6951f6b71e15caee9d951,31,31,-200.0,200,0,False,False,True
jev,4,72157fc7b5d8f525f534b5e42530003e30f7103ffec6951f6b71e15caee9d951,32,32,-2000.0,200,200,False,False,True
jev,4,72157fc7b5d8f525f534b5e42530003e30f7103ffec6951f6b71e15caee9d951,33,33,-200.0,200,0,False,False,True
jev,4,72157fc7b5d8f525f534b5e42530003e30f7103ffec6951f6b71e15caee9d951,34,34,-200.0,200,0,False,False,True
jev,4,72157fc7b5d8f525f534b5e42530003e30f7103ffec6951f6b71e15caee9d951,41,41,-200.0,200,0,False,False,True
jev,4,72157fc7b5d8f525f534b5e42530003e30f7103ffec6951f6b71e15caee9d951,42,42,-200.0,200,0,False,False,True
jev,4,72157fc7b5d8f525f534b5e42530003e30f7103ffec6951f6b71e15caee9d951,43,43,-200.0,200,0,False,False,True
jev,4,72157fc7b5d8f525f534b5e42530003e30f7103ffec6951f6b71e15caee9d951,44,44,-200.0,200,0,False,False,True
jev,4,72157fc7b5d8f525f534b5e42530003e30f7103ffec6951f6b71e15caee9d951,46,46,-200.0,200,0,False,False,True
jev,4,72157fc7b5d8f525f534b5e42530003e30f7103ffec6951f6b71e15caee9d951,47,47,-200.0,200,0,False,False,True
jev,4,72157fc7b5d8f525f534b5e42530003e30f7103ffec6951f6b71e15caee9d951,48,48,-2000.0,200,200,False,False,True
jev,4,72157fc7b5d8f525f534b5e42530003e30f7103ffec6951f6b71e15caee9d951,49,49,-200.0,200,0,False,False,True
jev,4,72157fc7b5d8f525f534b5e42530003e30f7103ffec6951f6b71e15caee9d951,51,51,-200.0,200,0,False,False,True
jev,4,72157fc7b5d8f525f534b5e42530003e30f7103ffec6951f6b71e15caee9d951,52,52,-200.0,200,0,False,False,True
jev,4,72157fc7b5d8f525f534b5e42530003e30f7103ffec6951f6b71e15caee9d951,53,53,-200.0,200,0,False,False,True
jev,4,72157fc7b5d8f525f534b5e42530003e30f7103ffec6951f6b71e15caee9d951,54,54,-200.0,200,0,False,False,True
jev,4,72157fc7b5d8f525f534b5e42530003e30f7103ffec6951f6b71e15caee9d951,61,41,-200.0,200,0,False,False,True
jev,4,72157fc7b5d8f525f534b5e42530003e30f7103ffec6951f6b71e15caee9d951,62,42,-200.0,200,0,False,False,True
jev,4,72157fc7b5d8f525f534b5e42530003e30f7103ffec6951f6b71e15caee9d951,63,63,-200.0,200,0,False,False,True
jev,4,72157fc7b5d8f525f534b5e42530003e30f7103ffec6951f6b71e15caee9d951,64,44,-200.0,200,0,False,False,True
jev,4,72157fc7b5d8f525f534b5e42530003e30f7103ffec6951f6b71e15caee9d951,66,46,-200.0,200,0,False,False,True
jev,4,72157fc7b5d8f525f534b5e42530003e30f7103ffec6951f6b71e15caee9d951,67,67,-200.0,200,0,False,False,True
jev,4,72157fc7b5d8f525f534b5e42530003e30f7103ffec6951f6b71e15caee9d951,68,68,-2000.0,200,200,False,False,True
jev,4,72157fc7b5d8f525f534b5e42530003e30f7103ffec6951f6b71e15caee9d951,69,49,-200.0,200,0,False,False,True
jev,4,72157fc7b5d8f525f534b5e42530003e30f7103ffec6951f6b71e15caee9d951,71,71,-2000.0,200,200,False,False,True
jev,4,72157fc7b5d8f525f534b5e42530003e30f7103ffec6951f6b71e15caee9d951,72,72,-2000.0,200,200,False,False,True
jev,4,72157fc7b5d8f525f534b5e42530003e30f7103ffec6951f6b71e15caee9d951,73,73,-200.0,200,0,False,False,True
jev,4,72157fc7b5d8f525f534b5e42530003e30f7103ffec6951f6b71e15caee9d951,74,54,-200.0,200,0,False,False,True
jev,4,72157fc7b5d8f525f534b5e42530003e30f7103ffec6951f6b71e15caee9d951,81,81,-200.0,200,0,False,False,True
jev,4,72157fc7b5d8f525f534b5e42530003e30f7103ffec6951f6b71e15caee9d951,82,82,-200.0,200,0,False,False,True
jev,4,72157fc7b5d8f525f534b5e42530003e30f7103ffec6951f6b71e15caee9d951,83,83,-200.0,200,0,False,False,True
jev,4,72157fc7b5d8f525f534b5e42530003e30f7103ffec6951f6b71e15caee9d951,84,84,-200.0,200,0,False,False,True
jev,4,72157fc7b5d8f525f534b5e42530003e30f7103ffec6951f6b71e15caee9d951,86,86,-200.0,200,0,False,False,True
jev,4,72157fc7b5d8f525f534b5e42530003e30f7103ffec6951f6b71e15caee9d951,87,87,-200.0,200,0,False,False,True
jev,4,72157fc7b5d8f525f534b5e42530003e30f7103ffec6951f6b71e15caee9d951,88,88,-2000.0,200,200,False,False,True
jev,4,72157fc7b5d8f525f534b5e42530003e30f7103ffec6951f6b71e15caee9d951,89,89,-200.0,200,0,False,False,True
jev,4,72157fc7b5d8f525f534b5e42530003e30f7103ffec6951f6b71e15caee9d951,91,91,-200.0,200,0,False,False,True
jev,4,72157fc7b5d8f525f534b5e42530003e30f7103ffec6951f6b71e15caee9d951,92,92,-200.0,200,0,False,False,True
jev,4,72157fc7b5d8f525f534b5e42530003e30f7103ffec6951f6b71e15caee9d951,93,93,-200.0,200,0,False,False,True
jev,4,72157fc7b5d8f525f534b5e42530003e30f7103ffec6951f6b71e15caee9d951,94,94,-200.0,200,0,False,False,True
jev,4,72157fc7b5d8f525f534b5e42530003e30f7103ffec6951f6b71e15caee9d951,101,1,-200.0,200,0,False,False,True
jev,4,72157fc7b5d8f525f534b5e42530003e30f7103ffec6951f6b71e15caee9d951,102,2,-200.0,200,0,False,False,True
jev,4,72157fc7b5d8f525f534b5e42530003e30f7103ffec6951f6b71e15caee9d951,103,3,-200.0,200,0,False,False,True
jev,4,72157fc7b5d8f525f534b5e42530003e30f7103ffec6951f6b71e15caee9d951,104,4,-200.0,200,0,False,False,True
jev,4,72157fc7b5d8f525f534b5e42530003e30f7103ffec6951f6b71e15caee9d951,106,6,-200.0,200,0,False,False,True
jev,4,72157fc7b5d8f525f534b5e42530003e30f7103ffec6951f6b71e15caee9d951,107,7,-200.0,200,0,False,False,True
jev,4,72157fc7b5d8f525f534b5e42530003e30f7103ffec6951f6b71e15caee9d951,108,108,-2000.0,200,200,False,False,True
jev,4,72157fc7b5d8f525f534b5e42530003e30f7103ffec6951f6b71e15caee9d951,109,9,-200.0,200,0,False,False,True
jev,4,72157fc7b5d8f525f534b5e42530003e30f7103ffec6951f6b71e15caee9d951,111,11,-200.0,200,0,False,False,True
jev,4,72157fc7b5d8f525f534b5e42530003e30f7103ffec6951f6b71e15caee9d951,112,112,-2000.0,200,200,False,False,True
jev,4,72157fc7b5d8f525f534b5e42530003e30f7103ffec6951f6b71e15caee9d951,113,13,-200.0,200,0,False,False,True
jev,4,72157fc7b5d8f525f534b5e42530003e30f7103ffec6951f6b71e15caee9d951,114,14,-200.0,200,0,False,False,True
jev,4,72157fc7b5d8f525f534b5e42530003e30f7103ffec6951f6b71e15caee9d951,121,21,-200.0,200,0,False,False,True
jev,4,72157fc7b5d8f525f534b5e42530003e30f7103ffec6951f6b71e15caee9d951,122,22,-200.0,200,0,False,False,True
jev,4,72157fc7b5d8f525f534b5e42530003e30f7103ffec6951f6b71e15caee9d951,123,23,-200.0,200,0,False,False,True
jev,4,72157fc7b5d8f525f534b5e42530003e30f7103ffec6951f6b71e15caee9d951,124,124,-2000.0,200,200,False,False,True
jev,4,72157fc7b5d8f525f534b5e42530003e30f7103ffec6951f6b71e15caee9d951,126,26,-200.0,200,0,False,False,True
jev,4,72157fc7b5d8f525f534b5e42530003e30f7103ffec6951f6b71e15caee9d951,127,27,-200.0,200,0,False,False,True
jev,4,72157fc7b5d8f525f534b5e42530003e30f7103ffec6951f6b71e15caee9d951,128,128,-2000.0,200,200,False,False,True
jev,4,72157fc7b5d8f525f534b5e42530003e30f7103ffec6951f6b71e15caee9d951,129,29,-200.0,200,0,False,False,True
jev,4,72157fc7b5d8f525f534b5e42530003e30f7103ffec6951f6b71e15caee9d951,131,31,-200.0,200,0,False,False,True
jev,4,72157fc7b5d8f525f534b5e42530003e30f7103ffec6951f6b71e15caee9d951,132,132,-2000.0,200,200,False,False,True
jev,4,72157fc7b5d8f525f534b5e42530003e30f7103ffec6951f6b71e15caee9d951,133,33,-200.0,200,0,False,False,True
jev,4,72157fc7b5d8f525f534b5e42530003e30f7103ffec6951f6b71e15caee9d951,134,34,-200.0,200,0,False,False,True
jev,4,72157fc7b5d8f525f534b5e42530003e30f7103ffec6951f6b71e15caee9d951,141,41,-200.0,200,0,False,False,True
jev,4,72157fc7b5d8f525f534b5e42530003e30f7103ffec6951f6b71e15caee9d951,142,42,-200.0,200,0,False,False,True
jev,4,72157fc7b5d8f525f534b5e42530003e30f7103ffec6951f6b71e15caee9d951,143,43,-200.0,200,0,False,False,True
jev,4,72157fc7b5d8f525f534b5e42530003e30f7103ffec6951f6b71e15caee9d951,144,44,-200.0,200,0,False,False,True
jev,4,72157fc7b5d8f525f534b5e42530003e30f7103ffec6951f6b71e15caee9d951,146,46,-200.0,200,0,False,False,True
jev,4,72157fc7b5d8f525f534b5e42530003e30f7103ffec6951f6b71e15caee9d951,147,47,-200.0,200,0,False,False,True
jev,4,72157fc7b5d8f525f534b5e42530003e30f7103ffec6951f6b71e15caee9d951,148,148,-2000.0,200,200,False,False,True
jev,4,72157fc7b5d8f525f534b5e42530003e30f7103ffec6951f6b71e15caee9d951,149,49,-200.0,200,0,False,False,True
jev,4,72157fc7b5d8f525f534b5e42530003e30f7103ffec6951f6b71e15caee9d951,151,51,-200.0,200,0,False,False,True
jev,4,72157fc7b5d8f525f534b5e42530003e30f7103ffec6951f6b71e15caee9d951,152,52,-200.0,200,0,False,False,True
jev,4,72157fc7b5d8f525f534b5e42530003e30f7103ffec6951f6b71e15caee9d951,153,53,-200.0,200,0,False,False,True
jev,4,72157fc7b5d8f525f534b5e42530003e30f7103ffec6951f6b71e15caee9d951,154,54,-200.0,200,0,False,False,True
jev,4,72157fc7b5d8f525f534b5e42530003e30f7103ffec6951f6b71e15caee9d951,161,41,-200.0,200,0,False,False,True
jev,4,72157fc7b5d8f525f534b5e42530003e30f7103ffec6951f6b71e15caee9d951,162,42,-200.0,200,0,False,False,True
jev,4,72157fc7b5d8f525f534b5e42530003e30f7103ffec6951f6b71e15caee9d951,163,63,-200.0,200,0,False,False,True
jev,4,72157fc7b5d8f525f534b5e42530003e30f7103ffec6951f6b71e15caee9d951,164,44,-200.0,200,0,False,False,True
jev,4,72157fc7b5d8f525f534b5e42530003e30f7103ffec6951f6b71e15caee9d951,166,46,-200.0,200,0,False,False,True
jev,4,72157fc7b5d8f525f534b5e42530003e30f7103ffec6951f6b71e15caee9d951,167,67,-200.0,200,0,False,False,True
jev,4,72157fc7b5d8f525f534b5e42530003e30f7103ffec6951f6b71e15caee9d951,168,168,-2000.0,200,200,False,False,True
jev,4,72157fc7b5d8f525f534b5e42530003e30f7103ffec6951f6b71e15caee9d951,169,49,-200.0,200,0,False,False,True
jev,4,72157fc7b5d8f525f534b5e42530003e30f7103ffec6951f6b71e15caee9d951,171,171,-2000.0,200,200,False,False,True
jev,4,72157fc7b5d8f525f534b5e42530003e30f7103ffec6951f6b71e15caee9d951,172,172,-2000.0,200,200,False,False,True
jev,4,72157fc7b5d8f525f534b5e42530003e30f7103ffec6951f6b71e15caee9d951,173,73,-200.0,200,0,False,False,True
jev,4,72157fc7b5d8f525f534b5e42530003e30f7103ffec6951f6b71e15caee9d951,174,54,-200.0,200,0,False,False,True
jev,4,72157fc7b5d8f525f534b5e42530003e30f7103ffec6951f6b71e15caee9d951,181,81,-200.0,200,0,False,False,True
jev,4,72157fc7b5d8f525f534b5e42530003e30f7103ffec6951f6b71e15caee9d951,182,82,-200.0,200,0,False,False,True
jev,4,72157fc7b5d8f525f534b5e42530003e30f7103ffec6951f6b71e15caee9d951,183,83,-200.0,200,0,False,False,True
jev,4,72157fc7b5d8f525f534b5e42530003e30f7103ffec6951f6b71e15caee9d951,184,84,-200.0,200,0,False,False,True
jev,4,72157fc7b5d8f525f534b5e42530003e30f7103ffec6951f6b71e15caee9d951,186,86,-200.0,200,0,False,False,True
jev,4,72157fc7b5d8f525f534b5e42530003e30f7103ffec6951f6b71e15caee9d951,187,87,-200.0,200,0,False,False,True
jev,4,72157fc7b5d8f525f534b5e42530003e30f7103ffec6951f6b71e15caee9d951,188,188,-2000.0,200,200,False,False,True
jev,4,72157fc7b5d8f525f534b5e42530003e30f7103ffec6951f6b71e15caee9d951,189,89,-200.0,200,0,False,False,True
jev,4,72157fc7b5d8f525f534b5e42530003e30f7103ffec6951f6b71e15caee9d951,191,91,-200.0,200,0,False,False,True
jev,4,72157fc7b5d8f525f534b5e42530003e30f7103ffec6951f6b71e15caee9d951,192,92,-200.0,200,0,False,False,True
jev,4,72157fc7b5d8f525f534b5e42530003e30f7103ffec6951f6b71e15caee9d951,193,93,-200.0,200,0,False,False,True
jev,4,72157fc7b5d8f525f534b5e42530003e30f7103ffec6951f6b71e15caee9d951,194,94,-200.0,200,0,False,False,True
jev,4,72157fc7b5d8f525f534b5e42530003e30f7103ffec6951f6b71e15caee9d951,201,1,-200.0,200,0,False,False,True
jev,4,72157fc7b5d8f525f534b5e42530003e30f7103ffec6951f6b71e15caee9d951,202,2,-200.0,200,0,False,False,True
jev,4,72157fc7b5d8f525f534b5e42530003e30f7103ffec6951f6b71e15caee9d951,203,3,-200.0,200,0,False,False,True
jev,4,72157fc7b5d8f525f534b5e42530003e30f7103ffec6951f6b71e15caee9d951,204,204,-200.0,200,0,False,False,True
jev,4,72157fc7b5d8f525f534b5e42530003e30f7103ffec6951f6b71e15caee9d951,206,206,-200.0,200,0,False,False,True
jev,4,72157fc7b5d8f525f534b5e42530003e30f7103ffec6951f6b71e15caee9d951,207,7,-200.0,200,0,False,False,True
jev,4,72157fc7b5d8f525f534b5e42530003e30f7103ffec6951f6b71e15caee9d951,208,208,-2000.0,200,200,False,False,True
jev,4,72157fc7b5d8f525f534b5e42530003e30f7103ffec6951f6b71e15caee9d951,209,209,-200.0,200,0,False,False,True
jev,4,72157fc7b5d8f525f534b5e42530003e30f7103ffec6951f6b71e15caee9d951,211,11,-200.0,200,0,False,False,True
jev,4,72157fc7b5d8f525f534b5e42530003e30f7103ffec6951f6b71e15caee9d951,212,212,-2000.0,200,200,False,False,True
jev,4,72157fc7b5d8f525f534b5e42530003e30f7103ffec6951f6b71e15caee9d951,213,13,-200.0,200,0,False,False,True
jev,4,72157fc7b5d8f525f534b5e42530003e30f7103ffec6951f6b71e15caee9d951,214,14,-200.0,200,0,False,False,True
jev,4,72157fc7b5d8f525f534b5e42530003e30f7103ffec6951f6b71e15caee9d951,221,21,-200.0,200,0,False,False,True
jev,4,72157fc7b5d8f525f534b5e42530003e30f7103ffec6951f6b71e15caee9d951,222,22,-200.0,200,0,False,False,True
jev,4,72157fc7b5d8f525f534b5e42530003e30f7103ffec6951f6b71e15caee9d951,223,23,-200.0,200,0,False,False,True
jev,4,72157fc7b5d8f525f534b5e42530003e30f7103ffec6951f6b71e15caee9d951,224,224,-2000.0,200,200,False,False,True
jev,4,72157fc7b5d8f525f534b5e42530003e30f7103ffec6951f6b71e15caee9d951,226,26,-200.0,200,0,False,False,True
jev,4,72157fc7b5d8f525f534b5e42530003e30f7103ffec6951f6b71e15caee9d951,227,27,-200.0,200,0,False,False,True
jev,4,72157fc7b5d8f525f534b5e42530003e30f7103ffec6951f6b71e15caee9d951,228,228,-2000.0,200,200,False,False,True
jev,4,72157fc7b5d8f525f534b5e42530003e30f7103ffec6951f6b71e15caee9d951,229,229,-2000.0,200,200,False,False,True
jev,4,72157fc7b5d8f525f534b5e42530003e30f7103ffec6951f6b71e15caee9d951,231,231,-2000.0,200,200,False,False,True
jev,4,72157fc7b5d8f525f534b5e42530003e30f7103ffec6951f6b71e15caee9d951,232,232,-2000.0,200,200,False,False,True
jev,4,72157fc7b5d8f525f534b5e42530003e30f7103ffec6951f6b71e15caee9d951,233,33,-200.0,200,0,False,False,True
jev,4,72157fc7b5d8f525f534b5e42530003e30f7103ffec6951f6b71e15caee9d951,234,34,-200.0,200,0,False,False,True
jev,4,72157fc7b5d8f525f534b5e42530003e30f7103ffec6951f6b71e15caee9d951,241,41,-200.0,200,0,False,False,True
jev,4,72157fc7b5d8f525f534b5e42530003e30f7103ffec6951f6b71e15caee9d951,242,42,-200.0,200,0,False,False,True
jev,4,72157fc7b5d8f525f534b5e42530003e30f7103ffec6951f6b71e15caee9d951,243,43,-200.0,200,0,False,False,True
jev,4,72157fc7b5d8f525f534b5e42530003e30f7103ffec6951f6b71e15caee9d951,244,244,-200.0,200,0,False,False,True
jev,4,72157fc7b5d8f525f534b5e42530003e30f7103ffec6951f6b71e15caee9d951,246,46,-200.0,200,0,False,False,True
jev,4,72157fc7b5d8f525f534b5e42530003e30f7103ffec6951f6b71e15caee9d951,247,47,-200.0,200,0,False,False,True
jev,4,72157fc7b5d8f525f534b5e42530003e30f7103ffec6951f6b71e15caee9d951,248,248,-2000.0,200,200,False,False,True
jev,4,72157fc7b5d8f525f534b5e42530003e30f7103ffec6951f6b71e15caee9d951,249,249,-200.0,200,0,False,False,True
jev,4,72157fc7b5d8f525f534b5e42530003e30f7103ffec6951f6b71e15caee9d951,251,51,-200.0,200,0,False,False,True
jev,4,72157fc7b5d8f525f534b5e42530003e30f7103ffec6951f6b71e15caee9d951,252,252,-200.0,200,0,False,False,True
jev,4,72157fc7b5d8f525f534b5e42530003e30f7103ffec6951f6b71e15caee9d951,253,53,-200.0,200,0,False,False,True
jev,4,72157fc7b5d8f525f534b5e42530003e30f7103ffec6951f6b71e15caee9d951,254,54,-200.0,200,0,False,False,True
jev,4,72157fc7b5d8f525f534b5e42530003e30f7103ffec6951f6b71e15caee9d951,261,41,-200.0,200,0,False,False,True
jev,4,72157fc7b5d8f525f534b5e42530003e30f7103ffec6951f6b71e15caee9d951,262,42,-200.0,200,0,False,False,True
jev,4,72157fc7b5d8f525f534b5e42530003e30f7103ffec6951f6b71e15caee9d951,263,63,-200.0,200,0,False,False,True
jev,4,72157fc7b5d8f525f534b5e42530003e30f7103ffec6951f6b71e15caee9d951,264,344,-200.0,200,0,False,False,True
jev,4,72157fc7b5d8f525f534b5e42530003e30f7103ffec6951f6b71e15caee9d951,266,46,-200.0,200,0,False,False,True
jev,4,72157fc7b5d8f525f534b5e42530003e30f7103ffec6951f6b71e15caee9d951,267,67,-200.0,200,0,False,False,True
jev,4,72157fc7b5d8f525f534b5e42530003e30f7103ffec6951f6b71e15caee9d951,268,268,-2000.0,200,200,False,False,True
jev,4,72157fc7b5d8f525f534b5e42530003e30f7103ffec6951f6b71e15caee9d951,269,349,-200.0,200,0,False,False,True
jev,4,72157fc7b5d8f525f534b5e42530003e30f7103ffec6951f6b71e15caee9d951,271,271,-2000.0,200,200,False,False,True
jev,4,72157fc7b5d8f525f534b5e42530003e30f7103ffec6951f6b71e15caee9d951,272,352,-200.0,200,0,False,False,True
jev,4,72157fc7b5d8f525f534b5e42530003e30f7103ffec6951f6b71e15caee9d951,273,273,-200.0,200,0,False,False,True
jev,4,72157fc7b5d8f525f534b5e42530003e30f7103ffec6951f6b71e15caee9d951,274,54,-200.0,200,0,False,False,True
jev,4,72157fc7b5d8f525f534b5e42530003e30f7103ffec6951f6b71e15caee9d951,281,81,-200.0,200,0,False,False,True
jev,4,72157fc7b5d8f525f534b5e42530003e30f7103ffec6951f6b71e15caee9d951,282,82,-200.0,200,0,False,False,True
jev,4,72157fc7b5d8f525f534b5e42530003e30f7103ffec6951f6b71e15caee9d951,283,83,-200.0,200,0,False,False,True
jev,4,72157fc7b5d8f525f534b5e42530003e30f7103ffec6951f6b71e15caee9d951,284,244,-200.0,200,0,False,False,True
jev,4,72157fc7b5d8f525f534b5e42530003e30f7103ffec6951f6b71e15caee9d951,286,86,-200.0,200,0,False,False,True
jev,4,72157fc7b5d8f525f534b5e42530003e30f7103ffec6951f6b71e15caee9d951,287,87,-200.0,200,0,False,False,True
jev,4,72157fc7b5d8f525f534b5e42530003e30f7103ffec6951f6b71e15caee9d951,288,288,-2000.0,200,200,False,False,True
jev,4,72157fc7b5d8f525f534b5e42530003e30f7103ffec6951f6b71e15caee9d951,289,89,-200.0,200,0,False,False,True
jev,4,72157fc7b5d8f525f534b5e42530003e30f7103ffec6951f6b71e15caee9d951,291,91,-200.0,200,0,False,False,True
jev,4,72157fc7b5d8f525f534b5e42530003e30f7103ffec6951f6b71e15caee9d951,292,292,-200.0,200,0,False,False,True
jev,4,72157fc7b5d8f525f534b5e42530003e30f7103ffec6951f6b71e15caee9d951,293,93,-200.0,200,0,False,False,True
jev,4,72157fc7b5d8f525f534b5e42530003e30f7103ffec6951f6b71e15caee9d951,294,94,-200.0,200,0,False,False,True
jev,4,72157fc7b5d8f525f534b5e42530003e30f7103ffec6951f6b71e15caee9d951,301,1,-200.0,200,0,False,False,True
jev,4,72157fc7b5d8f525f534b5e42530003e30f7103ffec6951f6b71e15caee9d951,302,2,-200.0,200,0,False,False,True
jev,4,72157fc7b5d8f525f534b5e42530003e30f7103ffec6951f6b71e15caee9d951,303,3,-200.0,200,0,False,False,True
jev,4,72157fc7b5d8f525f534b5e42530003e30f7103ffec6951f6b71e15caee9d951,304,304,-200.0,200,0,False,False,True
jev,4,72157fc7b5d8f525f534b5e42530003e30f7103ffec6951f6b71e15caee9d951,306,206,-200.0,200,0,False,False,True
jev,4,72157fc7b5d8f525f534b5e42530003e30f7103ffec6951f6b71e15caee9d951,307,7,-200.0,200,0,False,False,True
jev,4,72157fc7b5d8f525f534b5e42530003e30f7103ffec6951f6b71e15caee9d951,308,308,-2000.0,200,200,False,False,True
jev,4,72157fc7b5d8f525f534b5e42530003e30f7103ffec6951f6b71e15caee9d951,309,309,-200.0,200,0,False,False,True
jev,4,72157fc7b5d8f525f534b5e42530003e30f7103ffec6951f6b71e15caee9d951,311,11,-200.0,200,0,False,False,True
jev,4,72157fc7b5d8f525f534b5e42530003e30f7103ffec6951f6b71e15caee9d951,312,212,-1991.0,200,199,False,False,True
jev,4,72157fc7b5d8f525f534b5e42530003e30f7103ffec6951f6b71e15caee9d951,313,13,-200.0,200,0,False,False,True
jev,4,72157fc7b5d8f525f534b5e42530003e30f7103ffec6951f6b71e15caee9d951,314,14,-200.0,200,0,False,False,True
jev,4,72157fc7b5d8f525f534b5e42530003e30f7103ffec6951f6b71e15caee9d951,321,21,-200.0,200,0,False,False,True
jev,4,72157fc7b5d8f525f534b5e42530003e30f7103ffec6951f6b71e15caee9d951,322,22,-200.0,200,0,False,False,True
jev,4,72157fc7b5d8f525f534b5e42530003e30f7103ffec6951f6b71e15caee9d951,323,23,-200.0,200,0,False,False,True
jev,4,72157fc7b5d8f525f534b5e42530003e30f7103ffec6951f6b71e15caee9d951,324,224,-1991.0,200,199,False,False,True
jev,4,72157fc7b5d8f525f534b5e42530003e30f7103ffec6951f6b71e15caee9d951,326,26,-200.0,200,0,False,False,True
jev,4,72157fc7b5d8f525f534b5e42530003e30f7103ffec6951f6b71e15caee9d951,327,27,-200.0,200,0,False,False,True
jev,4,72157fc7b5d8f525f534b5e42530003e30f7103ffec6951f6b71e15caee9d951,328,328,-2000.0,200,200,False,False,True
jev,4,72157fc7b5d8f525f534b5e42530003e30f7103ffec6951f6b71e15caee9d951,329,229,-1991.0,200,199,False,False,True
jev,4,72157fc7b5d8f525f534b5e42530003e30f7103ffec6951f6b71e15caee9d951,331,231,-1991.0,200,199,False,False,True
jev,4,72157fc7b5d8f525f534b5e42530003e30f7103ffec6951f6b71e15caee9d951,332,232,-1991.0,200,199,False,False,True
jev,4,72157fc7b5d8f525f534b5e42530003e30f7103ffec6951f6b71e15caee9d951,333,33,-200.0,200,0,False,False,True
jev,4,72157fc7b5d8f525f534b5e42530003e30f7103ffec6951f6b71e15caee9d951,334,34,-200.0,200,0,False,False,True
jev,4,72157fc7b5d8f525f534b5e42530003e30f7103ffec6951f6b71e15caee9d951,341,41,-200.0,200,0,False,False,True
jev,4,72157fc7b5d8f525f534b5e42530003e30f7103ffec6951f6b71e15caee9d951,342,42,-200.0,200,0,False,False,True
jev,4,72157fc7b5d8f525f534b5e42530003e30f7103ffec6951f6b71e15caee9d951,343,43,-200.0,200,0,False,False,True
jev,4,72157fc7b5d8f525f534b5e42530003e30f7103ffec6951f6b71e15caee9d951,344,344,-200.0,200,0,False,False,True
jev,4,72157fc7b5d8f525f534b5e42530003e30f7103ffec6951f6b71e15caee9d951,346,46,-200.0,200,0,False,False,True
jev,4,72157fc7b5d8f525f534b5e42530003e30f7103ffec6951f6b71e15caee9d951,347,47,-200.0,200,0,False,False,True
jev,4,72157fc7b5d8f525f534b5e42530003e30f7103ffec6951f6b71e15caee9d951,348,248,-1991.0,200,199,False,False,True
jev,4,72157fc7b5d8f525f534b5e42530003e30f7103ffec6951f6b71e15caee9d951,349,349,-200.0,200,0,False,False,True
jev,4,72157fc7b5d8f525f534b5e42530003e30f7103ffec6951f6b71e15caee9d951,351,51,-200.0,200,0,False,False,True
jev,4,72157fc7b5d8f525f534b5e42530003e30f7103ffec6951f6b71e15caee9d951,352,352,-200.0,200,0,False,False,True
jev,4,72157fc7b5d8f525f534b5e42530003e30f7103ffec6951f6b71e15caee9d951,353,53,-200.0,200,0,False,False,True
jev,4,72157fc7b5d8f525f534b5e42530003e30f7103ffec6951f6b71e15caee9d951,354,54,-200.0,200,0,False,False,True
jev,4,72157fc7b5d8f525f534b5e42530003e30f7103ffec6951f6b71e15caee9d951,361,41,-200.0,200,0,False,False,True
jev,4,72157fc7b5d8f525f534b5e42530003e30f7103ffec6951f6b71e15caee9d951,362,42,-200.0,200,0,False,False,True
jev,4,72157fc7b5d8f525f534b5e42530003e30f7103ffec6951f6b71e15caee9d951,363,63,-200.0,200,0,False,False,True
jev,4,72157fc7b5d8f525f534b5e42530003e30f7103ffec6951f6b71e15caee9d951,364,244,-200.0,200,0,False,False,True
jev,4,72157fc7b5d8f525f534b5e42530003e30f7103ffec6951f6b71e15caee9d951,366,366,-200.0,200,0,False,False,True
jev,4,72157fc7b5d8f525f534b5e42530003e30f7103ffec6951f6b71e15caee9d951,367,67,-200.0,200,0,False,False,True
jev,4,72157fc7b5d8f525f534b5e42530003e30f7103ffec6951f6b71e15caee9d951,368,288,-1982.0,200,198,False,False,True
jev,4,72157fc7b5d8f525f534b5e42530003e30f7103ffec6951f6b71e15caee9d951,369,249,-200.0,200,0,False,False,True
jev,4,72157fc7b5d8f525f534b5e42530003e30f7103ffec6951f6b71e15caee9d951,371,271,-1991.0,200,199,False,False,True
jev,4,72157fc7b5d8f525f534b5e42530003e30f7103ffec6951f6b71e15caee9d951,372,292,-200.0,200,0,False,False,True
jev,4,72157fc7b5d8f525f534b5e42530003e30f7103ffec6951f6b71e15caee9d951,373,373,-200.0,200,0,False,False,True
jev,4,72157fc7b5d8f525f534b5e42530003e30f7103ffec6951f6b71e15caee9d951,374,54,-200.0,200,0,False,False,True
jev,4,72157fc7b5d8f525f534b5e42530003e30f7103ffec6951f6b71e15caee9d951,381,81,-200.0,200,0,False,False,True
jev,4,72157fc7b5d8f525f534b5e42530003e30f7103ffec6951f6b71e15caee9d951,382,82,-200.0,200,0,False,False,True
jev,4,72157fc7b5d8f525f534b5e42530003e30f7103ffec6951f6b71e15caee9d951,383,83,-200.0,200,0,False,False,True
jev,4,72157fc7b5d8f525f534b5e42530003e30f7103ffec6951f6b71e15caee9d951,384,344,-200.0,200,0,False,False,True
jev,4,72157fc7b5d8f525f534b5e42530003e30f7103ffec6951f6b71e15caee9d951,386,86,-200.0,200,0,False,False,True
jev,4,72157fc7b5d8f525f534b5e42530003e30f7103ffec6951f6b71e15caee9d951,387,87,-200.0,200,0,False,False,True
jev,4,72157fc7b5d8f525f534b5e42530003e30f7103ffec6951f6b71e15caee9d951,388,288,-1991.0,200,199,False,False,True
jev,4,72157fc7b5d8f525f534b5e42530003e30f7103ffec6951f6b71e15caee9d951,389,89,-200.0,200,0,False,False,True
jev,4,72157fc7b5d8f525f534b5e42530003e30f7103ffec6951f6b71e15caee9d951,391,91,-200.0,200,0,False,False,True
jev,4,72157fc7b5d8f525f534b5e42530003e30f7103ffec6951f6b71e15caee9d951,392,392,-200.0,200,0,False,False,True
jev,4,72157fc7b5d8f525f534b5e42530003e30f7103ffec6951f6b71e15caee9d951,393,93,-200.0,200,0,False,False,True
jev,4,72157fc7b5d8f525f534b5e42530003e30f7103ffec6951f6b71e15caee9d951,394,94,-200.0,200,0,False,False,True
jev,4,72157fc7b5d8f525f534b5e42530003e30f7103ffec6951f6b71e15caee9d951,401,1,-200.0,200,0,False,False,True
jev,4,72157fc7b5d8f525f534b5e42530003e30f7103ffec6951f6b71e15caee9d951,402,2,-200.0,200,0,False,False,True
jev,4,72157fc7b5d8f525f534b5e42530003e30f7103ffec6951f6b71e15caee9d951,403,3,-200.0,200,0,False,False,True
jev,4,72157fc7b5d8f525f534b5e42530003e30f7103ffec6951f6b71e15caee9d951,404,404,-200.0,200,0,False,False,True
jev,4,72157fc7b5d8f525f534b5e42530003e30f7103ffec6951f6b71e15caee9d951,406,406,-200.0,200,0,False,False,True
jev,4,72157fc7b5d8f525f534b5e42530003e30f7103ffec6951f6b71e15caee9d951,407,7,-200.0,200,0,False,False,True
jev,4,72157fc7b5d8f525f534b5e42530003e30f7103ffec6951f6b71e15caee9d951,408,408,-200.0,200,0,False,False,True
jev,4,72157fc7b5d8f525f534b5e42530003e30f7103ffec6951f6b71e15caee9d951,409,409,-200.0,200,0,False,False,True
jev,4,72157fc7b5d8f525f534b5e42530003e30f7103ffec6951f6b71e15caee9d951,411,411,-200.0,200,0,False,False,True
jev,4,72157fc7b5d8f525f534b5e42530003e30f7103ffec6951f6b71e15caee9d951,412,412,-200.0,200,0,False,False,True
jev,4,72157fc7b5d8f525f534b5e42530003e30f7103ffec6951f6b71e15caee9d951,413,413,-200.0,200,0,False,False,True
jev,4,72157fc7b5d8f525f534b5e42530003e30f7103ffec6951f6b71e15caee9d951,414,14,-200.0,200,0,False,False,True
jev,4,72157fc7b5d8f525f534b5e42530003e30f7103ffec6951f6b71e15caee9d951,421,21,-200.0,200,0,False,False,True
jev,4,72157fc7b5d8f525f534b5e42530003e30f7103ffec6951f6b71e15caee9d951,422,22,-200.0,200,0,False,False,True
jev,4,72157fc7b5d8f525f534b5e42530003e30f7103ffec6951f6b71e15caee9d951,423,23,-200.0,200,0,False,False,True
jev,4,72157fc7b5d8f525f534b5e42530003e30f7103ffec6951f6b71e15caee9d951,424,424,-200.0,200,0,False,False,True
jev,4,72157fc7b5d8f525f534b5e42530003e30f7103ffec6951f6b71e15caee9d951,426,26,-200.0,200,0,False,False,True
jev,4,72157fc7b5d8f525f534b5e42530003e30f7103ffec6951f6b71e15caee9d951,427,27,-200.0,200,0,False,False,True
jev,4,72157fc7b5d8f525f534b5e42530003e30f7103ffec6951f6b71e15caee9d951,428,428,-2000.0,200,200,False,False,True
jev,4,72157fc7b5d8f525f534b5e42530003e30f7103ffec6951f6b71e15caee9d951,429,429,-200.0,200,0,False,False,True
jev,4,72157fc7b5d8f525f534b5e42530003e30f7103ffec6951f6b71e15caee9d951,431,431,-2000.0,200,200,False,False,True
jev,4,72157fc7b5d8f525f534b5e42530003e30f7103ffec6951f6b71e15caee9d951,432,432,-2000.0,200,200,False,False,True
jev,4,72157fc7b5d8f525f534b5e42530003e30f7103ffec6951f6b71e15caee9d951,433,33,-200.0,200,0,False,False,True
jev,4,72157fc7b5d8f525f534b5e42530003e30f7103ffec6951f6b71e15caee9d951,434,34,-200.0,200,0,False,False,True
jev,4,72157fc7b5d8f525f534b5e42530003e30f7103ffec6951f6b71e15caee9d951,441,441,-200.0,200,0,False,False,True
jev,4,72157fc7b5d8f525f534b5e42530003e30f7103ffec6951f6b71e15caee9d951,442,42,-200.0,200,0,False,False,True
jev,4,72157fc7b5d8f525f534b5e42530003e30f7103ffec6951f6b71e15caee9d951,443,43,-200.0,200,0,False,False,True
jev,4,72157fc7b5d8f525f534b5e42530003e30f7103ffec6951f6b71e15caee9d951,444,444,-200.0,200,0,False,False,True
jev,4,72157fc7b5d8f525f534b5e42530003e30f7103ffec6951f6b71e15caee9d951,446,446,-200.0,200,0,False,False,True
jev,4,72157fc7b5d8f525f534b5e42530003e30f7103ffec6951f6b71e15caee9d951,447,47,-200.0,200,0,False,False,True
jev,4,72157fc7b5d8f525f534b5e42530003e30f7103ffec6951f6b71e15caee9d951,448,448,-200.0,200,0,False,False,True
jev,4,72157fc7b5d8f525f534b5e42530003e30f7103ffec6951f6b71e15caee9d951,449,449,-200.0,200,0,False,False,True
jev,4,72157fc7b5d8f525f534b5e42530003e30f7103ffec6951f6b71e15caee9d951,451,451,-200.0,200,0,False,False,True
jev,4,72157fc7b5d8f525f534b5e42530003e30f7103ffec6951f6b71e15caee9d951,452,452,-200.0,200,0,False,False,True
jev,4,72157fc7b5d8f525f534b5e42530003e30f7103ffec6951f6b71e15caee9d951,453,453,-200.0,200,0,False,False,True
jev,4,72157fc7b5d8f525f534b5e42530003e30f7103ffec6951f6b71e15caee9d951,454,54,-200.0,200,0,False,False,True
jev,4,72157fc7b5d8f525f534b5e42530003e30f7103ffec6951f6b71e15caee9d951,461,461,-200.0,200,0,False,False,True
jev,4,72157fc7b5d8f525f534b5e42530003e30f7103ffec6951f6b71e15caee9d951,462,462,-200.0,200,0,False,False,True
jev,4,72157fc7b5d8f525f534b5e42530003e30f7103ffec6951f6b71e15caee9d951,463,63,-200.0,200,0,False,False,True
jev,4,72157fc7b5d8f525f534b5e42530003e30f7103ffec6951f6b71e15caee9d951,464,464,-200.0,200,0,False,False,True
jev,4,72157fc7b5d8f525f534b5e42530003e30f7103ffec6951f6b71e15caee9d951,466,466,-200.0,200,0,False,False,True
jev,4,72157fc7b5d8f525f534b5e42530003e30f7103ffec6951f6b71e15caee9d951,467,467,-200.0,200,0,False,False,True
jev,4,72157fc7b5d8f525f534b5e42530003e30f7103ffec6951f6b71e15caee9d951,468,468,-200.0,200,0,False,False,True
jev,4,72157fc7b5d8f525f534b5e42530003e30f7103ffec6951f6b71e15caee9d951,469,469,-200.0,200,0,False,False,True
jev,4,72157fc7b5d8f525f534b5e42530003e30f7103ffec6951f6b71e15caee9d951,471,471,-200.0,200,0,False,False,True
jev,4,72157fc7b5d8f525f534b5e42530003e30f7103ffec6951f6b71e15caee9d951,472,472,-200.0,200,0,False,False,True
jev,4,72157fc7b5d8f525f534b5e42530003e30f7103ffec6951f6b71e15caee9d951,473,473,-200.0,200,0,False,False,True
jev,4,72157fc7b5d8f525f534b5e42530003e30f7103ffec6951f6b71e15caee9d951,474,478,-1991.0,200,199,False,False,True
jev,4,72157fc7b5d8f525f534b5e42530003e30f7103ffec6951f6b71e15caee9d951,481,81,-200.0,200,0,False,False,True
jev,4,72157fc7b5d8f525f534b5e42530003e30f7103ffec6951f6b71e15caee9d951,482,82,-200.0,200,0,False,False,True
jev,4,72157fc7b5d8f525f534b5e42530003e30f7103ffec6951f6b71e15caee9d951,483,83,-200.0,200,0,False,False,True
jev,4,72157fc7b5d8f525f534b5e42530003e30f7103ffec6951f6b71e15caee9d951,484,484,-200.0,200,0,False,False,True
jev,4,72157fc7b5d8f525f534b5e42530003e30f7103ffec6951f6b71e15caee9d951,486,86,-200.0,200,0,False,False,True
jev,4,72157fc7b5d8f525f534b5e42530003e30f7103ffec6951f6b71e15caee9d951,487,87,-200.0,200,0,False,False,True
jev,4,72157fc7b5d8f525f534b5e42530003e30f7103ffec6951f6b71e15caee9d951,488,488,-200.0,200,0,False,False,True
jev,4,72157fc7b5d8f525f534b5e42530003e30f7103ffec6951f6b71e15caee9d951,489,489,-200.0,200,0,False,False,True
jev,4,72157fc7b5d8f525f534b5e42530003e30f7103ffec6951f6b71e15caee9d951,491,91,-200.0,200,0,False,False,True
jev,4,72157fc7b5d8f525f534b5e42530003e30f7103ffec6951f6b71e15caee9d951,492,492,-200.0,200,0,False,False,True
jev,4,72157fc7b5d8f525f534b5e42530003e30f7103ffec6951f6b71e15caee9d951,493,493,-200.0,200,0,False,False,True
jev,4,72157fc7b5d8f525f534b5e42530003e30f7103ffec6951f6b71e15caee9d951,494,94,-200.0,200,0,False,False,True
